标准号,标题,主题,格式,相对路径
AQ-2048,AQ-2048-2012,其他/通用,.pdf,新法规\AQ-2048-2012.pdf
AQ-2048,AQ-2048-2012,其他/通用,.rar,新法规\AQ-2048-2012.rar
AQ-2048,AQ-2048-2012煤气安全隔断技术规范,其他/通用,.pdf,新标准\AQ-2048-2012煤气安全隔断技术规范.pdf
AQ-7011,AQ-7011-2018-高温熔融金属吊运安全规程,其他/通用,.pdf,新文件包\AQ-7011-2018-高温熔融金属吊运安全规程.pdf
AQ-7011,AQ-7011-2018-高温熔融金属吊运安全规程,其他/通用,.pdf,法律标准\标准\新建文件夹2\AQ-7011-2018-高温熔融金属吊运安全规程.pdf
AQ2023,AQ 2023-2025 耐火材料生产安全规范,其他/通用,.pdf,安全标准\AQ 2023-2025 耐火材料生产安全规范.pdf
AQ2023,AQ2023—2025 耐火材料生产安全规范 ,其他/通用,.pdf,安全标准\AQ2023—2025 耐火材料生产安全规范 .pdf
AQ2024,AQ 2024—2025 铁合金生产安全规范 ,其他/通用,.pdf,安全标准\AQ 2024—2025 铁合金生产安全规范 .pdf
AQ2025,AQ2025—2025 烧结球团安全规范 ,其他/通用,.pdf,安全标准\AQ2025—2025 烧结球团安全规范 .pdf
AQ2047,AQ 2047-2012 水泥工厂筒型储运库人工清库安全规程,其他/通用,.docx,111111\新建文件夹 (2)(1)\新建文件夹 (2)\AQ 2047-2012 水泥工厂筒型储运库人工清库安全规程.docx
AQ2047,AQ 2047-2012 水泥工厂筒型储运库人工清库安全规程,其他/通用,.pdf,水泥\AQ 2047-2012 水泥工厂筒型储运库人工清库安全规程.pdf
AQ2048,AQ 2048-2012 煤气隔断装置安全技术规范,其他/通用,.pdf,法律标准\标准\燃气\煤气\AQ 2048-2012 煤气隔断装置安全技术规范.pdf
AQ3026,AQ 3026-2026 化工企业设备检修作业安全规范,其他/通用,.docx,安全标准\AQ 3026-2026 化工企业设备检修作业安全规范.docx
AQ3026,AQ 3026-2026 化工企业设备检修作业安全规范,其他/通用,.pdf,安全标准\AQ 3026-2026 化工企业设备检修作业安全规范.pdf
AQ3037,AQ 3037-2010 硫酸生产企业安全生产标准化实施指南,其他/通用,.rar,111111\AQ 3037-2010 硫酸生产企业安全生产标准化实施指南.rar
AQ3037,AQ 3037-2010 硫酸生产企业安全生产标准化实施指南,其他/通用,.pdf,111111\AQ 3037-2010 硫酸生产企业安全生产标准化实施指南\AQ 3037-2010 硫酸生产企业安全生产标准化实施指南.pdf
AQ3037,AQ3037-2010硫酸生产企业安全生产标准化实施指南,其他/通用,.doc,法律标准\标准\新建文件夹\AQ3037-2010硫酸生产企业安全生产标准化实施指南.doc
AQ3037,AQ3037-2010硫酸生产企业安全生产标准化实施指南,其他/通用,.docx,法律标准\标准\新建文件夹\AQ3037-2010硫酸生产企业安全生产标准化实施指南.docx
AQ3060,AQ 3060-2025 带压密封和带压开孔作业安全管理规范,其他/通用,.pdf,安全标准\AQ 3060-2025 带压密封和带压开孔作业安全管理规范.pdf
AQ3063,AQ 3063-2025 化工企业可燃液体常压储罐区安全管理规范,其他/通用,.pdf,安全标准\AQ 3063-2025 化工企业可燃液体常压储罐区安全管理规范.pdf
AQ3065,AQ 3065-2025 多晶硅安全生产规范,其他/通用,.pdf,安全标准\AQ 3065-2025 多晶硅安全生产规范.pdf
AQ4209,AQ 4209-2010 城镇污水处理厂防毒技术规范,其他/通用,.pdf,法律标准\标准\污水\AQ 4209-2010 城镇污水处理厂防毒技术规范.pdf
AQ4209,AQ 4209-2010 城镇污水处理厂防毒技术规范,其他/通用,.xdf,法律标准\标准\法规标准补充\AQ 4209-2010 城镇污水处理厂防毒技术规范.xdf
AQ4220,AQ 4220-2012 石材加工工艺防尘技术规范,其他/通用,.pdf,法律标准\标准\石材加工\AQ 4220-2012 石材加工工艺防尘技术规范.pdf
AQ4226,AQ 4226-2012 城镇燃气行业防尘防毒技术规范,其他/通用,.pdf,法律标准\标准\燃气\燃气规范\AQ 4226-2012 城镇燃气行业防尘防毒技术规范.pdf
AQ4250,AQ 4250-2015 电镀工艺防尘防毒技术规范,其他/通用,.rar,法律标准\标准\热（电）镀\AQ 4250-2015 电镀工艺防尘防毒技术规范.rar
AQ5201,AQ 5201-2007 涂装工程安全设施验收规范,其他/通用,.rar,111111\AQ 5201-2007 涂装工程安全设施验收规范.rar
AQ5201,AQ 5201-2007 涂装工程安全设施验收规范,其他/通用,.pdf,111111\AQ 5201-2007 涂装工程安全设施验收规范\AQ 5201-2007 涂装工程安全设施验收规范.pdf
AQ5202,AQ 5202-2008 电镀生产安全操作规程,其他/通用,.rar,法律标准\标准\设备设施\涂装作业\AQ 5202-2008 电镀生产安全操作规程.rar
AQ5203,AQ 5203-2008 电镀生产装置安全技术条件,其他/通用,.rar,法律标准\标准\设备设施\涂装作业\AQ 5203-2008 电镀生产装置安全技术条件.rar
AQ5213,AQ 5213—2023 鳞片状锌铝粉防腐涂层涂装作业安全规定,其他/通用,.pdf,安全标准\AQ 5213—2023 鳞片状锌铝粉防腐涂层涂装作业安全规定.pdf
AQ5214,AQ 5214-2013 烘干设备安全性能检测方法,其他/通用,.pdf,新标准\制罐标准\AQ 5214-2013 烘干设备安全性能检测方法.pdf
AQ5215,AQ 5215-2013 喷漆室安全性能检测方法,其他/通用,.pdf,新标准\AQ 5215-2013 喷漆室安全性能检测方法.pdf
AQ5216,AQ 5216-2013 涂料与辅料材料使用安全通则,其他/通用,.rar,新标准\标准\AQ 5216-2013 涂料与辅料材料使用安全通则.rar
AQ5216,AQ 5216-2013 涂料与辅料材料使用安全通则,其他/通用,.doc,法律标准\标准\设备设施\涂装作业\AQ 5216-2013 涂料与辅料材料使用安全通则.doc
AQ5216,AQ 5216-2013 涂料与辅料材料使用安全通则,其他/通用,.docx,法律标准\标准\设备设施\涂装作业\AQ 5216-2013 涂料与辅料材料使用安全通则.docx
AQ6110,AQ 6110-2025 呼吸防护 压缩空气呼吸器安全使用维护技术规范,其他/通用,.pdf,安全标准\AQ 6110-2025 呼吸防护 压缩空气呼吸器安全使用维护技术规范.pdf
AQ6113,AQ 6113—2025 呼吸防护 氧气呼吸器安全使用维护技术规范 ,其他/通用,.pdf,安全标准\AQ 6113—2025 呼吸防护 氧气呼吸器安全使用维护技术规范 .pdf
AQ7006,AQ 7006-2025 白酒生产安全规范,其他/通用,.pdf,安全标准\白酒\AQ 7006-2025 白酒生产安全规范.pdf
AQ7011,AQ7011-2018 《高温熔融金属吊运安全规程》,其他/通用,.pdf,111111\AQ7011-2018 《高温熔融金属吊运安全规程》.pdf
AQ7014,AQ 7014-2018 新型干法水泥生产安全规程,其他/通用,.docx,111111\新建文件夹 (2)(1)\新建文件夹 (2)\AQ 7014-2018 新型干法水泥生产安全规程.docx
AQ7014,AQ 7014-2018 新型干法水泥生产安全规程,其他/通用,.pdf,水泥\AQ 7014-2018 新型干法水泥生产安全规程.pdf
AQ7014,AQ 7014-2018 新型干法水泥生产安全规程,其他/通用,.docx,法律标准\标准\水泥\AQ 7014-2018 新型干法水泥生产安全规程.docx
AQ7014,AQ 7014-2018 新型干法水泥生产安全规程,其他/通用,.pdf,法律标准\标准\水泥\AQ 7014-2018 新型干法水泥生产安全规程.pdf
AQ7015,AQ7015-2018氨制冷企业安全规范(正式文本),其他/通用,.docx,法律标准\标准\制冷\AQ7015-2018氨制冷企业安全规范(正式文本).docx
AQ7015,AQ7015-2018氨制冷企业安全规范(正式文本),其他/通用,.pdf,法律标准\标准\制冷\AQ7015-2018氨制冷企业安全规范(正式文本).pdf
AQ7017,AQ 7017-2025 锂离子电池生产安全规范 ,其他/通用,.pdf,安全标准\AQ 7017-2025 锂离子电池生产安全规范 .pdf
AQ7020,AQ 7020—2025 石膏板生产安全规范,其他/通用,.pdf,安全标准\AQ 7020—2025 石膏板生产安全规范.pdf
AQ7021,AQ 7021—2025 印染安全规范 ,其他/通用,.pdf,安全标准\AQ 7021—2025 印染安全规范 .pdf
AQ7022,AQ7022—2025 制浆造纸安全规范 ,其他/通用,.pdf,安全标准\AQ7022—2025 制浆造纸安全规范 .pdf
AQ7024,AQ7024—2025 墙体材料生产安全规范,其他/通用,.pdf,安全标准\AQ7024—2025 墙体材料生产安全规范.pdf
AQ7025,AQ7025—2025 保温材料生产安全规范,其他/通用,.pdf,安全标准\AQ7025—2025 保温材料生产安全规范.pdf
AQ7026,AQ7026—2025 陶瓷纤维及其制品生产安全规范,其他/通用,.pdf,安全标准\AQ7026—2025 陶瓷纤维及其制品生产安全规范.pdf
AQ7027,AQ7027—2025 玻璃纤维生产安全规范2025-12-02 12_48,其他/通用,.pdf,安全标准\AQ7027—2025 玻璃纤维生产安全规范2025-12-02 12_48.pdf
AQ7029,AQ7029—2025 平板玻璃生产安全规范,其他/通用,.pdf,安全标准\AQ7029—2025 平板玻璃生产安全规范.pdf
AQ7030,AQ7030—2025 高温熔融金属及熔渣盛装、运输容器安全要求2025-12-02 12_52,其他/通用,.pdf,安全标准\AQ7030—2025 高温熔融金属及熔渣盛装、运输容器安全要求2025-12-02 12_52.pdf
AQ8011,AQ 8011—2023 安全生产培训机构基本条件 ,其他/通用,.pdf,安全标准\AQ 8011—2023 安全生产培训机构基本条件 .pdf
AQT5209,AQT 5209-2011 涂装作业危险有害因素分类(送审稿),其他/通用,.rar,法律标准\标准\设备设施\涂装作业\AQT 5209-2011 涂装作业危险有害因素分类(送审稿).rar
AQT6110,AQT 6110-2012 工业空气呼吸器安全使用维护管理规范,其他/通用,.pdf,法律标准\标准\设备设施\其他\AQT 6110-2012 工业空气呼吸器安全使用维护管理规范.pdf
AQT9004,AQT 9004-2008  企业安全文化建设导则,其他/通用,.pdf,法律标准\标准\安全管理\AQT 9004-2008  企业安全文化建设导则.pdf
AQ_T3034,AQ_T 3034-2022,其他/通用,.pdf,新标准\标准\AQ_T 3034-2022.pdf
AQ_T7006,AQ_T 7006-2012 白酒企业安全管理规范,其他/通用,.pdf,安全标准\白酒\AQ_T 7006-2012 白酒企业安全管理规范.PDF
AQ_T9004,AQ_T 9004—2025企业安全文化建设指南,其他/通用,.pdf,安全标准\AQ_T 9004—2025企业安全文化建设指南.pdf
CB1,bz_CB1C23615C1B234D20220625_www.bzfxw.com,其他/通用,.pdf,新建文件夹\bz_CB1C23615C1B234D20220625_www.bzfxw.com.pdf
CEC-131.3,T／CEC-131.3—2016-铅酸蓄电池二次利用-第3部分：电池修复技术规范,其他/通用,.pdf,111111\T／CEC-131.3—2016-铅酸蓄电池二次利用-第3部分：电池修复技术规范.pdf
CEC164,T∕CEC 164-2018 火力发电厂智能化技术导则,其他/通用,.pdf,垃圾发电补充2\T∕CEC 164-2018 火力发电厂智能化技术导则.pdf
CEC169,T∕CEC 169-2018 电力储能锂离子电池内短路测试方法,其他/通用,.pdf,锂电池资料\电池\T∕CEC 169-2018 电力储能锂离子电池内短路测试方法.pdf
CEC169,T∕CEC 169-2018 电力储能锂离子电池内短路测试方法,其他/通用,.docx,锂电池资料\电池其他\新建文件夹\T∕CEC 169-2018 电力储能锂离子电池内短路测试方法.docx
CEC170,T∕CEC 170-2018 电力储能用锂离子电池爆炸试验方法,其他/通用,.pdf,锂电池资料\电池\T∕CEC 170-2018 电力储能用锂离子电池爆炸试验方法.pdf
CEC170,T∕CEC 170-2018 电力储能用锂离子电池爆炸试验方法,其他/通用,.docx,锂电池资料\电池其他\新建文件夹\T∕CEC 170-2018 电力储能用锂离子电池爆炸试验方法.docx
CJ-T118,CJ-T 118-2000 生活垃圾焚烧炉,其他/通用,.xdf,法律标准\标准\垃圾\CJ-T 118-2000 生活垃圾焚烧炉.xdf
CJ-T158,CJ-T 158-2002 城市污水处理厂管道和设备色标,其他/通用,.xdf,法律标准\标准\污水\CJ-T 158-2002 城市污水处理厂管道和设备色标.xdf
CJ-T3048,CJ-T 3048-1995 平面格栅除污机,其他/通用,.xdf,法律标准\标准\污水\CJ-T 3048-1995 平面格栅除污机.xdf
CJ-T_275,CJ-T_275-2008_城镇燃气调压箱,其他/通用,.xdf,法律标准\标准\燃气\CJ-T_275-2008_城镇燃气调压箱.xdf
CJ158,CJ 158-2002城市污水处理厂管道和设备色标,其他/通用,.xdf,法律标准\标准\污水\CJ 158-2002城市污水处理厂管道和设备色标.xdf
CJJ109,CJJ 109-2006 生活垃圾转运站运行维护技术规程,其他/通用,.xdf,法律标准\标准\垃圾\CJJ 109-2006 生活垃圾转运站运行维护技术规程.xdf
CJJ128,CJJ 128-2017 生活垃圾焚烧厂运行维护与安全技术标准,其他/通用,.rar,垃圾焚烧\垃圾发电补充1\CJJ 128-2017 生活垃圾焚烧厂运行维护与安全技术标准.rar
CJJ128,CJJ 128-2017 生活垃圾焚烧厂运行维护与安全技术标准,其他/通用,.xdf,法律标准\标准\垃圾\CJJ 128-2017 生活垃圾焚烧厂运行维护与安全技术标准.xdf
CJJ131,CJJ 131-2009 城镇污水处理厂污泥处理技术规程,其他/通用,.pdf,法律标准\标准\污水\CJJ 131-2009 城镇污水处理厂污泥处理技术规程.pdf
CJJ131,CJJ 131-2009 城镇污水处理厂污泥处理技术规程,其他/通用,.xdf,法律标准\标准\污水\CJJ 131-2009 城镇污水处理厂污泥处理技术规程.xdf
CJJ150,CJJ 150-2010 生活垃圾渗滤液处理技术规范,其他/通用,.xdf,法律标准\标准\垃圾\CJJ 150-2010 生活垃圾渗滤液处理技术规范.xdf
CJJ179,CJJ 179-2012 生活垃圾收集站技术规程,其他/通用,.xdf,法律标准\标准\垃圾\CJJ 179-2012 生活垃圾收集站技术规程.xdf
CJJ184,CJJ 184-2012 餐厨垃圾处理技术规范,其他/通用,.xdf,法律标准\标准\垃圾\CJJ 184-2012 餐厨垃圾处理技术规范.xdf
CJJ203,CJJ 203-2013 城镇供热系统抢修技术规程,其他/通用,.rar,111111\CJJ 203-2013 城镇供热系统抢修技术规程.rar
CJJ203,CJJ 203-2013 城镇供热系统抢修技术规程,其他/通用,.pdf,111111\CJJ 203-2013 城镇供热系统抢修技术规程\CJJ 203-2013 城镇供热系统抢修技术规程.pdf
CJJ231,CJJ 231-2015 生活垃圾焚烧厂检修规程,其他/通用,.rar,垃圾焚烧\垃圾发电补充1\CJJ 231-2015 生活垃圾焚烧厂检修规程.rar
CJJ47,CJJ 47-2006 生活垃圾转运站技术规范,其他/通用,.xdf,法律标准\标准\垃圾\CJJ 47-2006 生活垃圾转运站技术规范.xdf
CJJ51,CJJ 51-2016 城镇燃气设施运行、维护和抢修安全技术规程,其他/通用,.pdf,法律标准\标准\燃气\燃气规范\CJJ 51-2016 城镇燃气设施运行、维护和抢修安全技术规程.pdf
CJJ51,CJJ51-2006城镇燃气设施运行维护和抢修安全技术规程——精读,其他/通用,.doc,法律标准\标准\燃气\燃气规范\CJJ51-2006城镇燃气设施运行维护和抢修安全技术规程——精读.doc
CJJ51,CJJ51-2006城镇燃气设施运行维护和抢修安全技术规程——精读,其他/通用,.docx,法律标准\标准\燃气\燃气规范\CJJ51-2006城镇燃气设施运行维护和抢修安全技术规程——精读.docx
CJJ51,CJJ51-2016新旧对比,其他/通用,.docx,法律标准\标准\燃气\燃气规范\CJJ51-2016新旧对比.docx
CJJ51,《城镇燃气设施运行、维护和抢修安全技术规程》(CJJ51-2006),其他/通用,.pdf,法律标准\标准\燃气\燃气规范\《城镇燃气设施运行、维护和抢修安全技术规程》(CJJ51-2006).pdf
CJJ60,CJJ 60-2011 城镇污水处理厂运行、维护及安全技术规程,其他/通用,.pdf,法律标准\标准\污水\CJJ 60-2011 城镇污水处理厂运行、维护及安全技术规程.pdf
CJJ60,CJJ60-2011 城镇污水处理厂运行、维护及安全技术规程,其他/通用,.pdf,法律标准\标准\污水\CJJ60-2011 城镇污水处理厂运行、维护及安全技术规程.pdf
CJJ60,CJJ60-2011 城镇污水处理厂运行、维护及安全技术规程,其他/通用,.xdf,法律标准\标准\法规标准补充\CJJ60-2011 城镇污水处理厂运行、维护及安全技术规程.xdf
CJJ90,CJJ 90-2009 生活垃圾焚烧处理工程技术规范,其他/通用,.rar,垃圾焚烧\垃圾发电补充1\CJJ 90-2009 生活垃圾焚烧处理工程技术规范.rar
CJJ90,CJJ 90-2009 生活垃圾焚烧处理工程技术规范,其他/通用,.xdf,法律标准\标准\垃圾\CJJ 90-2009 生活垃圾焚烧处理工程技术规范.xdf
CJJT-153,城镇燃气标志标准-CJJT-153-2010,其他/通用,.doc,新文件包\补充法规\城镇燃气标志标准-CJJT-153-2010.doc
CJJT-153,城镇燃气标志标准-CJJT-153-2010,其他/通用,.docx,新文件包\补充法规\城镇燃气标志标准-CJJT-153-2010.docx
CJJT130,CJJT 130-2009 燃气工程制图标准,其他/通用,.rar,标准\燃气资料\CJJT 130-2009 燃气工程制图标准.rar
CJJT130,CJJT 130-2009 燃气工程制图标准,其他/通用,.pdf,标准\燃气资料\CJJT 130-2009 燃气工程制图标准\CJJT 130-2009 燃气工程制图标准.pdf
CJJT146,CJJT 146-2011 城镇燃气报警控制系统技术规程,其他/通用,.pdf,新建文件夹\CJJT 146-2011 城镇燃气报警控制系统技术规程.pdf
CJJT146,CJJT 146-2011 城镇燃气报警控制系统技术规程,其他/通用,.pdf,法律标准\标准\燃气\燃气规范\CJJT 146-2011 城镇燃气报警控制系统技术规程.pdf
CJJT153,CJJT 153-2010 城镇燃气标志标准,其他/通用,.rar,垃圾焚烧\CJJT 153-2010 城镇燃气标志标准.rar
CJJT215,CJJT 215-2014 城镇燃气管网泄漏检测技术规程,其他/通用,.pdf,法律标准\标准\燃气\燃气规范\CJJT 215-2014 城镇燃气管网泄漏检测技术规程.pdf
CJJT250,CJJT 250-2016 城镇燃气管道穿跨越工程技术规程,其他/通用,.pdf,法律标准\标准\燃气\燃气规范\CJJT 250-2016 城镇燃气管道穿跨越工程技术规程.pdf
CJJT259,CJJT 259-2016 城镇燃气自动化系统技术规范,其他/通用,.pdf,法律标准\标准\燃气\燃气规范\CJJT 259-2016 城镇燃气自动化系统技术规范.pdf
CJJT270,CJJT 270-2017 生活垃圾焚烧厂标识标志标准,其他/通用,.rar,垃圾焚烧\垃圾发电补充1\CJJT 270-2017 生活垃圾焚烧厂标识标志标准.rar
CJJ_T182,CJJ_T 182-2014 城镇供水与污水处理化验室技术规范,其他/通用,.xdf,法律标准\标准\污水\CJJ_T 182-2014 城镇供水与污水处理化验室技术规范.xdf
CJJ_T270,CJJ_T 270-2017 生活垃圾焚烧厂标识标志标准,其他/通用,.xdf,法律标准\标准\垃圾\CJJ_T 270-2017 生活垃圾焚烧厂标识标志标准.xdf
CJJ_T316,CJJ_T 316-2023 生活垃圾焚烧飞灰固化稳定化处理技术标准,其他/通用,.pdf,垃圾焚烧\垃圾发电补充1\CJJ_T 316-2023 生活垃圾焚烧飞灰固化稳定化处理技术标准.pdf
CJJ_T47,CJJ_T 47-2016生活垃圾转运站技术规范,其他/通用,.xdf,法律标准\标准\垃圾\CJJ_T 47-2016生活垃圾转运站技术规范.xdf
CJJ∕T146,CJJ∕T 146-2011 城镇燃气报警控制系统技术规程(高清版),其他/通用,.xdf,法律标准\标准\安全管理\设计\CJJ∕T 146-2011 城镇燃气报警控制系统技术规程(高清版).xdf
CJJ∕T212,CJJ∕T 212-2015 生活垃圾焚烧厂运行监管标准,其他/通用,.rar,垃圾焚烧\垃圾发电补充1\CJJ∕T 212-2015 生活垃圾焚烧厂运行监管标准.rar
CJJ∕T243,CJJ∕T 243-2016 城镇污水处理厂臭气处理技术规程,其他/通用,.xdf,法律标准\标准\污水\CJJ∕T 243-2016 城镇污水处理厂臭气处理技术规程.xdf
CJT-3030,CJT-3030-1995-炊用燃气大锅灶,其他/通用,.pdf,法律标准\标准\燃气\CJT-3030-1995-炊用燃气大锅灶.pdf
CJT118,CJT 118-2000 生活垃圾焚烧炉,其他/通用,.rar,垃圾焚烧\垃圾发电补充1\CJT 118-2000 生活垃圾焚烧炉.rar
CJT228,CJT 228-2006 燃气采暖热水炉,其他/通用,.pdf,法律标准\标准\燃气\CJT 228-2006 燃气采暖热水炉.pdf
CJT275,CJT 275-2008 城镇燃气调压箱,其他/通用,.pdf,法律标准\标准\压缩天然气\CJT 275-2008 城镇燃气调压箱\CJT 275-2008 城镇燃气调压箱.pdf
CJT275,CJT 275-2008_城镇燃气调压箱,其他/通用,.pdf,法律标准\标准\燃气\CJT 275-2008_城镇燃气调压箱.pdf
CJT28,CJT 28-2013 中餐燃气灶炒菜灶,其他/通用,.pdf,法律标准\标准\燃气\CJT 28-2013 中餐燃气灶炒菜灶.pdf
CJT322,CJT 322-2010 水处理用臭氧发生器,其他/通用,.rar,111111\CJT 322-2010 水处理用臭氧发生器.rar
CJT322,CJT 322-2010 水处理用臭氧发生器,其他/通用,.pdf,111111\CJT 322-2010 水处理用臭氧发生器\CJT 322-2010 水处理用臭氧发生器.pdf
CJT322,CJT 322-2010 水处理用臭氧发生器,其他/通用,.pdf,法律标准\标准\环境保护\CJT 322-2010 水处理用臭氧发生器.pdf
CJT335,CJT 335-2010 城镇燃气切断阀和放散阀,其他/通用,.pdf,新标准\CJT 335-2010 城镇燃气切断阀和放散阀.pdf
CJT338,CJT 338-2010 生活垃圾转运站压缩机,其他/通用,.xdf,法律标准\标准\垃圾\CJT 338-2010 生活垃圾转运站压缩机.xdf
CJT355,CJT 355-2010 小型生活污水处理成套设备,其他/通用,.pdf,法律标准\标准\环境保护\CJT 355-2010 小型生活污水处理成套设备.pdf
CJT392,CJT 392-2012 炊用燃气大锅灶,其他/通用,.pdf,新建文件夹\CJT 392-2012 炊用燃气大锅灶.pdf
CJT447,CJT 447-2014 管道燃气自闭阀,其他/通用,.pdf,新建文件夹\CJT 447-2014 管道燃气自闭阀.pdf
CJT451,CJT 451-2014 商用燃气燃烧器具通用技术条件,其他/通用,.pdf,新建文件夹\CJT 451-2014 商用燃气燃烧器具通用技术条件.pdf
CJT490,CJT 490-2016 燃气用具连接用金属包覆软管,其他/通用,.pdf,新建文件夹\CJT 490-2016 燃气用具连接用金属包覆软管.pdf
CJT498,CJT 498-2016 自动搅匀潜水排污泵,其他/通用,.xdf,法律标准\标准\污水\CJT 498-2016 自动搅匀潜水排污泵.xdf
CJT538,CJT 538-2019 生活垃圾焚烧飞灰稳定化处理设备技术要求,其他/通用,.xdf,法律标准\标准\垃圾\CJT 538-2019 生活垃圾焚烧飞灰稳定化处理设备技术要求.xdf
CJ_T109,CJ_T 109-2007 潜水搅拌机,其他/通用,.xdf,法律标准\标准\污水\CJ_T 109-2007 潜水搅拌机.xdf
CJ_T279,CJ_T 279-2008 生活垃圾渗滤液碟管式反渗透处理设备,其他/通用,.xdf,法律标准\标准\垃圾\CJ_T 279-2008 生活垃圾渗滤液碟管式反渗透处理设备.xdf
CJ_T380,CJ_T 380-2011 污水提升装置技术条件,其他/通用,.xdf,法律标准\标准\污水\CJ_T 380-2011 污水提升装置技术条件.xdf
CJ_T443,CJ_T 443-2014 给水排水用格栅除污机通用技术条件,其他/通用,.xdf,法律标准\标准\污水\CJ_T 443-2014 给水排水用格栅除污机通用技术条件.xdf
CJ_T460,CJ_T 460-2014 垃圾滚筒筛,其他/通用,.xdf,法律标准\标准\垃圾\CJ_T 460-2014 垃圾滚筒筛.xdf
CJ_T472,CJ_T 472-2015 潜水排污泵,其他/通用,.xdf,法律标准\标准\污水\CJ_T 472-2015 潜水排污泵.xdf
CJ_T517,CJ_T 517-2017 生活垃圾渗沥液厌氧反应器,其他/通用,.xdf,法律标准\标准\垃圾\CJ_T 517-2017 生活垃圾渗沥液厌氧反应器.xdf
CJ∕T197,CJ∕T 197-2010 燃气用具连接用不锈钢波纹软管,其他/通用,.pdf,新建文件夹\CJ∕T 197-2010 燃气用具连接用不锈钢波纹软管.pdf
CJ∕T538,CJ∕T 538-2019 生活垃圾焚烧飞灰稳定化处理设备技术要求,其他/通用,.pdf,垃圾焚烧\垃圾发电补充1\CJ∕T 538-2019 生活垃圾焚烧飞灰稳定化处理设备技术要求.pdf
DB-12,DB-12T-724.2-2017-安全生产等级评定技术规范--第2-部分：安全生产通用要求,其他/通用,.pdf,法律标准\法律法规\培训\天津所用法规\天津标准\DB-12T-724.2-2017-安全生产等级评定技术规范--第2-部分：安全生产通用要求.pdf
DB11,DB11 T 1322.2-2017安全生产等级评定技术规范 第2部分：安全生产通用要求,其他/通用,.pdf,法律标准\标准\体育\DB11 T 1322.2-2017安全生产等级评定技术规范 第2部分：安全生产通用要求.pdf
DB11,DB11 T 411.10-2008 体育场馆等级划分及评定 第10部分 体操馆,其他/通用,.pdf,法律标准\标准\体育\DB11 T 411.10-2008 体育场馆等级划分及评定 第10部分 体操馆.pdf
DB11,DB11 T 411.11-2008 体育场馆等级划分及评定 第11部分 散打馆,其他/通用,.pdf,法律标准\标准\体育\DB11 T 411.11-2008 体育场馆等级划分及评定 第11部分 散打馆.pdf
DB11,DB11 T 411.12-2008 体育场馆等级划分及评定 第12部分 柔道馆,其他/通用,.pdf,法律标准\标准\体育\DB11 T 411.12-2008 体育场馆等级划分及评定 第12部分 柔道馆.pdf
DB11,DB11 T 411.13-2008 体育场馆等级划分及评定 第13部分 摔跤馆,其他/通用,.pdf,法律标准\标准\体育\DB11 T 411.13-2008 体育场馆等级划分及评定 第13部分 摔跤馆.pdf
DB11,DB11 T 411.9-2008 体育场馆等级划分及评定 第9部分 武术馆,其他/通用,.pdf,法律标准\标准\体育\DB11 T 411.9-2008 体育场馆等级划分及评定 第9部分 武术馆.pdf
DB11,DB11!T~1107-2014生活垃圾焚烧厂运行管理规范,其他/通用,.xdf,法律标准\标准\垃圾\DB11!T~1107-2014生活垃圾焚烧厂运行管理规范.xdf
DB11,DB11!T~1322.16-2017安全生产等级评定技术规范 第16部分：印刷企业,其他/通用,.xdf,法律标准\标准\酸\DB11!T~1322.16-2017安全生产等级评定技术规范 第16部分：印刷企业.xdf
DB11,DB11-T-411.1-2007 体育场馆等级划分及评定-第1部分：排球馆,其他/通用,.pdf,法律标准\标准\体育\DB11-T-411.1-2007 体育场馆等级划分及评定-第1部分：排球馆.pdf
DB11,DB11-T-411.3-2007 体育场馆等级划分及评定-第3部分：羽毛球馆,其他/通用,.pdf,法律标准\标准\体育\DB11-T-411.3-2007 体育场馆等级划分及评定-第3部分：羽毛球馆.pdf
DB11,DB11-T-411.4-2007 体育场馆等级划分及评定-第4部分：乒乓球馆,其他/通用,.pdf,法律标准\标准\体育\DB11-T-411.4-2007 体育场馆等级划分及评定-第4部分：乒乓球馆.pdf
DB11,DB11-小型液化天然气瓶组供气系统安装与运行技术规范,其他/通用,.xdf,法律标准\标准\燃气\DB11-小型液化天然气瓶组供气系统安装与运行技术规范.xdf
DB11,DB11T 1014-2021 液氨使用与储存安全技术规范,其他/通用,.pdf,法律标准\标准\DB11T 1014-2021 液氨使用与储存安全技术规范.pdf
DB11,DB11T 1322.52-2018安全生产等级评定技术规范 第52部分：游泳场所.pdf,其他/通用,.pdf,法律标准\标准\体育\DB11T 1322.52-2018安全生产等级评定技术规范 第52部分：游泳场所.pdf.pdf
DB11,DB11T 411.5-2007 体育场馆等级划分及评定-第5部分：手球馆,其他/通用,.pdf,法律标准\标准\体育\DB11T 411.5-2007 体育场馆等级划分及评定-第5部分：手球馆.pdf
DB11,DB11T 411.8-2007 体育场馆等级划分及评定：篮球馆,其他/通用,.pdf,法律标准\标准\体育\DB11T 411.8-2007 体育场馆等级划分及评定：篮球馆.pdf
DB11,DB11T 875-2012 滑雪场所安全运营管理规范,其他/通用,.pdf,法律标准\标准\体育\DB11T 875-2012 滑雪场所安全运营管理规范.pdf
DB11,DB11T1322.65-2019安全生产等级评定技术规范 第65部分：城镇污水处理厂(再生水厂),其他/通用,.pdf,法律标准\标准\污水\DB11T1322.65-2019安全生产等级评定技术规范 第65部分：城镇污水处理厂(再生水厂).pdf
DB11,DB11∕T 1107-2014 生活垃圾焚烧厂运行管理规范,其他/通用,.rar,垃圾焚烧\垃圾发电补充1\DB11∕T 1107-2014 生活垃圾焚烧厂运行管理规范.rar
DB11,DB11∕T 1322.23-2017 安全生产等级评定技术规范 第23部分：建材企业,其他/通用,.pdf,111111\DB11∕T 1322.23-2017 安全生产等级评定技术规范 第23部分：建材企业.pdf
DB12,DB12T 475-2012 电动汽车用锂离子动力蓄电池技术条件,其他/通用,.pdf,电池\DB12T 475-2012 电动汽车用锂离子动力蓄电池技术条件.pdf
DB12,DB12∕125-2013 住宅小区安全防范系统,其他/通用,.rar,法律标准\法律法规\培训\天津所用法规\天津标准\DB12∕125-2013 住宅小区安全防范系统.rar
DB12,DB12∕T 488-2013 居家养老社区服务规范,其他/通用,.rar,法律标准\法律法规\培训\天津所用法规\天津标准\DB12∕T 488-2013 居家养老社区服务规范.rar
DB12,DB12∕T 526-2014 养老机构服务规范,其他/通用,.rar,法律标准\法律法规\培训\天津所用法规\天津标准\DB12∕T 526-2014 养老机构服务规范.rar
DB12,DB12∕T 688-2016 机动车维修业开业条件,其他/通用,.rar,法律标准\法律法规\培训\天津所用法规\天津标准\DB12∕T 688-2016 机动车维修业开业条件.rar
DB12,DB12∕T 689-2016 机动车维修服务规范,其他/通用,.rar,法律标准\法律法规\培训\天津所用法规\天津标准\DB12∕T 689-2016 机动车维修服务规范.rar
DB12,DB12∕T 724.1-2017 安全生产等级评定技术规范 第1部分：总则,其他/通用,.rar,法律标准\法律法规\培训\天津所用法规\天津标准\DB12∕T 724.1-2017 安全生产等级评定技术规范 第1部分：总则.rar
DB12,DB12∕T 724.12-2017 安全生产等级评定技术规范 第12部分：纸制品制造企业,其他/通用,.rar,法律标准\法律法规\培训\天津所用法规\天津标准\DB12∕T 724.12-2017 安全生产等级评定技术规范 第12部分：纸制品制造企业.rar
DB12,DB12∕T 724.22-2017 安全生产等级评定技术规范 第22部分：日化产品制造企业,其他/通用,.rar,法律标准\法律法规\培训\天津所用法规\天津标准\DB12∕T 724.22-2017 安全生产等级评定技术规范 第22部分：日化产品制造企业.rar
DB12,DB12∕T 724.4-2017 安全生产等级评定技术规范 第4部分：石油库,其他/通用,.rar,法律标准\法律法规\培训\天津所用法规\天津标准\DB12∕T 724.4-2017 安全生产等级评定技术规范 第4部分：石油库.rar
DB12,DB12∕T 724.7-2017 安全生产等级评定技术规范 第7部分：饮料制造企业,其他/通用,.rar,法律标准\法律法规\培训\天津所用法规\天津标准\DB12∕T 724.7-2017 安全生产等级评定技术规范 第7部分：饮料制造企业.rar
DB12,酒类制造业安全生产评定DB12T724.26-2019,其他/通用,.pdf,法律标准\标准\法规标准补充\酒类制造业安全生产评定DB12T724.26-2019.pdf
DB13,DB 13 2322 2016 工业企业挥发性有机物排放控制标准,其他/通用,.pdf,法律标准\标准\环境保护\DB 13 2322 2016 工业企业挥发性有机物排放控制标准.pdf
DB13,DB13T 1346-2010 物流业仓储服务规范,其他/通用,.rar,新标准\物流标准\DB13T 1346-2010 物流业仓储服务规范.rar
DB13,DB13T 1380-2017 带式输送机配件 托辊,其他/通用,.pdf,法律标准\标准\输送机\DB13T 1380-2017 带式输送机配件 托辊.pdf
DB13,DB13T 2002-2014 多线切割机,其他/通用,.pdf,新标准\DB13T 2002-2014 多线切割机.pdf
DB13,DB13T2092-2014,其他/通用,.pdf,新标准\DB13T2092-2014.pdf
DB13,DB13T5272-2020工业企业天然气安全管理规范,其他/通用,.pdf,法律标准\标准\新建文件夹2\DB13T5272-2020工业企业天然气安全管理规范.pdf
DB13,DB13_T 5545-2022 选矿厂安全生产基本条件,其他/通用,.pdf,111111\DB13_T 5545-2022 选矿厂安全生产基本条件.pdf
DB13,DB13_T 5742-2023醇基燃料使用安全规范,其他/通用,.docx,新建文件夹\DB13_T 5742-2023醇基燃料使用安全规范.docx
DB13,DB13_T 5742-2023醇基燃料使用安全规范,其他/通用,.pdf,新标准\标准\DB13_T 5742-2023醇基燃料使用安全规范.pdf
DB13,DB13∕T 2510.2-2017 安全生产等级评定技术规范 第2部分：安全生产通用要求,其他/通用,.pdf,新标准\DB13∕T 2510.2-2017 安全生产等级评定技术规范 第2部分：安全生产通用要求.pdf
DB13,DB13∕T 2510.26-2019 安全生产等级评定技术规范 第26部分：酒类制造企业,其他/通用,.pdf,新标准\DB13∕T 2510.26-2019 安全生产等级评定技术规范 第26部分：酒类制造企业.pdf
DB13,DB13∕T 2510.7-2017 安全生产等级评定技术规范 第7部分：饮料制造企业,其他/通用,.pdf,新标准\DB13∕T 2510.7-2017 安全生产等级评定技术规范 第7部分：饮料制造企业.pdf
DB13,DB13∕T 2821-2018 气吸式粮食干燥机通用技术要求,其他/通用,.pdf,粮食加工\DB13∕T 2821-2018 气吸式粮食干燥机通用技术要求.pdf
DB13,DB13∕T 2969-2019 企业安全生产标准化等级划分与评定,其他/通用,.pdf,新标准\新增\DB13∕T 2969-2019 企业安全生产标准化等级划分与评定.pdf
DB13,DB13∕T 5020-2019 微型企业安全生产标准化规范,其他/通用,.pdf,新标准\新增\DB13∕T 5020-2019 微型企业安全生产标准化规范.pdf
DB13,DB13∕T 5053-2019 农村民用醇基燃料清洁取暖、炊事通用技术要求,其他/通用,.pdf,新建文件夹\DB13∕T 5053-2019 农村民用醇基燃料清洁取暖、炊事通用技术要求.pdf
DB13,DB13∕T 5180-2020 液化天然气气瓶充装安全技术规定,其他/通用,.pdf,补充标准\DB13∕T 5180-2020 液化天然气气瓶充装安全技术规定.pdf
DB13,DB13∕T 5272-2020 工业企业天然气安全管理条件规范,其他/通用,.pdf,法律标准\标准\燃气\城镇燃气\DB13∕T 5272-2020 工业企业天然气安全管理条件规范.pdf
DB132942,DB132942-2019FDIS,其他/通用,.pdf,111111\DB132942-2019FDIS.pdf
DB21,DB21-T2535-2015城镇污水处理企业安全生产标准化评定,其他/通用,.pdf,法律标准\标准\污水\DB21-T2535-2015城镇污水处理企业安全生产标准化评定.pdf
DB21,DB21_T2535-2015城镇污水处理企业安全生产标准化评定,其他/通用,.pdf,新标准\DB21_T2535-2015城镇污水处理企业安全生产标准化评定.pdf
DB21,DB21∕T 2574-2016 煤气发生炉系统安全检验要求,其他/通用,.pdf,法律标准\标准\燃气\煤气\DB21∕T 2574-2016 煤气发生炉系统安全检验要求.pdf
DB32,DB32∕T 3558-2019 生活垃圾焚烧飞灰熔融处理技术规范,其他/通用,.pdf,垃圾焚烧\垃圾发电补充1\DB32∕T 3558-2019 生活垃圾焚烧飞灰熔融处理技术规范.pdf
DB34,DB34∕T 3077-2018 车用锂离子动力电池回收利用放电技术规范,其他/通用,.pdf,电池\DB34∕T 3077-2018 车用锂离子动力电池回收利用放电技术规范.pdf
DB34,DB34∕T 3590-2020 废旧锂离子动力蓄电池单体拆解技术规范,其他/通用,.pdf,电池\DB34∕T 3590-2020 废旧锂离子动力蓄电池单体拆解技术规范.pdf
DB34,DB34∕T 973-2020 压缩天然气车用气瓶充装安全管理规范,其他/通用,.pdf,新标准\新增\DB34∕T 973-2020 压缩天然气车用气瓶充装安全管理规范.pdf
DB36,DB36_T 1433-2021 饲料加工企业安全生产管理规范,其他/通用,.pdf,111111\DB36_T 1433-2021 饲料加工企业安全生产管理规范.pdf
DB37,DB37∕T 1809.2-2011 资源综合利用火力发电厂安全生产规范 第2部分：燃料存储、制备与输送,其他/通用,.pdf,标准123\DB37∕T 1809.2-2011 资源综合利用火力发电厂安全生产规范 第2部分：燃料存储、制备与输送.pdf
DB41,DB41 866-2013 液氨使用与储存安全技术规范,其他/通用,.rtf,法律标准\法律法规\涉氨\DB41 866-2013 液氨使用与储存安全技术规范.rtf
DB41,DB41∕T 1119-2015 固定式液压升降平台检验规则,其他/通用,.rar,法律标准\标准\升降机\DB41∕T 1119-2015 固定式液压升降平台检验规则.rar
DB44,DB44T 1202-2013电动汽车用锂离子动力电池系统技术条件,其他/通用,.pdf,电池\DB44T 1202-2013电动汽车用锂离子动力电池系统技术条件.pdf
DB44,DB44T 1203-2013电动汽车用锂离子动力电池回收利用规范,其他/通用,.pdf,电池\DB44T 1203-2013电动汽车用锂离子动力电池回收利用规范.pdf
DB44,DB44T 1763-2015电动汽车用锂离子动力电池系统安全要求,其他/通用,.pdf,电池\DB44T 1763-2015电动汽车用锂离子动力电池系统安全要求.pdf
DB4403,DB4403T 72-2020餐厨垃圾处理企业安全管理要求,其他/通用,.xdf,法律标准\标准\垃圾\DB4403T 72-2020餐厨垃圾处理企业安全管理要求.xdf
DB52,DB52T 1034-2015 压缩天然气车用气瓶充装安全管理规范,其他/通用,.pdf,标准\燃气资料\DB52∕T 1034-2015 压缩天然气车用气瓶充装安全管理规范\DB52T 1034-2015 压缩天然气车用气瓶充装安全管理规范.pdf
DB52,DB52∕T 1034-2015 压缩天然气车用气瓶充装安全管理规范,其他/通用,.rar,标准\燃气资料\DB52∕T 1034-2015 压缩天然气车用气瓶充装安全管理规范.rar
DB52,DB52∕T 1034-2019 压缩天然气车用气瓶充装安全管理规范,其他/通用,.pdf,新标准\新增\DB52∕T 1034-2019 压缩天然气车用气瓶充装安全管理规范.pdf
DB62,餐厨垃圾厌氧消化处理技术规程 DB62_T 4116-2020 甘肃,其他/通用,.xdf,法律标准\标准\垃圾\餐厨垃圾厌氧消化处理技术规程 DB62_T 4116-2020 甘肃.xdf
DL409,DL 409-1991 电业安全工作规程(电力线路部分)》,其他/通用,.xdf,法律标准\标准\线路\DL 409-1991 电业安全工作规程(电力线路部分)》.xdf
DL5009.1,DL 5009.1-2014 电力建设安全工作规程 第1部分：火力发电,其他/通用,.rar,垃圾焚烧\垃圾发电补充1\DL 5009.1-2014 电力建设安全工作规程 第1部分：火力发电.rar
DL5009.2,DL 5009.2-2013 电力建设安全工作规程 第2部分电力线路,其他/通用,.pdf,新标准\DL 5009.2-2013 电力建设安全工作规程 第2部分电力线路.pdf
DL5009.2,DL 5009.2-2013 电力建设安全工作规程 第2部分电力线路,其他/通用,.rar,新标准\电力线路\DL 5009.2-2013 电力建设安全工作规程 第2部分电力线路.rar
DL5009.2,DL 5009.2-2013 电力建设安全工作规程 第2部分：电力线路,其他/通用,.xdf,法律标准\标准\线路\DL 5009.2-2013 电力建设安全工作规程 第2部分：电力线路.xdf
DLT1164,DLT 1164-2012 汽轮发电机运行导则,其他/通用,.rar,垃圾焚烧\垃圾发电补充1\DLT 1164-2012 汽轮发电机运行导则.rar
DLT1253,DLT 1253-2013 电力电缆线路运行规程,其他/通用,.rar,新标准\电力线路\DLT 1253-2013 电力电缆线路运行规程.rar
DLT1309,DLT 1309-2013 大型发电机组涉网保护技术规范,其他/通用,.rar,垃圾焚烧\垃圾发电补充1\DLT 1309-2013 大型发电机组涉网保护技术规范.rar
DLT1372,DLT 1372-2014 架空输电线路跳线技术条件,其他/通用,.pdf,新标准\DLT 1372-2014 架空输电线路跳线技术条件.pdf
DLT1372,DLT 1372-2014 架空输电线路跳线技术条件,其他/通用,.rar,新标准\电力线路\DLT 1372-2014 架空输电线路跳线技术条件.rar
DLT1508,DLT 1508-2016 架空输电线路导地线覆冰监测装置,其他/通用,.rar,新标准\电力线路\DLT 1508-2016 架空输电线路导地线覆冰监测装置.rar
DLT1676,DLT 1676-2016 交流输电线路用避雷器选用导则,其他/通用,.rar,新标准\电力线路\DLT 1676-2016 交流输电线路用避雷器选用导则.rar
DLT1733,DLT 1733-2017 电力通信光缆安装技术要求,其他/通用,.xdf,法律标准\标准\线路\DLT 1733-2017 电力通信光缆安装技术要求.xdf
DLT5032,DLT 5032-2018 火力发电厂总图运输设计规范,其他/通用,.pdf,垃圾焚烧\垃圾发电补充1\DLT 5032-2018 火力发电厂总图运输设计规范.pdf
DLT5033,DLT 5033-2006 输电线路对电信线路危险和干扰影响防护设计规程,其他/通用,.rar,新标准\电力线路\DLT 5033-2006 输电线路对电信线路危险和干扰影响防护设计规程.rar
DLT5040,DLT 5040-2017 交流架空输电线路对无线电台影响防护设计规范,其他/通用,.pdf,新标准\DLT 5040-2017 交流架空输电线路对无线电台影响防护设计规范.pdf
DLT5040,DLT 5040-2017 交流架空输电线路对无线电台影响防护设计规范,其他/通用,.rar,新标准\电力线路\DLT 5040-2017 交流架空输电线路对无线电台影响防护设计规范.rar
DLT5044,DLT 5044-2014 电力工程直流电源系统设计技术规程,其他/通用,.rar,新标准\DLT 5044-2014 电力工程直流电源系统设计技术规程.rar
DLT5044,DLT 5044-2014 电力工程直流电源系统设计技术规程,其他/通用,.pdf,新标准\DLT 5044-2014 电力工程直流电源系统设计技术规程\DLT 5044-2014 电力工程直流电源系统设计技术规程.pdf
DLT5046,DLT 5046-2018 发电厂废水治理设计规范,其他/通用,.pdf,垃圾发电补充2\DLT 5046-2018 发电厂废水治理设计规范.pdf
DLT5054,DLT 5054-2016 火力发电厂汽水管道设计规范,其他/通用,.rar,垃圾发电补充2\DLT 5054-2016 火力发电厂汽水管道设计规范.rar
DLT5056,DLT 5056-2007 变电站布置设计技术规程,其他/通用,.pdf,电力\DLT 5056-2007 变电站布置设计技术规程.pdf
DLT5072,DLT 5072-2019 发电厂保温油漆设计规程,其他/通用,.pdf,垃圾发电补充2\DLT 5072-2019 发电厂保温油漆设计规程.pdf
DLT5136,DLT 5136-2012 火力发电厂、变电站二次接线设计技术规程,其他/通用,.rar,垃圾发电补充2\DLT 5136-2012 火力发电厂、变电站二次接线设计技术规程.rar
DLT5154,DLT 5154-2012 架空输电线路杆塔结构设计技术规定,其他/通用,.rar,新标准\电力线路\DLT 5154-2012 架空输电线路杆塔结构设计技术规定.rar
DLT5187.1,DLT 5187.1-2016 火力发电厂运煤设计技术规程 第1部分：运煤系统,其他/通用,.rar,标准123\DLT 5187.1-2016 火力发电厂运煤设计技术规程 第1部分：运煤系统.rar
DLT5187.1,DLT 5187.1-2016 火力发电厂运煤设计技术规程 第1部分：运煤系统,其他/通用,.pdf,标准123\DLT 5187.1-2016 火力发电厂运煤设计技术规程 第1部分：运煤系统\DLT 5187.1-2016 火力发电厂运煤设计技术规程 第1部分：运煤系统.pdf
DLT5219,DLT 5219-2014 架空输电线路基础设计技术规程,其他/通用,.pdf,新标准\DLT 5219-2014 架空输电线路基础设计技术规程.pdf
DLT5221,DLT 5221-2016 城市电力电缆线路设计技术规定,其他/通用,.rar,新标准\电力线路\DLT 5221-2016 城市电力电缆线路设计技术规定.rar
DLT5344,DLT 5344-2018 电力光纤通信工程验收规范,其他/通用,.xdf,法律标准\标准\线路\DLT 5344-2018 电力光纤通信工程验收规范.xdf
DLT5390,DLT 5390-2014 发电厂和变电站照明设计技术规定,其他/通用,.rar,垃圾发电补充2\DLT 5390-2014 发电厂和变电站照明设计技术规定.rar
DLT544,DLT 544-2012 电力通信运行管理规程,其他/通用,.xdf,法律标准\标准\线路\DLT 544-2012 电力通信运行管理规程.xdf
DLT5485,DLT 5485-2013 110kV～750kV架空输电线路大跨越设计技术规程,其他/通用,.rar,新标准\电力线路\DLT 5485-2013 110kV～750kV架空输电线路大跨越设计技术规程.rar
DLT775,DLT 775-2012 火力发电厂除灰除渣控制系统技术规程,其他/通用,.rar,垃圾发电补充2\DLT 775-2012 火力发电厂除灰除渣控制系统技术规程.rar
DLT855,DLT 855-2004 电力基本建设火电设备维护保管规程,其他/通用,.rar,标准123\DLT 855-2004 电力基本建设火电设备维护保管规程.rar
DLT855,DLT 855-2004 电力基本建设火电设备维护保管规程,其他/通用,.pdf,标准123\DLT 855-2004 电力基本建设火电设备维护保管规程\DLT 855-2004 电力基本建设火电设备维护保管规程.pdf
DLT877,DLT 877-2004 带电作业用工具、装置和设备使用的一般要求,其他/通用,.rar,新标准\新增\DLT 877-2004 带电作业用工具、装置和设备使用的一般要求.rar
DLT878,DLT 878-2004 带电作业用绝缘工具试验导则,其他/通用,.rar,新标准\新增\DLT 878-2004 带电作业用绝缘工具试验导则.rar
DLT974,DLT 974-2018 带电作业用工具库房,其他/通用,.pdf,法律标准\标准\DLT 974-2018 带电作业用工具库房.pdf
DLT996,DLT 996-2019 火力发电厂汽轮机控制系统技术条件,其他/通用,.pdf,垃圾发电补充2\DLT 996-2019 火力发电厂汽轮机控制系统技术条件.pdf
DL_T1055,DL_T 1055-2021 火力发电厂汽轮机技术监督导则,其他/通用,.pdf,垃圾焚烧\垃圾发电补充1\DL_T 1055-2021 火力发电厂汽轮机技术监督导则.pdf
DL_T1475,DL_T1475-2015,其他/通用,.xdf,法律标准\标准\线路\DL_T1475-2015.xdf
DL_T1476,DL_T 1476-2023 电力安全工器具预防性试验规程,其他/通用,.pdf,安全标准\2025\DL_T 1476-2023 电力安全工器具预防性试验规程.pdf
DL_T2013,DL_T 2013-2019 垃圾焚烧发电厂启动试运及验收规程,其他/通用,.pdf,垃圾焚烧\DL_T 2013-2019 垃圾焚烧发电厂启动试运及验收规程.pdf
DL_T2165,DL_T 2165-2020 火力发电厂移动式卸料车,其他/通用,.pdf,垃圾焚烧\垃圾发电补充1\DL_T 2165-2020 火力发电厂移动式卸料车.pdf
DL_T2192,DL_T 2192-2020 并网发电厂变电站电力监控系统安全防护验收规范,其他/通用,.pdf,垃圾焚烧\垃圾发电补充1\DL_T 2192-2020 并网发电厂变电站电力监控系统安全防护验收规范.pdf
DL_T2298,DL_T 2298-2021 火力发电厂运行管理导则,其他/通用,.pdf,垃圾焚烧\垃圾发电补充1\DL_T 2298-2021 火力发电厂运行管理导则.pdf
DL_T2299,DL_T 2299-2021 火力发电厂设备缺陷管理导则,其他/通用,.pdf,垃圾焚烧\垃圾发电补充1\DL_T 2299-2021 火力发电厂设备缺陷管理导则.pdf
DL_T2300,DL_T 2300-2021 火力发电厂设备检修管理导则,其他/通用,.pdf,垃圾焚烧\垃圾发电补充1\DL_T 2300-2021 火力发电厂设备检修管理导则.pdf
DL_T2315,DL_T 2315-2021 电力储能用梯次利用锂离子电池系统技术导则,其他/通用,.pdf,锂电池资料\电池\DL_T 2315-2021 电力储能用梯次利用锂离子电池系统技术导则.pdf
DL_T2315,DL_T 2315-2021 电力储能用梯次利用锂离子电池系统技术导则,其他/通用,.docx,锂电池资料\电池其他\新建文件夹\DL_T 2315-2021 电力储能用梯次利用锂离子电池系统技术导则.docx
DL_T2427,DL_T 2427-2021 垃圾发电厂垃圾池技术规范,其他/通用,.pdf,垃圾焚烧\垃圾发电补充1\DL_T 2427-2021 垃圾发电厂垃圾池技术规范.pdf
DL_T2533,DL_T 2533-2022 发电厂继电保护和安全自动装置现场工作安全措施规范,其他/通用,.pdf,垃圾焚烧\垃圾发电补充1\DL_T 2533-2022 发电厂继电保护和安全自动装置现场工作安全措施规范.pdf
DL_T2589,DL_T 2589-2023 垃圾发电厂智能点巡检系统技术规范,其他/通用,.pdf,垃圾焚烧\垃圾发电补充1\DL_T 2589-2023 垃圾发电厂智能点巡检系统技术规范.pdf
DL_T2591,DL_T 2591-2023 垃圾发电厂垃圾储运系统运行规程,其他/通用,.pdf,垃圾焚烧\垃圾发电补充1\DL_T 2591-2023 垃圾发电厂垃圾储运系统运行规程.pdf
DL_T5041,DL_T 5041-2023 火力发电厂厂内通信设计技术规定,其他/通用,.pdf,垃圾发电补充2\DL_T 5041-2023 火力发电厂厂内通信设计技术规定.pdf
DL_T5394,DL_T 5394-2021 电力工程地下金属构筑物防腐技术导则,其他/通用,.pdf,电力\DL_T 5394-2021 电力工程地下金属构筑物防腐技术导则.pdf
DL_T572,DL_T 572-2021 电力变压器运行规程,其他/通用,.pdf,电力\DL_T 572-2021 电力变压器运行规程.pdf
DL_T573,DL_T 573-2021 电力变压器检修导则,其他/通用,.pdf,电力\DL_T 573-2021 电力变压器检修导则.pdf
DL_T590,DL_T 590-2022 火力发电厂凝汽式汽轮机的检测与控制系统技术条件,其他/通用,.pdf,垃圾发电补充2\DL_T 590-2022 火力发电厂凝汽式汽轮机的检测与控制系统技术条件.pdf
DL_T591,DL_T 591-2022 火力发电厂汽轮发电机的检测与控制系统技术条件,其他/通用,.pdf,垃圾发电补充2\DL_T 591-2022 火力发电厂汽轮发电机的检测与控制系统技术条件.pdf
DL_T724,DL_T 724-2021 电力系统用蓄电池直流电源装置运行与维护技术规程,其他/通用,.pdf,锂电池资料\电池\DL_T 724-2021 电力系统用蓄电池直流电源装置运行与维护技术规程.pdf
DL_T724,DL_T 724-2021 电力系统用蓄电池直流电源装置运行与维护技术规程,其他/通用,.docx,锂电池资料\电池其他\新建文件夹\DL_T 724-2021 电力系统用蓄电池直流电源装置运行与维护技术规程.docx
DL∕T1079,DL∕T 1079-2016 输电线路张力放线用防扭钢丝绳,其他/通用,.rar,新标准\电力线路\DL∕T 1079-2016 输电线路张力放线用防扭钢丝绳.rar
DL∕T1115,DL∕T 1115-2019 火力发电厂机组大修化学检查导则,其他/通用,.pdf,垃圾焚烧\垃圾发电补充1\DL∕T 1115-2019 火力发电厂机组大修化学检查导则.pdf
DL∕T1364,DL∕T 1364-2014 光伏发电站防雷技术规程,其他/通用,.pdf,光伏\DL∕T 1364-2014 光伏发电站防雷技术规程.pdf
DL∕T1409,DL∕T 1409-2015 发电厂用1000kV升压变压器技术规范,其他/通用,.rar,垃圾焚烧\垃圾发电补充1\DL∕T 1409-2015 发电厂用1000kV升压变压器技术规范.rar
DL∕T1453,DL∕T 1453-2015 输电线路铁塔防腐蚀保护涂装,其他/通用,.rar,新标准\电力线路\DL∕T 1453-2015 输电线路铁塔防腐蚀保护涂装.rar
DL∕T1668,DL∕T 1668-2016 火电厂燃煤管理技术导则,其他/通用,.pdf,标准123\DL∕T 1668-2016 火电厂燃煤管理技术导则.pdf
DL∕T1676,DL∕T 1676-2016 交流输电线路用避雷器选用导则,其他/通用,.pdf,新标准\DL∕T 1676-2016 交流输电线路用避雷器选用导则.pdf
DL∕T1769,DL∕T 1769-2017 发电厂封闭母线运行与维护导则,其他/通用,.pdf,垃圾焚烧\垃圾发电补充1\DL∕T 1769-2017 发电厂封闭母线运行与维护导则.pdf
DL∕T1847,DL∕T 1847-2018 发电厂曝气生物滤池验收导则,其他/通用,.pdf,垃圾焚烧\垃圾发电补充1\DL∕T 1847-2018 发电厂曝气生物滤池验收导则.pdf
DL∕T1937,DL∕T 1937-2018 垃圾发电厂监控系统技术规范,其他/通用,.xdf,法律标准\标准\垃圾\DL∕T 1937-2018 垃圾发电厂监控系统技术规范.xdf
DL∕T1938,DL∕T 1938-2018 垃圾发电厂炉渣处理技术规范,其他/通用,.pdf,垃圾焚烧\垃圾发电补充1\DL∕T 1938-2018 垃圾发电厂炉渣处理技术规范.pdf
DL∕T1938,DL∕T 1938-2018 垃圾发电厂炉渣处理技术规范,其他/通用,.xdf,法律标准\标准\垃圾\DL∕T 1938-2018 垃圾发电厂炉渣处理技术规范.xdf
DL∕T1939,DL∕T 1939-2018 垃圾发电厂渗沥液处理技术规范,其他/通用,.pdf,垃圾焚烧\垃圾发电补充1\DL∕T 1939-2018 垃圾发电厂渗沥液处理技术规范.pdf
DL∕T1939,DL∕T 1939-2018 垃圾发电厂渗沥液处理技术规范,其他/通用,.xdf,法律标准\标准\垃圾\DL∕T 1939-2018 垃圾发电厂渗沥液处理技术规范.xdf
DL∕T1966,DL∕T 1966-2019 火力发电厂机组检修监理规范,其他/通用,.pdf,垃圾焚烧\垃圾发电补充1\DL∕T 1966-2019 火力发电厂机组检修监理规范.pdf
DL∕T1968,DL∕T 1968-2019 火力发电厂湿式冷却塔运行维护导则,其他/通用,.pdf,垃圾焚烧\垃圾发电补充1\DL∕T 1968-2019 火力发电厂湿式冷却塔运行维护导则.pdf
DL∕T2013,DL∕T 2013-2019 垃圾焚烧发电厂启动试运及验收规程,其他/通用,.xdf,法律标准\标准\垃圾\DL∕T 2013-2019 垃圾焚烧发电厂启动试运及验收规程.xdf
DL∕T5003,DL∕T 5003-2017 电力系统调度自动化设计规程,其他/通用,.pdf,电力\DL∕T 5003-2017 电力系统调度自动化设计规程.pdf
DL∕T5142,DL∕T 5142-2012 火力发电厂除灰设计技术规程,其他/通用,.rar,垃圾发电补充2\DL∕T 5142-2012 火力发电厂除灰设计技术规程.rar
DL∕T5219,DL∕T 5219-2014 架空输电线路基础设计技术规程,其他/通用,.rar,新标准\电力线路\DL∕T 5219-2014 架空输电线路基础设计技术规程.rar
DL∕T537,DL∕T 537-2018 高压 低压预装式变电站,其他/通用,.pdf,新标准\DL∕T 537-2018 高压 低压预装式变电站.pdf
DL∕T5550,DL∕T 5550-2018 火力发电厂燃油系统设计规程,其他/通用,.pdf,垃圾发电补充2\DL∕T 5550-2018 火力发电厂燃油系统设计规程.pdf
DL∕T656,DL∕T 656-2016 火力发电厂汽轮机控制及保护系统验收测试规程,其他/通用,.rar,垃圾焚烧\垃圾发电补充1\DL∕T 656-2016 火力发电厂汽轮机控制及保护系统验收测试规程.rar
DL∕T692,DL∕T 692-2018 电力行业紧急救护技术规范,其他/通用,.pdf,电力\DL∕T 692-2018 电力行业紧急救护技术规范.pdf
DL∕T995,DL∕T 995-2016 继电保护和电网安全自动装置检验规程,其他/通用,.pdf,电力\DL∕T 995-2016 继电保护和电网安全自动装置检验规程.pdf
GA58,GA 58-93 剧毒物品品名表,其他/通用,.pdf,法律标准\标准\参考资料\GA 58-93 剧毒物品品名表.pdf
GB-15081,GB-15081-1994-玻璃工厂工业卫生与安全技术规程,其他/通用,.doc,法律标准\标准\玻璃\GB-15081-1994-玻璃工厂工业卫生与安全技术规程.doc
GB-15081,GB-15081-1994-玻璃工厂工业卫生与安全技术规程,其他/通用,.docx,法律标准\标准\玻璃\GB-15081-1994-玻璃工厂工业卫生与安全技术规程.docx
GB-15081,GB-15081-94-玻璃工厂工业卫生与安全技术规程,其他/通用,.doc,法律标准\标准\GB-15081-94-玻璃工厂工业卫生与安全技术规程.doc
GB-15081,GB-15081-94-玻璃工厂工业卫生与安全技术规程,其他/通用,.docx,法律标准\标准\GB-15081-94-玻璃工厂工业卫生与安全技术规程.docx
GB-28755.,简易升降机安全规程-GB-28755,其他/通用,.docx,法律标准\标准\简易升降机安全规程-GB-28755.docx
GB-50011,GB-50011-2010-抗规2016局部修订,其他/通用,.pdf,法律标准\标准\安全管理\GB-50011-2010-抗规2016局部修订.pdf
GB-50031,GB-50031-91《乙炔站设计规范》,其他/通用,.doc,法律标准\标准\GB-50031-91《乙炔站设计规范》.doc
GB-50031,GB-50031-91《乙炔站设计规范》,其他/通用,.docx,法律标准\标准\GB-50031-91《乙炔站设计规范》.docx
GB-6514,GB-6514-2008涂装作业安全规程,其他/通用,.doc,法律标准\标准\设备设施\涂装作业\GB-6514-2008涂装作业安全规程.doc
GB-6514,GB-6514-2008涂装作业安全规程,其他/通用,.docx,法律标准\标准\设备设施\涂装作业\GB-6514-2008涂装作业安全规程.docx
GB-9448,《焊接与切割安全》GB-9448-1988,其他/通用,.pdf,法律标准\标准\《焊接与切割安全》GB-9448-1988.pdf
GB-T-4754,最新2017年国民经济行业分类(GB-T-4754—2017),其他/通用,.xlsx,法律标准\标准\安全管理\最新2017年国民经济行业分类(GB-T-4754—2017).xlsx
GB-T19204,GB-T 19204-2020液化天然气的一般特性,其他/通用,.xdf,法律标准\标准\新建文件夹\GB-T 19204-2020液化天然气的一般特性.xdf
GB.,GB T与GB,其他/通用,.xdf,法律标准\标准\新建文件夹\GB T与GB.xdf
GB10066,GB10066[1].1-2004-电热设备的试验方法-第1部分,其他/通用,.pdf,法律标准\标准\设备设施\感应炉\GB10066[1].1-2004-电热设备的试验方法-第1部分.pdf
GB10066.3,GB 10066.3-1988 电热设备的试验方法 无心感应炉,其他/通用,.pdf,法律标准\标准\设备设施\感应炉\GB 10066.3-1988 电热设备的试验方法 无心感应炉.pdf
GB10235,GB 10235-2012 弧焊电源 防触电装置,其他/通用,.pdf,法律标准\标准\设备设施\焊接设备\GB 10235-2012 弧焊电源 防触电装置.PDF
GB11291.1,GB 11291.1-2011 工业环境用机器人 安全要求 第1部分：机器人,其他/通用,.pdf,安全标准\GB 11291.1-2011 工业环境用机器人 安全要求 第1部分：机器人.pdf
GB11291.2,GB 11291.2-2013 机器人与机器人装备 工业机器人的安全要求 第2部分：机器人系统与集成,其他/通用,.pdf,安全标准\GB 11291.2-2013 机器人与机器人装备 工业机器人的安全要求 第2部分：机器人系统与集成.pdf
GB11341,GB 11341-2008 悬挂输送机安全规程,其他/通用,.pdf,安全标准\GB11341-2008悬挂输送机安全规程\GB 11341-2008 悬挂输送机安全规程.pdf
GB11341,GB 11341-2008 悬挂输送机安全规程,其他/通用,.docx,输送带（机）\GB 11341-2008 悬挂输送机安全规程.docx
GB12130,GB 12130 医用加压氧舱,其他/通用,.pdf,法律标准\标准\设备设施\医用\GB 12130 医用加压氧舱.pdf
GB12142,GB 12142-2007便携式金属梯安全要求,其他/通用,.pdf,法律标准\标准\设备设施\电风梯平台\GB 12142-2007便携式金属梯安全要求.pdf
GB12367,GB 12367-2006 涂装作业安全规程 静电喷漆工艺安全,其他/通用,.docx,法律标准\标准\设备设施\涂装作业\GB 12367-2006 涂装作业安全规程 静电喷漆工艺安全.docx
GB12367,GB 12367-2006 涂装作业安全规程 静电喷漆工艺安全,其他/通用,.pdf,法律标准\标准\设备设施\涂装作业\GB 12367-2006 涂装作业安全规程 静电喷漆工艺安全.pdf
GB12367,GB 12367-2006 涂装作业安全规程 静电喷漆工艺安全,其他/通用,.xdf,法律标准\标准\设备设施\涂装作业\GB 12367-2006 涂装作业安全规程 静电喷漆工艺安全.xdf
GB12367,GB 12367-2006 涂装作业安全规程静电喷漆工艺安全,其他/通用,.rar,新标准\标准\GB 12367-2006 涂装作业安全规程静电喷漆工艺安全.rar
GB12696,GB 12696-2016 食品安全国家标准 发酵酒及其配制酒生产卫生规范,其他/通用,.pdf,法律标准\标准\设备设施\制酒\GB 12696-2016 食品安全国家标准 发酵酒及其配制酒生产卫生规范.pdf
GB12801,GB 12801《生产过程安全基本要求》征求意见稿,其他/通用,.pdf,安全标准\GB 12801《生产过程安全基本要求》征求意见稿.pdf
GB13318,GB 13318-2003 锻造生产安全与环保通则,其他/通用,.pdf,法律标准\标准\设备设施\其他\GB 13318-2003 锻造生产安全与环保通则.pdf
GB13861,GB13861-2009生产过程危险和有害因素分类与代码,其他/通用,.doc,法律标准\标准\安全管理\GB13861-2009生产过程危险和有害因素分类与代码.doc
GB13861,GB13861-2009生产过程危险和有害因素分类与代码,其他/通用,.docx,法律标准\标准\安全管理\GB13861-2009生产过程危险和有害因素分类与代码.docx
GB13960.1,GB 13960.1-2008 可移式电动工具的安全 第一部分：通用要求,其他/通用,.pdf,法律标准\法律法规\培训\天津所用法规\GB 13960.1-2008 可移式电动工具的安全 第一部分：通用要求.pdf
GB13960.11,GB 13960.11-2000 可移式电动工具的安全 第二部分：型材切割机的专用要求,其他/通用,.pdf,法律标准\法律法规\培训\天津所用法规\GB 13960.11-2000 可移式电动工具的安全 第二部分：型材切割机的专用要求.pdf
GB13960.6,GB 13960.6-1996 可移式电动工具的安全 带锯的专用要求,其他/通用,.pdf,法律标准\法律法规\培训\天津所用法规\GB 13960.6-1996 可移式电动工具的安全 带锯的专用要求.pdf
GB13960.8,GB 13960.8-1997 可移式电动工具的安全 第二部分：带水源金刚石锯的专用要求,其他/通用,.pdf,法律标准\法律法规\培训\天津所用法规\GB 13960.8-1997 可移式电动工具的安全 第二部分：带水源金刚石锯的专用要求.pdf
GB14443,GB 14443-2007 涂装作业安全规程 涂层烘干室安全技术规定,其他/通用,.docx,法律标准\标准\设备设施\涂装作业\GB 14443-2007 涂装作业安全规程 涂层烘干室安全技术规定.docx
GB14443,GB 14443-2007 涂装作业安全规程 涂层烘干室安全技术规定,其他/通用,.pdf,法律标准\标准\设备设施\涂装作业\GB 14443-2007 涂装作业安全规程 涂层烘干室安全技术规定.pdf
GB14444,GB 14444-2006 涂装作业安全规程 喷漆室安全技术规定,其他/通用,.pdf,法律标准\标准\设备设施\涂装作业\GB 14444-2006 涂装作业安全规程 喷漆室安全技术规定.pdf
GB14444,《喷漆室安全技术要求》（GB14444-2025）,其他/通用,.pdf,安全标准\《喷漆室安全技术要求》（GB14444-2025）.pdf
GB14773,GB 14773-2007 涂装作业安全规程 静电喷枪及其辅助装置安全技术条件,其他/通用,.rar,新标准\GB 14773-2007 涂装作业安全规程 静电喷枪及其辅助装置安全技术条件.rar
GB14773,GB 14773-2007 涂装作业安全规程 静电喷枪及其辅助装置安全技术条件,其他/通用,.pdf,新标准\GB 14773-2007 涂装作业安全规程 静电喷枪及其辅助装置安全技术条件\GB 14773-2007 涂装作业安全规程 静电喷枪及其辅助装置安全技术条件.pdf
GB14773,GB 14773-2007 涂装作业安全规范 静电喷枪及其辅助装置安全技术要求,其他/通用,.pdf,法律标准\标准\设备设施\涂装作业\GB 14773-2007 涂装作业安全规范 静电喷枪及其辅助装置安全技术要求.pdf
GB14773,GB 14773-2025 手持式静电喷枪及其辅助装置安全技术要求,其他/通用,.pdf,111111\GB 14773-2025 手持式静电喷枪及其辅助装置安全技术要求.pdf
GB14778,《安全色光通用规则》（GB14778-2025）,其他/通用,.pdf,安全标准\《安全色光通用规则》（GB14778-2025）.pdf
GB14784,GB 14784-2013 带式输送机 安全规范,其他/通用,.rtf,法律标准\标准\皮带\GB 14784-2013 带式输送机 安全规范.rtf
GB14784,GB 14784-2013 带式输送机 安全规范,其他/通用,.pdf,法律标准\标准\输送机\GB 14784-2013 带式输送机 安全规范.pdf
GB14784,GB 14784-2013 带式输送机 安全规范,其他/通用,.rar,法律标准\标准\输送机\GB 14784-2013 带式输送机 安全规范.rar
GB14784,GB 14784-2013 带式输送机 安全规范,其他/通用,.rtf,法律标准\标准\输送机\GB 14784-2013 带式输送机 安全规范.rtf
GB14784,GB 14784-2013带式输送机 安全规范,其他/通用,.pdf,法律标准\标准\输送机\GB 14784-2013带式输送机 安全规范.pdf
GB14866,GB14866-2023 眼面防护具通用技术规范 2025.1.1实施,其他/通用,.pdf,标准（2024.3.3下载）\GB14866-2023 眼面防护具通用技术规范 2025.1.1实施.pdf
GB15081,GB 15081-1994 玻璃工厂工业卫生与安全技术规程,其他/通用,.rar,法律标准\标准\玻璃\GB 15081-1994 玻璃工厂工业卫生与安全技术规程.rar
GB15081,GB 15081-1994 玻璃工厂工业卫生与安全技术规程,其他/通用,.pdf,玻璃\GB 15081-1994 玻璃工厂工业卫生与安全技术规程.pdf
GB15081,GB15081-1994玻璃工厂工业卫生与安全技术规程,其他/通用,.pdf,安全标准\GB15081-1994玻璃工厂工业卫生与安全技术规程.pdf
GB15578,GB 15578-2008 电阻焊机的安全要求,其他/通用,.pdf,法律标准\标准\设备设施\焊接设备\GB 15578-2008 电阻焊机的安全要求.pdf
GB15579.1,GB 15579.1-2004 弧焊设备第1部分焊接电源,其他/通用,.pdf,法律标准\标准\设备设施\焊接设备\GB 15579.1-2004 弧焊设备第1部分焊接电源.pdf
GB15579.12,GB 15579.12-2012 弧焊设备 第12部分 焊接电缆耦合装置,其他/通用,.pdf,法律标准\标准\设备设施\焊接设备\GB 15579.12-2012 弧焊设备 第12部分 焊接电缆耦合装置.pdf
GB15579.7,GB 15579.7-2013 弧焊设备 第7部分焊炬(枪),其他/通用,.pdf,法律标准\标准\设备设施\焊接设备\GB 15579.7-2013 弧焊设备 第7部分焊炬(枪).pdf
GB15603,GB 15603-1995 常用化学危险品贮存通则,其他/通用,.rar,新标准\GB 15603-1995 常用化学危险品贮存通则.rar
GB15603,GB 15603-1995 常用化学危险品贮存通则,其他/通用,.pdf,新标准\GB 15603-1995 常用化学危险品贮存通则\GB 15603-1995 常用化学危险品贮存通则.pdf
GB15603,GB 15603-2022,其他/通用,.pdf,新标准\标准\GB 15603-2022.pdf
GB15607,GB 15607-2023 涂装作业安全规程 粉末静电喷涂工艺安全,其他/通用,.pdf,111111\GB 15607-2023 涂装作业安全规程 粉末静电喷涂工艺安全.pdf
GB15607,GB 15607-2023涂装作业安全规程,其他/通用,.pdf,111111\GB 15607-2023涂装作业安全规程.pdf
GB15607,GB15607-2008,其他/通用,.rar,新标准\GB15607-2008.rar
GB15607,GB15607-2008 粉末静电喷涂工艺安全(发布稿),其他/通用,.pdf,新标准\GB15607-2008\GB15607-2008 粉末静电喷涂工艺安全(发布稿).pdf
GB15607,GB15607-2008 粉末静电喷涂工艺安全(发布稿),其他/通用,.pdf,法律标准\标准\设备设施\涂装作业\GB15607-2008 粉末静电喷涂工艺安全(发布稿).pdf
GB15607,GB15607-2008涂装作业安全规程 粉末静电喷涂工艺安全,其他/通用,.pdf,法律标准\标准\设备设施\涂装作业\GB15607-2008涂装作业安全规程 粉末静电喷涂工艺安全.pdf
GB15607,GB15607-2008涂装作业安全规程 粉末静电喷涂工艺安全,其他/通用,.rtf,法律标准\标准\设备设施\涂装作业\GB15607-2008涂装作业安全规程 粉末静电喷涂工艺安全.rtf
GB15607,GB15607-2023 涂装作业安全规程 粉末静电喷涂工艺安全 2024.10.1实施,其他/通用,.pdf,标准（2024.3.3下载）\GB15607-2023 涂装作业安全规程 粉末静电喷涂工艺安全 2024.10.1实施.pdf
GB15735,GB 15735-2012 金属热处理生产过程安全、卫生要求,其他/通用,.pdf,法律标准\标准\设备设施\其他\GB 15735-2012 金属热处理生产过程安全、卫生要求.pdf
GB16297,GB 16297-1996 大气污染物综合排放标准(作废）,其他/通用,.pdf,法律标准\标准\环境保护\GB 16297-1996 大气污染物综合排放标准(作废）.pdf
GB16410,家用燃气灶具GB16410-2007,其他/通用,.xdf,法律标准\标准\燃气\家用燃气灶具GB16410-2007.xdf
GB16454,GB 16454-2008 金属锯床 安全防护技术条件,其他/通用,.pdf,法律标准\法律法规\培训\天津所用法规\GB 16454-2008 金属锯床 安全防护技术条件.pdf
GB16557,GB16557-2023 船用救生设备安全标志 2023.12.1,其他/通用,.pdf,标准（2024.3.3下载）\GB16557-2023 船用救生设备安全标志 2023.12.1.pdf
GB16663,GB 16663-2025 醇基液体燃料,其他/通用,.pdf,111111\GB 16663-2025 醇基液体燃料.pdf
GB16796,GB16796-2022 安全防范报警设备安全要求和试验方法 2024.1.1实施,其他/通用,.pdf,标准（2024.3.3下载）\GB16796-2022 安全防范报警设备安全要求和试验方法 2024.1.1实施.pdf
GB16909,GB 16909-1997密目式安全立网,其他/通用,.pdf,法律标准\标准\参考资料\GB 16909-1997密目式安全立网.pdf
GB16914,GB 16914-2012 燃气燃烧器具安全技术条件,其他/通用,.rar,新标准\GB 16914-2012 燃气燃烧器具安全技术条件.rar
GB16914,GB 16914-2012 燃气燃烧器具安全技术条件,其他/通用,.pdf,新标准\GB 16914-2012 燃气燃烧器具安全技术条件\GB 16914-2012 燃气燃烧器具安全技术条件.pdf
GB16914,GB 16914-2012 燃气燃烧器具安全技术条件,其他/通用,.pdf,法律标准\标准\燃气\燃气规范\燃气设备\GB 16914-2012 燃气燃烧器具安全技术条件.pdf
GB16914,GB16914-2023 燃气燃烧器具安全技术条件 2025.6.1,其他/通用,.pdf,标准（2024.3.3下载）\GB16914-2023 燃气燃烧器具安全技术条件 2025.6.1.pdf
GB175,GB175-2023 通用硅酸盐水泥 2024.6.1,其他/通用,.pdf,标准（2024.3.3下载）\GB175-2023 通用硅酸盐水泥 2024.6.1.pdf
GB17750,GB 17750-2012 涂装作业安全规程 浸涂工艺安全,其他/通用,.docx,法律标准\标准\设备设施\涂装作业\GB 17750-2012 涂装作业安全规程 浸涂工艺安全.docx
GB17750,GB 17750-2012 涂装作业安全规程 浸涂工艺安全,其他/通用,.pdf,法律标准\标准\设备设施\涂装作业\GB 17750-2012 涂装作业安全规程 浸涂工艺安全.pdf
GB17762,GB 17762-1999 耐热玻璃器具的安全与卫生要求,其他/通用,.pdf,玻璃\GB 17762-1999 耐热玻璃器具的安全与卫生要求.pdf
GB17762,GB17762-2022 耐热玻璃器具的安全要求 2024.1.1实施,其他/通用,.pdf,标准（2024.3.3下载）\GB17762-2022 耐热玻璃器具的安全要求 2024.1.1实施.pdf
GB17905,GB 17905-2008 家用燃气燃烧器具安全管理规则,其他/通用,.pdf,法律标准\标准\燃气\燃气规范\燃气设备\GB 17905-2008 家用燃气燃烧器具安全管理规则.pdf
GB18152,GB 18152-2000 选矿安全规程,其他/通用,.rar,111111\GB 18152-2000 选矿安全规程.rar
GB18152,GB 18152-2000 选矿安全规程,其他/通用,.pdf,111111\GB 18152-2000 选矿安全规程\GB 18152-2000 选矿安全规程.pdf
GB18152,选矿安全规程(GB18152-2000),其他/通用,.doc,法律标准\标准\安全管理\选矿安全规程(GB18152-2000).doc
GB18152,选矿安全规程(GB18152-2000),其他/通用,.docx,法律标准\标准\安全管理\选矿安全规程(GB18152-2000).docx
GB18384,GB 18384-2020 电动汽车安全要求,其他/通用,.pdf,电池\GB 18384-2020 电动汽车安全要求.pdf
GB18451.1,GB18451.1-2001 风力发电机安全要求,其他/通用,.pdf,法律标准\标准\设备设施\风力\GB18451.1-2001 风力发电机安全要求.pdf
GB18452,GB 18452-2001 破碎设备安全要求,其他/通用,.rar,新标准\GB 18452-2001 破碎设备安全要求.rar
GB18452,GB 18452-2001 破碎设备安全要求,其他/通用,.pdf,新标准\GB 18452-2001 破碎设备安全要求\GB 18452-2001 破碎设备安全要求.pdf
GB18568,GB 18568-2001 加工中心安全防护技术条件,其他/通用,.rar,新标准\GB 18568-2001 加工中心安全防护技术条件.rar
GB18568,GB 18568-2001 加工中心安全防护技术条件,其他/通用,.pdf,新标准\GB 18568-2001 加工中心安全防护技术条件\GB 18568-2001 加工中心安全防护技术条件.pdf
GB18871,GB18871-2002电离辐射防护与辐射源安全基本标准,其他/通用,.doc,法律标准\标准\电离\GB18871-2002电离辐射防护与辐射源安全基本标准.doc
GB18871,GB18871-2002电离辐射防护与辐射源安全基本标准,其他/通用,.docx,法律标准\标准\电离\GB18871-2002电离辐射防护与辐射源安全基本标准.docx
GB19079.1,GB 19079.1-2003 体育场所开放条件与技术要求 第1部分 游泳场所,其他/通用,.pdf,法律标准\标准\体育\秋实\GB 19079.1-2003 体育场所开放条件与技术要求 第1部分 游泳场所.pdf
GB19079.10,GB 19079.10-2005 体育场所开放条件与技术要求 第10部分：潜水场所,其他/通用,.pdf,法律标准\标准\体育\秋实\GB 19079.10-2005 体育场所开放条件与技术要求 第10部分：潜水场所.pdf
GB19079.11,GB 19079.11-2005 体育场所开放条件与技术要求 第11部分：漂流场所,其他/通用,.pdf,法律标准\标准\体育\秋实\GB 19079.11-2005 体育场所开放条件与技术要求 第11部分：漂流场所.pdf
GB19079.12,GB 19079.12-2005 体育场所开放条件与技术要求 第12部分：滑翔伞场所,其他/通用,.pdf,法律标准\标准\体育\秋实\GB 19079.12-2005 体育场所开放条件与技术要求 第12部分：滑翔伞场所.pdf
GB19079.13,GB 19079.13-2005 体育场所开放条件与技术要求 第13部分 热气球场所,其他/通用,.pdf,法律标准\标准\体育\秋实\GB 19079.13-2005 体育场所开放条件与技术要求 第13部分 热气球场所.pdf
GB19079.19,GB 19079.19-2010 体育场所开放条件与技术要求 第19部分：拓展场所,其他/通用,.pdf,法律标准\标准\体育\秋实\GB 19079.19-2010 体育场所开放条件与技术要求 第19部分：拓展场所.pdf
GB19079.2,GB 19079.2-2005 体育场所开放条件与技术要求第2部分：卡丁车场所,其他/通用,.pdf,法律标准\标准\体育\秋实\GB 19079.2-2005 体育场所开放条件与技术要求第2部分：卡丁车场所.pdf
GB19079.3,GB 19079.3-2005 体育场所开放条件与技术要求第3部分：蹦极场所,其他/通用,.pdf,法律标准\标准\体育\秋实\GB 19079.3-2005 体育场所开放条件与技术要求第3部分：蹦极场所.pdf
GB19079.4,GB 19079.4-2005 体育场所开放条件与技术要求第4部分：攀岩场所,其他/通用,.rar,新标准\GB 19079.4-2005 体育场所开放条件与技术要求第4部分：攀岩场所.rar
GB19079.4,GB 19079.4-2005 体育场所开放条件与技术要求第4部分：攀岩场所,其他/通用,.pdf,新标准\GB 19079.4-2005 体育场所开放条件与技术要求第4部分：攀岩场所\GB 19079.4-2005 体育场所开放条件与技术要求第4部分：攀岩场所.pdf
GB19079.5,GB 19079.5-2005 体育场所开放条件与技术要求第5部分：轮滑场所,其他/通用,.pdf,法律标准\标准\体育\秋实\GB 19079.5-2005 体育场所开放条件与技术要求第5部分：轮滑场所.pdf
GB19079.6,GB 19079.6-2005 体育场所开放条件与技术要求第6部分：滑雪场所,其他/通用,.pdf,法律标准\标准\体育\秋实\GB 19079.6-2005 体育场所开放条件与技术要求第6部分：滑雪场所.pdf
GB19079.8,GB 19079.8-2013 体育场所开放条件与技术要求 第8部分 射击场所,其他/通用,.pdf,法律标准\标准\体育\秋实\GB 19079.8-2013 体育场所开放条件与技术要求 第8部分 射击场所.pdf
GB19079.9,GB 19079.9-2013 体育场所开放条件与技术要求 第9部分 射箭场所,其他/通用,.pdf,法律标准\标准\体育\秋实\GB 19079.9-2013 体育场所开放条件与技术要求 第9部分 射箭场所.pdf
GB19521.11,GB 19521.11-2005 锂电池组危险货物危险特性检验安全规范,其他/通用,.pdf,锂电池资料\电池\GB 19521.11-2005 锂电池组危险货物危险特性检验安全规范.pdf
GB19521.11,GB 19521.11-2005 锂电池组危险货物危险特性检验安全规范,其他/通用,.docx,锂电池资料\电池其他\新建文件夹\GB 19521.11-2005 锂电池组危险货物危险特性检验安全规范.docx
GB19964,GB 19964-2012 光伏发电站接入电力系统技术规定,其他/通用,.rar,新标准\电力线路\GB 19964-2012 光伏发电站接入电力系统技术规定.rar
GB20101,GB 20101-2006 涂装作业安全规程 有机废气净化装置安全技术规定,其他/通用,.pdf,法律标准\标准\设备设施\涂装作业\GB 20101-2006 涂装作业安全规程 有机废气净化装置安全技术规定.pdf
GB20101,GB 20101-2006 涂装作业安全规程有机废气净化装置安全技术规定,其他/通用,.pdf,新标准\环保设施安全标准\新建文件夹 (3)\GB 20101-2006 涂装作业安全规程有机废气净化装置安全技术规定.pdf
GB20101,GB 20101-2025 涂装有机废气净化装置安全技术要求,其他/通用,.pdf,安全标准\GB 20101-2025 涂装有机废气净化装置安全技术要求.pdf
GB20368,GB 20368-2006LNG生产、储存、装运,其他/通用,.xdf,法律标准\标准\燃气\GB 20368-2006LNG生产、储存、装运.xdf
GB21027,GB 21027-2007 学生用品的安全通用要求,其他/通用,.pdf,法律标准\标准\体育\秋实\GB 21027-2007 学生用品的安全通用要求.pdf
GB21068,GB 21068-2007-T 液化天然气密度计算模型规范,其他/通用,.xdf,法律标准\标准\重大危险源\GB 21068-2007-T 液化天然气密度计算模型规范.xdf
GB21966,GB 21966-2008 锂原电池和蓄电池在运输中的安全要求,其他/通用,.pdf,锂电池资料\电池\GB 21966-2008 锂原电池和蓄电池在运输中的安全要求.pdf
GB21966,GB 21966-2008 锂原电池和蓄电池在运输中的安全要求,其他/通用,.docx,锂电池资料\电池其他\新建文件夹\GB 21966-2008 锂原电池和蓄电池在运输中的安全要求.docx
GB22185,GB 22185-2008 体育场馆公共安全通用要求,其他/通用,.pdf,法律标准\标准\体育\秋实\GB 22185-2008 体育场馆公共安全通用要求.pdf
GB22207,GB 22207-2008 容积式空气压缩机 安全要求,其他/通用,.rar,新标准\GB 22207-2008 容积式空气压缩机 安全要求.rar
GB22207,GB 22207-2008 容积式空气压缩机 安全要求,其他/通用,.pdf,新标准\GB 22207-2008 容积式空气压缩机 安全要求\GB 22207-2008 容积式空气压缩机 安全要求.PDF
GB23176,GB 23176-2008 篮球架,其他/通用,.pdf,法律标准\标准\体育\秋实\GB 23176-2008 篮球架.pdf
GB24390,GB 24390-2009 抛(喷)丸设备 安全要求,其他/通用,.rar,111111\GB 24390-2009 抛(喷)丸设备 安全要求.rar
GB24390,GB 24390-2009 抛(喷)丸设备 安全要求,其他/通用,.pdf,111111\GB 24390-2009 抛(喷)丸设备 安全要求\GB 24390-2009 抛(喷)丸设备 安全要求.pdf
GB24462,GB 24462-2009 民用原电池安全通用要求,其他/通用,.docx,锂电池资料\电池其他\新建文件夹\GB 24462-2009 民用原电池安全通用要求.docx
GB2494,GB 2494-2014 固结磨具 安全要求,其他/通用,.pdf,法律标准\标准\设备设施\其他\GB 2494-2014 固结磨具 安全要求.pdf
GB25285.1,GB 25285.1-2010 爆炸性环境 爆炸预防和防护 第1部分：基本原则和方法,其他/通用,.xdf,法律标准\标准\爆炸\GB 25285.1-2010 爆炸性环境 爆炸预防和防护 第1部分：基本原则和方法.xdf
GB25287,GB25287-2023 周界防范高压电网装置 2025.41实施,其他/通用,.pdf,标准（2024.3.3下载）\GB25287-2023 周界防范高压电网装置 2025.41实施.pdf
GB25465,GB25465--2010铝工业污染物排放标准,其他/通用,.pdf,法律标准\标准\环境保护\GB25465--2010铝工业污染物排放标准.pdf
GB25521,GB 25521-2010 矿用筛分设备 安全要求,其他/通用,.rar,标准\GB 25521-2010 矿用筛分设备 安全要求.rar
GB25521,GB 25521-2010 矿用筛分设备 安全要求,其他/通用,.pdf,标准\GB 25521-2010 矿用筛分设备 安全要求\GB 25521-2010 矿用筛分设备 安全要求.pdf
GB26859,GB 26859-2011 电力安全工作规程 电力线路部分,其他/通用,.xdf,法律标准\标准\线路\GB 26859-2011 电力安全工作规程 电力线路部分.xdf
GB27790,GB 27790-2020 城镇燃气调压器,其他/通用,.pdf,新标准\GB 27790-2020 城镇燃气调压器.pdf
GB27791,GB 27791-2020 城镇燃气调压箱,其他/通用,.pdf,法律标准\标准\燃气调压箱\GB 27791-2020 城镇燃气调压箱.pdf
GB28009,GB 28009-2011 冷库安全规程,其他/通用,.pdf,法律标准\标准\制冷\GB 28009-2011 冷库安全规程.pdf
GB28232,GB 28232-2011臭氧发生器安全与卫生标准,其他/通用,.pdf,法律标准\标准\环境保护\GB 28232-2011臭氧发生器安全与卫生标准.pdf
GB28232,GB 28232-2020 臭氧消毒器卫生要求,其他/通用,.pdf,111111\GB 28232-2020 臭氧消毒器卫生要求.pdf
GB28232,GB28232-2020,其他/通用,.pdf,新标准\GB28232-2020.pdf
GB28240,GB 28240-2012 剪板机 安全技术要求,其他/通用,.pdf,安全标准\GB 28240-2012 剪板机 安全技术要求.pdf
GB28241,GB 28241-2012 液压机 安全技术要求,其他/通用,.pdf,安全标准\GB 28241-2012 液压机 安全技术要求.pdf
GB28243,GB 28243-2012 液压板料折弯机 安全技术要求,其他/通用,.zip,111111\GB 28243-2012 液压板料折弯机 安全技术要求.zip
GB28243,PDF+DOC格式 GB 28243-2012 液压板料折弯机 安全技术要求,其他/通用,.docx,111111\GB 28243-2012 液压板料折弯机 安全技术要求\PDF+DOC格式 GB 28243-2012 液压板料折弯机 安全技术要求\PDF+DOC格式 GB 28243-2012 液压板料折弯机 安全技术要求.docx
GB28243,PDF+DOC格式 GB 28243-2012 液压板料折弯机 安全技术要求,其他/通用,.pdf,111111\GB 28243-2012 液压板料折弯机 安全技术要求\PDF+DOC格式 GB 28243-2012 液压板料折弯机 安全技术要求\PDF+DOC格式 GB 28243-2012 液压板料折弯机 安全技术要求.pdf
GB28645.2,GB 28645.2-2012 危险品检验安全规范 密封蓄电池,其他/通用,.pdf,锂电池资料\电池\GB 28645.2-2012 危险品检验安全规范 密封蓄电池.pdf
GB28645.2,GB 28645.2-2012 危险品检验安全规范 密封蓄电池,其他/通用,.docx,锂电池资料\电池其他\新建文件夹\GB 28645.2-2012 危险品检验安全规范 密封蓄电池.docx
GB28742,GB 28742-2012 污水处理设备安全技术规范,其他/通用,.xdf,法律标准\标准\污水\GB 28742-2012 污水处理设备安全技术规范.xdf
GB28742,GB28742-2012污水处理设备安全技术规范,其他/通用,.pdf,法律标准\标准\污水\GB28742-2012污水处理设备安全技术规范.pdf
GB28755,GB 28755-2012 简易升降机安全规程,其他/通用,.pdf,新建文件夹 (2)\GB 28755-2012 简易升降机安全规程.pdf
GB28755,GB 28755-2012 简易升降机安全规程,其他/通用,.rar,标准\升降机\GB 28755-2012 简易升降机安全规程.rar
GB28755,GB 28755-2012 简易升降机安全规程,其他/通用,.pdf,标准\升降机\GB 28755-2012 简易升降机安全规程\GB 28755-2012 简易升降机安全规程.pdf
GB28755,GB 28755-2012 简易升降机安全规程,其他/通用,.xdf,法律标准\标准\升降机\GB 28755-2012 简易升降机安全规程.xdf
GB28755,GB28755-2012 简易升降机安全规程,其他/通用,.pdf,玻璃\GB28755-2012 简易升降机安全规程.pdf
GB2890,GB2890-2022呼吸防护自吸过滤式防毒面具2024.1.1实施,其他/通用,.pdf,标准（2024.3.3下载）\GB2890-2022呼吸防护自吸过滤式防毒面具2024.1.1实施.pdf
GB2893,GB 2893-2008 安全色,其他/通用,.pdf,法律标准\标准\安全管理\GB 2893-2008 安全色.pdf
GB2894,GB 2894-2008 安全标志及其使用导则,其他/通用,.pdf,法律标准\标准\安全管理\GB 2894-2008 安全标志及其使用导则.pdf
GB2894,《安全色和安全标志》(GB2894-2025)培训宣贯专题解读课件,其他/通用,.pptx,安全标准\《安全色和安全标志》(GB2894-2025)培训宣贯专题解读课件.pptx
GB2894,（2025年）安全色和安全标志GB 2894-2025,其他/通用,.pdf,安全标准\（2025年）安全色和安全标志GB 2894-2025.pdf
GB30439.1,GB 30439.1-2013 工业自动化产品安全要求 第1部分：总则,其他/通用,.rar,机器人\GB 30439.1-2013 工业自动化产品安全要求 第1部分：总则.rar
GB30439.1,GB 30439.1-2013 工业自动化产品安全要求 第1部分：总则,其他/通用,.pdf,机器人\GB 30439.1-2013 工业自动化产品安全要求 第1部分：总则\GB 30439.1-2013 工业自动化产品安全要求 第1部分：总则.pdf
GB3095,GB 3095-2012 环境空气质量标准,其他/通用,.pdf,法律标准\标准\环境保护\GB 3095-2012 环境空气质量标准.pdf
GB3096,GB 3096-2008 声环境质量标准,其他/通用,.pdf,法律标准\标准\环境保护\GB 3096-2008 声环境质量标准.pdf
GB320,GB 320-2006 工业用合成盐酸,其他/通用,.rar,标准\新建文件夹\GB 320-2006 工业用合成盐酸.rar
GB320,GB 320-2006 工业用合成盐酸,其他/通用,.pdf,标准\新建文件夹\GB 320-2006 工业用合成盐酸\GB 320-2006 工业用合成盐酸.pdf
GB320,GB320-2006工业用合成盐酸,其他/通用,.doc,法律标准\标准\酸\GB320-2006工业用合成盐酸.doc
GB320,GB320-2006工业用合成盐酸,其他/通用,.docx,法律标准\标准\酸\GB320-2006工业用合成盐酸.docx
GB35848,GB 35848-2018 商用燃气燃烧器具,其他/通用,.pdf,新建文件夹\GB 35848-2018 商用燃气燃烧器具.pdf
GB37219,GB37219-2023充气式游乐设施安全规范2024.7.1实施,其他/通用,.pdf,标准（2024.3.3下载）\GB37219-2023充气式游乐设施安全规范2024.7.1实施.pdf
GB38031,GB 38031-2020 电动汽车用动力蓄电池安全要求,其他/通用,.pdf,锂电池资料\电池\GB 38031-2020 电动汽车用动力蓄电池安全要求.pdf
GB38031,GB 38031-2020 电动汽车用动力蓄电池安全要求,其他/通用,.docx,锂电池资料\电池其他\新建文件夹\GB 38031-2020 电动汽车用动力蓄电池安全要求.docx
GB3836,GB3836 爆炸性环境 第1部分系列标准解读与实施,其他/通用,.xdf,法律标准\标准\爆炸\GB3836 爆炸性环境 第1部分系列标准解读与实施.xdf
GB3836.1,GB 3836.1-2000 爆炸性环境 第1部分：设备 通用要求,其他/通用,.xdf,法律标准\标准\爆炸\GB 3836.1-2000 爆炸性环境 第1部分：设备 通用要求.xdf
GB3836.1,GB 3836.1-2010 爆炸性环境 第1部分：设备 通用要求,其他/通用,.pdf,法律标准\标准\爆炸\GB 3836.1-2010 爆炸性环境 第1部分：设备 通用要求.pdf
GB3836.13,GB 3836.13-2013 爆炸性环境 第13部分： 设备的修理、检修、修复和改造,其他/通用,.xdf,法律标准\标准\爆炸\GB 3836.13-2013 爆炸性环境 第13部分： 设备的修理、检修、修复和改造.xdf
GB3836.142014.,GB3836.142014,其他/通用,.rar,法律标准\标准\GB3836.142014.rar
GB3836.19,GB 3836.19-2010 爆炸性环境 第19部分：现场总线本质安全概念,其他/通用,.xdf,法律标准\标准\爆炸\GB 3836.19-2010 爆炸性环境 第19部分：现场总线本质安全概念.xdf
GB3836.2,GB 3836.2-2010 爆炸性环境 第2部分：由隔爆外壳“d” 保护的设备,其他/通用,.xdf,法律标准\标准\爆炸\GB 3836.2-2010 爆炸性环境 第2部分：由隔爆外壳“d” 保护的设备.xdf
GB3836.20,GB 3836.20-2010 爆炸性环境 第20部分：设备保护,其他/通用,.xdf,法律标准\标准\爆炸\GB 3836.20-2010 爆炸性环境 第20部分：设备保护.xdf
GB3836.3,GB 3836.3-2010 爆炸性环境 第3部分：由增安型“e”保护的设备,其他/通用,.xdf,法律标准\标准\爆炸\GB 3836.3-2010 爆炸性环境 第3部分：由增安型“e”保护的设备.xdf
GB3836.4,GB 3836.4-2010 爆炸性环境 第4部分：由本质安全,其他/通用,.xdf,法律标准\标准\爆炸\GB 3836.4-2010 爆炸性环境 第4部分：由本质安全.xdf
GB3836.8,GB 3836.8-2014 爆炸性环境 第8部分_ 由“n”型保护的设备,其他/通用,.xdf,法律标准\标准\爆炸\GB 3836.8-2014 爆炸性环境 第8部分_ 由“n”型保护的设备.xdf
GB3836.9,GB 3836.9-2014 爆炸性环境  第9部分：由浇封型“m”保护的设备,其他/通用,.xdf,法律标准\标准\爆炸\GB 3836.9-2014 爆炸性环境  第9部分：由浇封型“m”保护的设备.xdf
GB38755,GB 38755-2019 电力系统安全稳定导则,其他/通用,.pdf,电力\GB 38755-2019 电力系统安全稳定导则.pdf
GB3883.1,GB 3883.1-2014 手持式可移式电动工具和园林工具的安全第1部分通用要求,其他/通用,.pdf,法律标准\标准\设备设施\电风梯平台\GB 3883.1-2014 手持式可移式电动工具和园林工具的安全第1部分通用要求.pdf
GB3883.11,GB 3883.11-2012 手持式电动工具的安全 第2部分 往复锯（曲线锯刀锯）的专用要求,其他/通用,.pdf,法律标准\标准\设备设施\电风梯平台\GB 3883.11-2012 手持式电动工具的安全 第2部分 往复锯（曲线锯刀锯）的专用要求.pdf
GB3883.18,GB 3883.18-2009 手持式电动工具的安全 第二部分：石材切割机的专用要求,其他/通用,.pdf,法律标准\标准\石材加工\GB 3883.18-2009 手持式电动工具的安全 第二部分：石材切割机的专用要求.pdf
GB3883.2,GB 3883.2-2005手持式电动工具的安全 第二部分 螺丝刀和冲击扳手的专用要求,其他/通用,.pdf,法律标准\标准\污水\GB 3883.2-2005手持式电动工具的安全 第二部分 螺丝刀和冲击扳手的专用要求.pdf
GB3883.2,GB 3883.2-2012 手持式电动工具的安全 第2部分 螺丝刀和冲击扳手的专用要求,其他/通用,.pdf,法律标准\标准\设备设施\电风梯平台\GB 3883.2-2012 手持式电动工具的安全 第2部分 螺丝刀和冲击扳手的专用要求.pdf
GB3883.3,GB 3883.3-2007手持式电动工具的安全 第二部分 砂轮机的专用要求,其他/通用,.pdf,法律标准\标准\污水\GB 3883.3-2007手持式电动工具的安全 第二部分 砂轮机的专用要求.pdf
GB3883.4,GB 3883.4-2005手持式电动工具的安全 第二部分 非盘式砂光机和抛光机的专用要求,其他/通用,.pdf,法律标准\标准\污水\GB 3883.4-2005手持式电动工具的安全 第二部分 非盘式砂光机和抛光机的专用要求.pdf
GB3883.4,GB 3883.4-2012 手持式电动工具的安全 第2部分 非盘式砂光机和抛光机的专用要求,其他/通用,.pdf,法律标准\标准\设备设施\电风梯平台\GB 3883.4-2012 手持式电动工具的安全 第2部分 非盘式砂光机和抛光机的专用要求.pdf
GB3883.6,GB 3883.6-2012 手持式电动工具的安全 第2部分 电钻和冲击电钻的专用要求,其他/通用,.pdf,法律标准\标准\设备设施\电风梯平台\GB 3883.6-2012 手持式电动工具的安全 第2部分 电钻和冲击电钻的专用要求.pdf
GB3883.7,GB 3883.7-2012 手持式电动工具的安全 第2部分：锤类工具的专用要求,其他/通用,.pdf,法律标准\标准\设备设施\电风梯平台\GB 3883.7-2012 手持式电动工具的安全 第2部分：锤类工具的专用要求.pdf
GB40159,GB 40159-2021 埋刮板输送机 安全规范,其他/通用,.docx,111111\新建文件夹 (2)(1)\新建文件夹 (2)\GB 40159-2021 埋刮板输送机 安全规范.docx
GB40159,GB 40159-2021 埋刮板输送机 安全规范,其他/通用,.pdf,水泥\GB 40159-2021 埋刮板输送机 安全规范.pdf
GB40159,GB40159-2021,其他/通用,.pdf,法律标准\标准\GB40159-2021.pdf
GB40165,GB 40165-2021 固定式电子设备用锂离子电池和电池组 安全技术规范,其他/通用,.pdf,锂电池资料\电池\GB 40165-2021 固定式电子设备用锂离子电池和电池组 安全技术规范.pdf
GB40165,GB 40165-2021 固定式电子设备用锂离子电池和电池组 安全技术规范,其他/通用,.docx,锂电池资料\电池其他\新建文件夹\GB 40165-2021 固定式电子设备用锂离子电池和电池组 安全技术规范.docx
GB4053.1,GB 4053.1-2009 固定式钢梯及平台安全要求第1部分：钢直梯,其他/通用,.pdf,法律标准\标准\设备设施\电风梯平台\GB 4053.1-2009 固定式钢梯及平台安全要求第1部分：钢直梯.pdf
GB4053.2,GB 4053.2-2009 固定式钢梯及平台安全要求第2部分：钢斜梯,其他/通用,.pdf,法律标准\标准\设备设施\电风梯平台\GB 4053.2-2009 固定式钢梯及平台安全要求第2部分：钢斜梯.pdf
GB4053.2,《固定式金属梯及平台安全要求 第2部分：斜梯》（GB4053.2-2025 ）,其他/通用,.pdf,安全标准\《固定式金属梯及平台安全要求 第2部分：斜梯》（GB4053.2-2025 ）.pdf
GB4053.3,GB 4053.3-2009 固定式钢梯及平台安全要求第3部分：工业防护栏杆及钢平台,其他/通用,.pdf,法律标准\标准\设备设施\电风梯平台\GB 4053.3-2009 固定式钢梯及平台安全要求第3部分：工业防护栏杆及钢平台.pdf
GB4053.3,《 固定式金属梯及平台安全要求 第3部分：工业防护栏杆及平台》（GB 4053.3-2025）,其他/通用,.pdf,安全标准\《 固定式金属梯及平台安全要求 第3部分：工业防护栏杆及平台》（GB 4053.3-2025）.pdf
GB4208,GB 4208-2008 外壳防护等级(IP代码),其他/通用,.pdf,法律标准\标准\设备设施\电风梯平台\GB 4208-2008 外壳防护等级(IP代码).pdf
GB42302,GB42302-2022呼吸防护自吸过滤式逃生呼吸器 2024.1.1实施,其他/通用,.pdf,标准（2024.3.3下载）\GB42302-2022呼吸防护自吸过滤式逃生呼吸器 2024.1.1实施.pdf
GB43049,GB43049-2023 连铸机安全技术条件 2024.10.1,其他/通用,.pdf,标准（2024.3.3下载）\GB43049-2023 连铸机安全技术条件 2024.10.1.pdf
GB43352,GB43352-2023 快递包装重金属与特定物质限量 2024.6.1实施,其他/通用,.pdf,标准（2024.3.3下载）\GB43352-2023 快递包装重金属与特定物质限量 2024.6.1实施.pdf
GB43471,GB43471-2023  光源 安全要求 2026.1.1实施,其他/通用,.pdf,标准（2024.3.3下载）\GB43471-2023  光源 安全要求 2026.1.1实施.pdf
GB43473,GB43473-2023  照明产品用控制装置及其部件安全要求 2026.1.1实施,其他/通用,.pdf,标准（2024.3.3下载）\GB43473-2023  照明产品用控制装置及其部件安全要求 2026.1.1实施.pdf
GB4785,GB 4785-2019 汽车及挂车外部照明和光信号装置的安装规定,其他/通用,.pdf,新标准\GB 4785-2019 汽车及挂车外部照明和光信号装置的安装规定.pdf
GB50016,GB50016-2014(2018年版),其他/通用,.rar,法律标准\标准\安全管理\设计\GB50016-2014(2018年版).rar
GB50028,2020《城镇燃气设计规范》GB50028-2006,其他/通用,.doc,法律标准\标准\燃气\2020《城镇燃气设计规范》GB50028-2006.doc
GB50028,2020《城镇燃气设计规范》GB50028-2006,其他/通用,.docx,法律标准\标准\燃气\2020《城镇燃气设计规范》GB50028-2006.docx
GB50028,GB 50028-1993 城镇燃气设计规范(2002年版),其他/通用,.xdf,法律标准\标准\燃气\GB 50028-1993 城镇燃气设计规范(2002年版).xdf
GB50028,GB 50028-2006 城镇燃气设计规范,其他/通用,.pdf,法律标准\标准\燃气\城镇燃气\GB 50028-2006 城镇燃气设计规范.pdf
GB50028,GB50028-2006 城镇燃气设计规范,其他/通用,.pdf,法律标准\标准\安全管理\设计\GB50028-2006 城镇燃气设计规范.pdf
GB50028,《城镇燃气设计规范(2020版)》GB50028-2006,其他/通用,.pdf,法律标准\标准\燃气\城镇燃气\《城镇燃气设计规范(2020版)》GB50028-2006.pdf
GB50028,《城镇燃气设计规范》GB50028-2006（局部修订）征求意见稿,其他/通用,.docx,法律标准\标准\燃气\城镇燃气\《城镇燃气设计规范》GB50028-2006（局部修订）征求意见稿.docx
GB50028,城镇燃气设计规范-GB50028-2006,其他/通用,.doc,法律标准\标准\安全管理\设计\城镇燃气设计规范-GB50028-2006.doc
GB50028,城镇燃气设计规范-GB50028-2006,其他/通用,.docx,法律标准\标准\安全管理\设计\城镇燃气设计规范-GB50028-2006.docx
GB500282006.,城镇燃气设计规范GB500282006,其他/通用,.doc,法律标准\标准\燃气\城镇燃气\城镇燃气设计规范GB500282006.doc
GB500282006.,城镇燃气设计规范GB500282006,其他/通用,.docx,法律标准\标准\燃气\城镇燃气\城镇燃气设计规范GB500282006.docx
GB50029,GB 50029-2014 压缩空气站设计规范,其他/通用,.pdf,法律标准\标准\安全管理\设计\GB 50029-2014 压缩空气站设计规范.pdf
GB50030,GB 50030-2013 氧气站设计规范,其他/通用,.doc,法律标准\标准\安全管理\设计\GB 50030-2013 氧气站设计规范.doc
GB50030,GB 50030-2013 氧气站设计规范,其他/通用,.docx,法律标准\标准\安全管理\设计\GB 50030-2013 氧气站设计规范.docx
GB50030,GB 50030-2013 氧气站设计规范,其他/通用,.pdf,法律标准\标准\安全管理\设计\GB 50030-2013 氧气站设计规范.pdf
GB50030,（高清正版） GB 50030-1991,其他/通用,.xdf,法律标准\标准\（高清正版） GB 50030-1991.xdf
GB50053,GB 50053-2013 20kV及以下变电所设计规范,其他/通用,.pdf,法律标准\标准\安全管理\设计\GB 50053-2013 20kV及以下变电所设计规范.pdf
GB50058,GB 50058-2014 爆炸危险环境电力装置设计规范,其他/通用,.pdf,法律标准\标准\安全管理\设计\GB 50058-2014 爆炸危险环境电力装置设计规范.pdf
GB50059,GB 50059-2011 35-110KV 变电所设计规范,其他/通用,.pdf,法律标准\标准\安全管理\设计\GB 50059-2011 35-110KV 变电所设计规范.pdf
GB50072,GB 50072-2001 冷库设计规范,其他/通用,.rar,新标准\GB 50072-2001 冷库设计规范.rar
GB50072,GB 50072-2001 冷库设计规范,其他/通用,.pdf,新标准\GB 50072-2001 冷库设计规范\GB 50072-2001 冷库设计规范.pdf
GB50072,GB 50072-2021《冷库设计标准》,其他/通用,.xdf,111111\GB 50072-2021《冷库设计标准》.xdf
GB50072,GB50072-2010 冷库设计规范,其他/通用,.docx,法律标准\标准\安全管理\设计\GB50072-2010 冷库设计规范.docx
GB50072,GB50072-2010 冷库设计规范,其他/通用,.pdf,法律标准\标准\安全管理\设计\GB50072-2010 冷库设计规范.pdf
GB50072,GB50072-2010--冷库设计规范条文说明,其他/通用,.pdf,法律标准\标准\安全管理\设计\GB50072-2010--冷库设计规范条文说明.pdf
GB50072,GB50072-2010冷库设计规范,其他/通用,.rtf,法律标准\标准\安全管理\设计\GB50072-2010冷库设计规范.rtf
GB50073,GB 50073-2013 洁净厂房设计规范,其他/通用,.pdf,法律标准\标准\安全管理\设计\GB 50073-2013 洁净厂房设计规范.pdf
GB50074,GB 50074-2014 石油库设计规范,其他/通用,.pdf,法律标准\标准\安全管理\设计\GB 50074-2014 石油库设计规范.pdf
GB50143,GB 50143-2018 架空电力线路、变电站（所）对电视差转台、转播台无线电干扰防护间距标准,其他/通用,.pdf,新标准\电力线路\GB 50143-2018 架空电力线路、变电站（所）对电视差转台、转播台无线电干扰防护间距标准.pdf
GB50156,GB50156-2012(2013版)局部修订内容表,其他/通用,.pdf,法律标准\标准\新建文件夹\GB50156-2012(2013版)局部修订内容表.pdf
GB50187,GB50187-2012 工业企业总平面设计规范,其他/通用,.pdf,法律标准\标准\安全管理\设计\GB50187-2012 工业企业总平面设计规范.pdf
GB50195,GB 50195-2013 发生炉煤气站设计规范,其他/通用,.pdf,法律标准\标准\燃气\煤气\GB 50195-2013 发生炉煤气站设计规范.pdf
GB50217,GB 50217-2018 电力工程电缆设计标准,其他/通用,.pdf,电力\GB 50217-2018 电力工程电缆设计标准.pdf
GB50217,GB50217-2018-电力工程电缆设计标准8解析(新),其他/通用,.pdf,法律标准\标准\安全管理\设计\GB50217-2018-电力工程电缆设计标准8解析(新).pdf
GB50217,GB50217电力电缆设计敷设规范,其他/通用,.xdf,法律标准\标准\线路\GB50217电力电缆设计敷设规范.xdf
GB50260,GB 50260-2013 电力设施抗震设计规范,其他/通用,.pdf,电力\GB 50260-2013 电力设施抗震设计规范.pdf
GB50295,GB 50295-2016 水泥工厂设计规范,其他/通用,.docx,111111\新建文件夹 (2)(1)\新建文件夹 (2)\GB 50295-2016 水泥工厂设计规范.docx
GB50295,GB 50295-2016 水泥工厂设计规范,其他/通用,.pdf,水泥\GB 50295-2016 水泥工厂设计规范.pdf
GB50295,GB 50295-2016 水泥工厂设计规范,其他/通用,.pdf,法律标准\标准\安全管理\设计\GB 50295-2016 水泥工厂设计规范.pdf
GB50295,GB 50295-2016 水泥工厂设计规范,其他/通用,.docx,法律标准\标准\水泥\GB 50295-2016 水泥工厂设计规范.docx
GB50316,GB 50316-2008 工业金属管道设计规范,其他/通用,.pdf,法律标准\标准\安全管理\设计\GB 50316-2008 工业金属管道设计规范.pdf
GB50320,GB50320-2014 粮食平仓房设计规范,其他/通用,.rar,法律标准\标准\爆炸\GB50320-2014 粮食平仓房设计规范.rar
GB50322,GB 50322-2011 粮食钢板筒仓设计规范,其他/通用,.rar,新建文件夹 (2)\GB 50322-2011 粮食钢板筒仓设计规范.rar
GB50322,GB 50322-2011 粮食钢板筒仓设计规范,其他/通用,.pdf,新建文件夹 (2)\GB 50322-2011 粮食钢板筒仓设计规范\GB 50322-2011 粮食钢板筒仓设计规范.pdf
GB50322,GB 50322-2011 粮食钢板筒仓设计规范,其他/通用,.pdf,粮食加工\GB 50322-2011 粮食钢板筒仓设计规范.pdf
GB50334,GB 50334-2017城镇污水处理厂工程质量验收规范,其他/通用,.xdf,法律标准\标准\污水\GB 50334-2017城镇污水处理厂工程质量验收规范.xdf
GB50348,GB 50348-2018 安全防范工程技术标准,其他/通用,.pdf,新标准\电力线路\GB 50348-2018 安全防范工程技术标准.pdf
GB50431,GB 50431-2020 带式输送机工程技术标准,其他/通用,.pdf,法律标准\标准\水泥\GB 50431-2020 带式输送机工程技术标准.pdf
GB50431,GB 50431-2020 带式输送机工程技术标准-001-076,其他/通用,.pdf,法律标准\标准\水泥\GB 50431-2020 带式输送机工程技术标准\GB 50431-2020 带式输送机工程技术标准-001-076.pdf
GB50431,GB 50431-2020 带式输送机工程技术标准-077-152,其他/通用,.docx,法律标准\标准\水泥\GB 50431-2020 带式输送机工程技术标准\GB 50431-2020 带式输送机工程技术标准-077-152.docx
GB50431,GB 50431-2020 带式输送机工程技术标准-077-152,其他/通用,.pdf,法律标准\标准\水泥\GB 50431-2020 带式输送机工程技术标准\GB 50431-2020 带式输送机工程技术标准-077-152.pdf
GB50431,GB 50431-2020 带式输送机工程技术标准-153-228,其他/通用,.docx,法律标准\标准\水泥\GB 50431-2020 带式输送机工程技术标准\GB 50431-2020 带式输送机工程技术标准-153-228.docx
GB50431,GB 50431-2020 带式输送机工程技术标准-153-228,其他/通用,.pdf,法律标准\标准\水泥\GB 50431-2020 带式输送机工程技术标准\GB 50431-2020 带式输送机工程技术标准-153-228.pdf
GB50431,GB 50431-2020 带式输送机工程技术标准-153-228,其他/通用,.docx,输送带（机）\GB 50431-2020 带式输送机工程技术标准-153-228.docx
GB50431,《带式输送机工程设计规范》(GB50431-2008)(1),其他/通用,.pdf,法律标准\标准\输送机\《带式输送机工程设计规范》(GB50431-2008)(1).pdf
GB50545,GB 50545-2010 110kV_750kV架空输电线路设计规范,其他/通用,.rar,新标准\电力线路\GB 50545-2010 110kV_750kV架空输电线路设计规范.rar
GB50588,GB 50588-2010 水泥工厂余热发电设计规范,其他/通用,.pdf,法律标准\标准\安全管理\设计\GB 50588-2010 水泥工厂余热发电设计规范.pdf
GB50660,GB 50660-2011 大中型火力发电厂设计规范,其他/通用,.rar,垃圾发电补充2\GB 50660-2011 大中型火力发电厂设计规范.rar
GB50703,GB 50703-2011-T 电力系统安全自动装置设计规范,其他/通用,.pdf,法律标准\标准\安全管理\设计\GB 50703-2011-T 电力系统安全自动装置设计规范.pdf
GB50797,GB 50797-2012 光伏发电站设计规范,其他/通用,.pdf,光伏\GB 50797-2012 光伏发电站设计规范.pdf
GB5083,GB 5083-1999 生产设备安全卫生设计总则,其他/通用,.rar,新标准\GB 5083-1999 生产设备安全卫生设计总则.rar
GB5083,GB 5083-1999 生产设备安全卫生设计总则,其他/通用,.pdf,新标准\GB 5083-1999 生产设备安全卫生设计总则\GB 5083-1999 生产设备安全卫生设计总则.pdf
GB5083,GB 5083-1999 生产设备安全卫生设计总则,其他/通用,.pdf,法律标准\标准\安全管理\设计\GB 5083-1999 生产设备安全卫生设计总则.pdf
GB5083,GB5083-2023 生产设备安全卫生设计总则,其他/通用,.pdf,安全标准\GB5083-2023 生产设备安全卫生设计总则.pdf
GB5083,GB5083-2023 生产设备安全卫生设计总则 2025.1.1实施,其他/通用,.pdf,标准（2024.3.3下载）\GB5083-2023 生产设备安全卫生设计总则 2025.1.1实施.pdf
GB50884,GB 50884-2013 钢筒仓技术规范,其他/通用,.rar,标准\GB 50884-2013 钢筒仓技术规范.rar
GB50884,GB 50884-2013 钢筒仓技术规范,其他/通用,.pdf,标准\GB 50884-2013 钢筒仓技术规范\GB 50884-2013 钢筒仓技术规范.pdf
GB50897,GB 50897-2013 装饰石材工厂设计规范,其他/通用,.pdf,法律标准\标准\石材加工\GB 50897-2013 装饰石材工厂设计规范.pdf
GB50966,GB 50966-2014 电动汽车充电站设计规范,其他/通用,.pdf,法律标准\标准\安全管理\设计\GB 50966-2014 电动汽车充电站设计规范.pdf
GB50966,GB 50966-2014 电动汽车充电站设计规范,其他/通用,.pdf,电动汽车\GB 50966-2014 电动汽车充电站设计规范.pdf
GB50966,GB 50966-2014 电动汽车充电站设计规范,其他/通用,.rar,电动汽车\GB 50966-2014 电动汽车充电站设计规范.rar
GB50966,GB 50966-2014 电动汽车充电站设计规范,其他/通用,.pdf,电池\GB 50966-2014 电动汽车充电站设计规范.pdf
GB51052,GB 51052-2014 毛纺织工厂设计规范,其他/通用,.pdf,法律标准\标准\安全管理\设计\GB 51052-2014 毛纺织工厂设计规范.pdf
GB51066,GB 51066-2014 工业企业干式煤气柜安全技术规范,其他/通用,.pdf,法律标准\标准\燃气\煤气\GB 51066-2014 工业企业干式煤气柜安全技术规范.pdf
GB51102,GB 51102-2016 压缩天然气供应站设计规范,其他/通用,.pdf,法律标准\标准\GB 51102-2016 压缩天然气供应站设计规范.pdf
GB51102,GB 51102-2016 压缩天然气供应站设计规范,其他/通用,.rar,法律标准\标准\压缩天然气\GB 51102-2016 压缩天然气供应站设计规范.rar
GB51102,GB51102-2016 压缩天然气供应站设计规范.,其他/通用,.xdf,法律标准\标准\安全管理\设计\GB51102-2016 压缩天然气供应站设计规范..xdf
GB51102,《压缩天然气供应站设计规范》(GB51102-2,其他/通用,.doc,法律标准\标准\燃气\《压缩天然气供应站设计规范》(GB51102-2.doc
GB51102,《压缩天然气供应站设计规范》(GB51102-2,其他/通用,.docx,法律标准\标准\燃气\《压缩天然气供应站设计规范》(GB51102-2.docx
GB51156,GB 51156-2015 液化天然气接收站工程设计规范,其他/通用,.xdf,法律标准\标准\燃气\GB 51156-2015 液化天然气接收站工程设计规范.xdf
GB51219,GB 51219-2017 禽类屠宰与分割车间设计规范,其他/通用,.pdf,法律标准\标准\安全管理\设计\GB 51219-2017 禽类屠宰与分割车间设计规范.pdf
GB51377,GB 51377-2019 锂离子电池工厂设计标准,其他/通用,.pdf,锂电池资料\电池\GB 51377-2019 锂离子电池工厂设计标准.pdf
GB51377,GB 51377-2019 锂离子电池工厂设计标准,其他/通用,.docx,锂电池资料\电池其他\新建文件夹\GB 51377-2019 锂离子电池工厂设计标准.docx
GB55009,GB 55009-2021 燃气工程项目规范,其他/通用,.pdf,新建文件夹\GB 55009-2021 燃气工程项目规范.pdf
GB55009,GB55009-2021燃气工程项目规范,其他/通用,.pdf,新标准\GB55009-2021燃气工程项目规范.pdf
GB567.1,GB 567.1-2012 爆破片安全装置 第1部分：基本要求,其他/通用,.pdf,法律标准\标准\爆破片\GB 567.1-2012 爆破片安全装置 第1部分：基本要求.PDF
GB567.2,GB 567.2-2012 爆破片安全装置 第2部分：应用、选择与安装,其他/通用,.pdf,法律标准\标准\爆破片\GB 567.2-2012 爆破片安全装置 第2部分：应用、选择与安装.PDF
GB567.3,GB 567.3-2012 爆破片安全装置 第3部分：分类及安装尺寸,其他/通用,.pdf,法律标准\标准\爆破片\GB 567.3-2012 爆破片安全装置 第3部分：分类及安装尺寸.PDF
GB567.4,GB 567.4-2012 爆破片安全装置 第4部分：型式试验,其他/通用,.pdf,法律标准\标准\爆破片\GB 567.4-2012 爆破片安全装置 第4部分：型式试验.PDF
GB5959,GB5959 电热装置的安全,其他/通用,.rar,法律标准\标准\GB5959 电热装置的安全\GB5959 电热装置的安全.rar
GB5959.1,GB 5959.1-2005 电热装置的安全 第1部分：通用要求,其他/通用,.pdf,法律标准\标准\设备设施\其他\GB 5959.1-2005 电热装置的安全 第1部分：通用要求.pdf
GB5959.13,GB 5959.13-2008 电热装置的安全 第13部分：对具有爆炸性气氛的电热装置的特殊要求,其他/通用,.xdf,法律标准\标准\爆炸\GB 5959.13-2008 电热装置的安全 第13部分：对具有爆炸性气氛的电热装置的特殊要求.xdf
GB5959.13,GB 5959.13-2008 电热装置的安全 第13部分：对具有爆炸性气氛的电热装置的特殊要求,其他/通用,.pdf,法律标准\标准\设备设施\其他\GB 5959.13-2008 电热装置的安全 第13部分：对具有爆炸性气氛的电热装置的特殊要求.pdf
GB5959.2,GB 5959.2-2008 电热装置的安全 第2部分：对电弧炉装置的特殊要求,其他/通用,.pdf,法律标准\标准\GB5959 电热装置的安全\GB 5959.2-2008 电热装置的安全 第2部分：对电弧炉装置的特殊要求.pdf
GB5959.3,GB 5959.3-1988 电热设备的安全 第三部分 对感应和导电加热设备以及感应熔炼设备的特殊要求,其他/通用,.pdf,法律标准\法律法规\培训\天津所用法规\GB 5959.3-1988 电热设备的安全 第三部分 对感应和导电加热设备以及感应熔炼设备的特殊要求.pdf
GB5959.3,GB 5959.3-2008 电热装置的安全 第3部分：对感应和导电加热装置以及感应熔炼装置的特殊要求,其他/通用,.rar,新标准\GB 5959.3-2008 电热装置的安全 第3部分：对感应和导电加热装置以及感应熔炼装置的特殊要求.rar
GB5959.3,GB 5959.3-2008 电热装置的安全 第3部分：对感应和导电加热装置以及感应熔炼装置的特殊要求,其他/通用,.pdf,新标准\GB 5959.3-2008 电热装置的安全 第3部分：对感应和导电加热装置以及感应熔炼装置的特殊要求\GB 5959.3-2008 电热装置的安全 第3部分：对感应和导电加热装置以及感应熔炼装置的特殊要求.pdf
GB5959.3,GB 5959.3-2008 电热装置的安全 第3部分：对感应和导电加热装置以及感应熔炼装置的特殊要求,其他/通用,.pdf,法律标准\标准\GB5959 电热装置的安全\GB 5959.3-2008 电热装置的安全 第3部分：对感应和导电加热装置以及感应熔炼装置的特殊要求.pdf
GB5959.4,GB 5959.4-2008 电热装置的安全 第4部分：对电阻加热装置的特殊要求,其他/通用,.rar,标准123\GB 5959.4-2008 电热装置的安全 第4部分：对电阻加热装置的特殊要求.rar
GB5959.4,GB 5959.4-2008 电热装置的安全 第4部分：对电阻加热装置的特殊要求,其他/通用,.pdf,标准123\GB 5959.4-2008 电热装置的安全 第4部分：对电阻加热装置的特殊要求\GB 5959.4-2008 电热装置的安全 第4部分：对电阻加热装置的特殊要求.pdf
GB5959.5,GB 5959.5-2014 电热装置的安全 第5部分：对等离子体装置的特殊要求,其他/通用,.pdf,法律标准\标准\GB5959 电热装置的安全\GB 5959.5-2014 电热装置的安全 第5部分：对等离子体装置的特殊要求.pdf
GB5959.6,GB 5959.6-2008 电热装置的安全 第6部分 工业微波加热设备的安全规范,其他/通用,.pdf,法律标准\标准\GB5959 电热装置的安全\GB 5959.6-2008 电热装置的安全 第6部分 工业微波加热设备的安全规范.pdf
GB5959.7,GB 5959.7-2008 电热装置的安全 第7部分：对具有电子枪的装置的特殊要求,其他/通用,.pdf,法律标准\标准\GB5959 电热装置的安全\GB 5959.7-2008 电热装置的安全 第7部分：对具有电子枪的装置的特殊要求.pdf
GB5959.8,GB 5959.8-2007 电热装置的安全 第8部分：对电渣重熔炉的特殊要求,其他/通用,.pdf,法律标准\标准\GB5959 电热装置的安全\GB 5959.8-2007 电热装置的安全 第8部分：对电渣重熔炉的特殊要求.pdf
GB5959.9,GB 5959.9-2008 电热装置的安全 第9部分：对高频介质加热装置的特殊要求,其他/通用,.pdf,法律标准\标准\GB5959 电热装置的安全\GB 5959.9-2008 电热装置的安全 第9部分：对高频介质加热装置的特殊要求.PDF
GB6095,GB 6095-2009 安全带,其他/通用,.pdf,法律标准\标准\设备设施\其他\GB 6095-2009 安全带.pdf
GB6220,GB6220-2023 呼吸防护 长管呼吸器 2025.1.1实施,其他/通用,.pdf,标准（2024.3.3下载）\GB6220-2023 呼吸防护 长管呼吸器 2025.1.1实施.pdf
GB6222,GB 6222-2005 工业企业煤气安全规程,其他/通用,.doc,法律标准\标准\燃气\煤气\GB 6222-2005 工业企业煤气安全规程.doc
GB6222,GB 6222-2005 工业企业煤气安全规程,其他/通用,.docx,法律标准\标准\燃气\煤气\GB 6222-2005 工业企业煤气安全规程.docx
GB6222,GB 6222-2005 工业企业煤气安全规程,其他/通用,.pdf,法律标准\标准\燃气\煤气\GB 6222-2005 工业企业煤气安全规程.pdf
GB6223,GB 6223-86过滤口罩,其他/通用,.doc,法律标准\标准\新建文件夹\GB 6223-86过滤口罩.doc
GB6223,GB 6223-86过滤口罩,其他/通用,.docx,法律标准\标准\新建文件夹\GB 6223-86过滤口罩.docx
GB6514,国家标准GB 6514-2008电子版下载 1,其他/通用,.xdf,法律标准\标准\设备设施\涂装作业\国家标准GB 6514-2008电子版下载 1.xdf
GB7231,GB 7231-2003 工业管道基本识别色、识别符号和安全标识,其他/通用,.pdf,法律标准\标准\安全管理\GB 7231-2003 工业管道基本识别色、识别符号和安全标识.pdf
GB72312003,GB72312003工业管道的基本识别色识别符号和安全标识,其他/通用,.doc,法律标准\标准\安全管理\GB72312003工业管道的基本识别色识别符号和安全标识.doc
GB72312003,GB72312003工业管道的基本识别色识别符号和安全标识,其他/通用,.docx,法律标准\标准\安全管理\GB72312003工业管道的基本识别色识别符号和安全标识.docx
GB7247.1,GB 7247.1-2012 激光产品的安全 第1部分设备分类、要求,其他/通用,.pdf,锂电池资料\电池\GB 7247.1-2012 激光产品的安全 第1部分设备分类、要求.pdf
GB7247.1,GB 7247.1-2012 激光产品的安全 第1部分设备分类、要求,其他/通用,.docx,锂电池资料\电池其他\新建文件夹\GB 7247.1-2012 激光产品的安全 第1部分设备分类、要求.docx
GB7251.1,GB 7251.1-2013 低压成套开关设备和控制设备 第1部分总则,其他/通用,.rar,新标准\GB 7251.1-2013 低压成套开关设备和控制设备 第1部分总则.rar
GB7251.1,GB 7251.1-2013 低压成套开关设备和控制设备 第1部分总则,其他/通用,.pdf,新标准\GB 7251.1-2013 低压成套开关设备和控制设备 第1部分总则\GB 7251.1-2013 低压成套开关设备和控制设备 第1部分总则.pdf
GB7300.502,GB7300.502-2023 饲料添加剂第5部分微生物植物乳杆菌 2024.6.1,其他/通用,.pdf,标准（2024.3.3下载）\GB7300.502-2023 饲料添加剂第5部分微生物植物乳杆菌 2024.6.1.pdf
GB7300.802,GB7300.802-2023饲料添加剂 第8部分：防腐剂、防霉剂和酸度调节剂 丙酸 2024.12.1,其他/通用,.pdf,标准（2024.3.3下载）\GB7300.802-2023饲料添加剂 第8部分：防腐剂、防霉剂和酸度调节剂 丙酸 2024.12.1.pdf
GB7691,GB 7691-2003 涂装作业安全规程 安全管理通则,其他/通用,.pdf,法律标准\标准\设备设施\涂装作业\GB 7691-2003 涂装作业安全规程 安全管理通则.pdf
GB7691,GB 7691-2003涂装作业安全规程-安全管理通则,其他/通用,.doc,法律标准\标准\设备设施\涂装作业\GB 7691-2003涂装作业安全规程-安全管理通则.doc
GB7691,GB 7691-2003涂装作业安全规程-安全管理通则,其他/通用,.docx,法律标准\标准\设备设施\涂装作业\GB 7691-2003涂装作业安全规程-安全管理通则.docx
GB8599,GB8599-2023 大型压力蒸汽灭菌器技术要求 2026.10.1实施,其他/通用,.pdf,标准（2024.3.3下载）\GB8599-2023 大型压力蒸汽灭菌器技术要求 2026.10.1实施.pdf
GB8897.4,GB 8897.4-2008 原电池 第4部分：锂电池的安全要求,其他/通用,.pdf,锂电池资料\电池\GB 8897.4-2008 原电池 第4部分：锂电池的安全要求.pdf
GB8897.4,GB 8897.4-2008 原电池 第4部分：锂电池的安全要求,其他/通用,.docx,锂电池资料\电池其他\新建文件夹\GB 8897.4-2008 原电池 第4部分：锂电池的安全要求.docx
GB8897.4,GB 8897.4-2008 原电池 第4部分：锂电池的安全要求_325,其他/通用,.docx,锂电池资料\电池其他\新建文件夹\GB 8897.4-2008 原电池 第4部分：锂电池的安全要求_325.docx
GB9448,GB 9448-1999 焊接与切割安全,其他/通用,.doc,法律标准\标准\设备设施\焊接设备\GB 9448-1999 焊接与切割安全.doc
GB9448,GB 9448-1999 焊接与切割安全,其他/通用,.docx,法律标准\标准\设备设施\焊接设备\GB 9448-1999 焊接与切割安全.docx
GB9448,GB 9448-1999 焊接与切割安全,其他/通用,.pdf,玻璃\GB 9448-1999 焊接与切割安全.pdf
GB9448,《焊接与切割安全》（GB 9448-2025）,其他/通用,.pdf,安全标准\《焊接与切割安全》（GB 9448-2025）.pdf
GB9667,GB9667-1996 游泳场所卫生标准,其他/通用,.doc,法律标准\标准\体育\秋实\GB9667-1996 游泳场所卫生标准.doc
GB9667,GB9667-1996 游泳场所卫生标准,其他/通用,.docx,法律标准\标准\体育\秋实\GB9667-1996 游泳场所卫生标准.docx
GBJ13,GBJ13-2006 室外给水设计规范,其他/通用,.doc,法律标准\标准\安全管理\设计\GBJ13-2006 室外给水设计规范.doc
GBJ13,GBJ13-2006 室外给水设计规范,其他/通用,.docx,法律标准\标准\安全管理\设计\GBJ13-2006 室外给水设计规范.docx
GBT--15605,泄爆面积计算表(适用--GBT--15605-1995),其他/通用,.xls,法律标准\标准\泄爆面积计算表(适用--GBT--15605-1995).xls
GBT10067.1,GBT 10067.1-2005 电热装置基本技术条件 第1部分 通用部分,其他/通用,.pdf,法律标准\标准\设备设施\其他\GBT 10067.1-2005 电热装置基本技术条件 第1部分 通用部分.pdf
GBT10067.1,GBT 10067.1-2005 电热装置基本技术条件 第1部分 通用部分,其他/通用,.pdf,法律标准\标准\设备设施\感应炉\GBT 10067.1-2005 电热装置基本技术条件 第1部分 通用部分.pdf
GBT10067.3,GBT 10067.3-2005 电热装置基本技术条件 第3部分：感应电热装置,其他/通用,.pdf,法律标准\法律法规\培训\天津所用法规\GBT 10067.3-2005 电热装置基本技术条件 第3部分：感应电热装置.pdf
GBT10067.3,GBT 10067.3-2015 电热装置基本技术条件 第3部分：感应电热装置,其他/通用,.pdf,法律标准\标准\设备设施\感应炉\GBT 10067.3-2015 电热装置基本技术条件 第3部分：感应电热装置.pdf
GBT10067.31,GBT 10067.31-2013 电热装置基本技术条件 第31部分：中频无心感应炉,其他/通用,.pdf,法律标准\标准\设备设施\感应炉\GBT 10067.31-2013 电热装置基本技术条件 第31部分：中频无心感应炉.pdf
GBT10067.32,GBT 10067.32-2013 电热装置基本技术条件 第32部分：电压型变频多台中频无心感应炉成套装置,其他/通用,.pdf,法律标准\标准\设备设施\感应炉\GBT 10067.32-2013 电热装置基本技术条件 第32部分：电压型变频多台中频无心感应炉成套装置.pdf
GBT10067.34,GBT 10067.34-2015 电热装置基本技术条件 第34部分：晶体管式高频感应加热装置,其他/通用,.pdf,法律标准\标准\设备设施\感应炉\GBT 10067.34-2015 电热装置基本技术条件 第34部分：晶体管式高频感应加热装置.pdf
GBT10067.35,GBT 10067.35-2015 电热装置基本技术条件 第35部分：中频真空感应熔炼炉,其他/通用,.pdf,法律标准\标准\设备设施\感应炉\GBT 10067.35-2015 电热装置基本技术条件 第35部分：中频真空感应熔炼炉.pdf
GBT10067.4,GBT 10067.4-2005 电热装置基本技术条件 第4部分：间接电阻炉,其他/通用,.rar,标准123\GBT 10067.4-2005 电热装置基本技术条件 第4部分：间接电阻炉.rar
GBT10067.4,GBT 10067.4-2005 电热装置基本技术条件 第4部分：间接电阻炉,其他/通用,.pdf,标准123\GBT 10067.4-2005 电热装置基本技术条件 第4部分：间接电阻炉\GBT 10067.4-2005 电热装置基本技术条件 第4部分：间接电阻炉.pdf
GBT10067.4,GBT 10067.4-2005 电热装置基本技术条件 第4部分：间接电阻炉,其他/通用,.pdf,法律标准\法律法规\培训\天津所用法规\GBT 10067.4-2005 电热装置基本技术条件 第4部分：间接电阻炉.pdf
GBT10067.41,GBT 10067.41-2013 电热装置基本技术条件 第41部分：网带式电阻加热机组,其他/通用,.pdf,法律标准\法律法规\培训\天津所用法规\GBT 10067.41-2013 电热装置基本技术条件 第41部分：网带式电阻加热机组.pdf
GBT10067.42,GBT 10067.42-2013 电热装置基本技术条件 第42部分：推送式电阻加热机组,其他/通用,.pdf,法律标准\法律法规\培训\天津所用法规\GBT 10067.42-2013 电热装置基本技术条件 第42部分：推送式电阻加热机组.pdf
GBT10067.5,GBT 10067.5-1993 电热设备基本技术条件 高频介质加热设备,其他/通用,.pdf,法律标准\标准\设备设施\感应炉\GBT 10067.5-1993 电热设备基本技术条件 高频介质加热设备.pdf
GBT10077,GBT 10077-2008 锂原电池分类、型号命名及基本特性,其他/通用,.pdf,锂电池资料\电池\GBT 10077-2008 锂原电池分类、型号命名及基本特性.pdf
GBT10077,GBT 10077-2008 锂原电池分类、型号命名及基本特性,其他/通用,.docx,锂电池资料\电池其他\新建文件夹\GBT 10077-2008 锂原电池分类、型号命名及基本特性.docx
GBT12241,GBT12241-2005,其他/通用,.pdf,新文件包\补充法规\GB_T12241-2005  安全阀 一般要求\GB-T12241-2005\GB-T 12241-2005\标准搜搜网 (35).com\GBT12241-2005.pdf
GBT13164,GBT 13164 -2003 埋弧焊机,其他/通用,.rar,新标准\GBT 13164 -2003 埋弧焊机.rar
GBT13164,GBT 13164 -2003 埋弧焊机,其他/通用,.pdf,新标准\GBT 13164 -2003 埋弧焊机\GBT 13164 -2003 埋弧焊机.pdf
GBT13611,GBT 13611-2018 城镇燃气分类和基本特性,其他/通用,.pdf,法律标准\标准\燃气\GBT 13611-2018 城镇燃气分类和基本特性.pdf
GBT13861,GBT 13861-2009 生产过程危险和有害因素分类与代码,其他/通用,.doc,法律标准\标准\污水\GBT 13861-2009 生产过程危险和有害因素分类与代码.doc
GBT13861,GBT 13861-2009 生产过程危险和有害因素分类与代码,其他/通用,.docx,法律标准\标准\污水\GBT 13861-2009 生产过程危险和有害因素分类与代码.docx
GBT14048.18,GBT 14048.18-2016 低压开关设备和控制设备 第7-3部分：辅助器件 熔断器接线端子排的,其他/通用,.rar,新标准\GBT 14048.18-2016 低压开关设备和控制设备 第7-3部分：辅助器件 熔断器接线端子排的.rar
GBT14048.18,GBT 14048.18-2016 低压开关设备和控制设备 第7-3部分：辅助器件 熔断器接线端子排的,其他/通用,.pdf,新标准\GBT 14048.18-2016 低压开关设备和控制设备 第7-3部分：辅助器件 熔断器接线端子排的\GBT 14048.18-2016 低压开关设备和控制设备 第7-3部分：辅助器件 熔断器接线端子排的.pdf
GBT14048.19,GBT 14048.19-2013 低压开关设备和控制设备 第5-7部分：控制电路电器和开关元件 用于带模拟输出的接近设备的要求,其他/通用,.rar,新标准\GBT 14048.19-2013 低压开关设备和控制设备 第5-7部分：控制电路电器和开关元件 用于带模拟输出的接近设备的要求.rar
GBT14048.19,GBT 14048.19-2013 低压开关设备和控制设备 第5-7部分：控制电路电器和开关元件 用于带模拟输出的接近设备的要求,其他/通用,.pdf,新标准\GBT 14048.19-2013 低压开关设备和控制设备 第5-7部分：控制电路电器和开关元件 用于带模拟输出的接近设备的要求\GBT 14048.19-2013 低压开关设备和控制设备 第5-7部分：控制电路电器和开关元件 用于带模拟输出的接近设备的要求.pdf
GBT14566.1,GBT 14566.1-2011 爆破片型式与参数 第1部分：正拱形爆破片,其他/通用,.pdf,法律标准\标准\爆破片\GBT 14566.1-2011 爆破片型式与参数 第1部分：正拱形爆破片.pdf
GBT14566.2,GBT 14566.2-2011 爆破片型式与参数 第2部分：反拱形爆破片,其他/通用,.pdf,法律标准\标准\爆破片\GBT 14566.2-2011 爆破片型式与参数 第2部分：反拱形爆破片.pdf
GBT14566.3,GBT 14566.3-2011 爆破片型式与参数 第3部分：平板形爆破片,其他/通用,.pdf,法律标准\标准\爆破片\GBT 14566.3-2011 爆破片型式与参数 第3部分：平板形爆破片.pdf
GBT14566.4,GBT 14566.4-2011 爆破片型式与参数 第4部分：石墨爆破片,其他/通用,.pdf,法律标准\标准\爆破片\GBT 14566.4-2011 爆破片型式与参数 第4部分：石墨爆破片.pdf
GBT14598.300,GBT 14598.300-2017 变压器保护装置通用技术要求,其他/通用,.pdf,新标准\GB∕T 14598.300-2017 变压器保护装置通用技术要求\GBT 14598.300-2017 变压器保护装置通用技术要求.pdf
GBT15912.1,GBT 15912.1-2009 制冷机组及供制冷系统节能测试 第1部分：冷库,其他/通用,.rar,法律标准\标准\制冷\GBT 15912.1-2009 制冷机组及供制冷系统节能测试 第1部分：冷库.rar
GBT16714,GBT 16714-2007 连续式粮食干燥机,其他/通用,.pdf,粮食加工\GBT 16714-2007 连续式粮食干燥机.pdf
GBT17110,GBT 17110-2008 商店购物环境与营销设施的要求,其他/通用,.pdf,法律标准\标准\商场\GBT 17110-2008 商店购物环境与营销设施的要求.pdf
GBT1771,GBT 1771-2007色漆和清漆 耐中性盐雾性能的测定,其他/通用,.rar,新标准\GBT 1771-2007色漆和清漆 耐中性盐雾性能的测定.rar
GBT1771,GBT 1771-2007色漆和清漆 耐中性盐雾性能的测定,其他/通用,.pdf,新标准\GBT 1771-2007色漆和清漆 耐中性盐雾性能的测定\GBT 1771-2007色漆和清漆 耐中性盐雾性能的测定.pdf
GBT18168,GBT 18168-2017 水上游乐设施通用技术条件,其他/通用,.pdf,法律标准\标准\体育\秋实\GBT 18168-2017 水上游乐设施通用技术条件.pdf
GBT18202,GBT 18202-2000 室内空气中臭氧卫生标准,其他/通用,.pdf,法律标准\标准\环境保护\GBT 18202-2000 室内空气中臭氧卫生标准.pdf
GBT18266.1,GBT 18266.1-2000-体育场所等级的划分-第1部分：保龄球馆星级的划分及评定,其他/通用,.docx,法律标准\标准\体育\秋实\GBT 18266.1-2000-体育场所等级的划分-第1部分：保龄球馆星级的划分及评定.docx
GBT18266.2,GBT 18266.2-2002-体育场所等级的划分-第2部分：健身房星级的划分及评定,其他/通用,.docx,法律标准\标准\体育\秋实\GBT 18266.2-2002-体育场所等级的划分-第2部分：健身房星级的划分及评定.docx
GBT18266.3,GBT 18266.3-2017 体育场所等级的划分 第3部分：游泳场馆星级划分及评定,其他/通用,.pdf,法律标准\标准\体育\秋实\GBT 18266.3-2017 体育场所等级的划分 第3部分：游泳场馆星级划分及评定.pdf
GBT18266.3,GBT 18266.3-2017-体育场所等级的划分-第3部分：游泳场馆星级划分及评定,其他/通用,.docx,法律标准\标准\体育\秋实\GBT 18266.3-2017-体育场所等级的划分-第3部分：游泳场馆星级划分及评定.docx
GBT18616,GBT 18616-2002 爆炸性环境保护电缆用的波纹金属软管,其他/通用,.xdf,法律标准\标准\爆炸\GBT 18616-2002 爆炸性环境保护电缆用的波纹金属软管.xdf
GBT18801,GBT 18801-2015 空气净化器,其他/通用,.pdf,新标准\GBT 18801-2015 空气净化器.pdf
GBT18928,GBT 18928-2002 托盘缠绕裹包机,其他/通用,.pdf,新标准\制罐标准\GBT 18928-2002 托盘缠绕裹包机.PDF
GBT19063,GBT 19063-2009 液体食品包装设备验收规范,其他/通用,.pdf,新标准\GBT 19063-2009 液体食品包装设备验收规范.pdf
GBT19079.32,GBT 19079.32-2017 体育场所开放条件与技术要求 第32部分：足球运动场所,其他/通用,.pdf,法律标准\标准\体育\秋实\GBT 19079.32-2017 体育场所开放条件与技术要求 第32部分：足球运动场所.pdf
GBT19240,GBT 19240-2003 压缩天然气汽车专用装置的安装要求,其他/通用,.rar,法律标准\标准\压缩天然气\GBT 19240-2003 压缩天然气汽车专用装置的安装要求.rar
GBT19284,GBT 19284-2003 医用氧气加压舱,其他/通用,.pdf,法律标准\标准\设备设施\医用\GBT 19284-2003 医用氧气加压舱.pdf
GBT19518.1,GBT 19518.1-2017 爆炸性环境　电阻式伴热器　第1部分：通用和试验要求,其他/通用,.xdf,法律标准\标准\爆炸\GBT 19518.1-2017 爆炸性环境　电阻式伴热器　第1部分：通用和试验要求.xdf
GBT19826,GBT 19826-2014 电力工程直流电源设备通用技术条件及安全要求,其他/通用,.rar,新标准\GBT 19826-2014 电力工程直流电源设备通用技术条件及安全要求.rar
GBT19826,GBT 19826-2014 电力工程直流电源设备通用技术条件及安全要求,其他/通用,.pdf,新标准\GBT 19826-2014 电力工程直流电源设备通用技术条件及安全要求\GBT 19826-2014 电力工程直流电源设备通用技术条件及安全要求.pdf
GBT19839,GBT 19839-2005 工业燃油燃气燃烧器通用技术条件,其他/通用,.rar,新标准\GBT 19839-2005 工业燃油燃气燃烧器通用技术条件.rar
GBT19839,GBT 19839-2005 工业燃油燃气燃烧器通用技术条件,其他/通用,.pdf,新标准\GBT 19839-2005 工业燃油燃气燃烧器通用技术条件\GBT 19839-2005 工业燃油燃气燃烧器通用技术条件.pdf
GBT19839,GBT 19839-2005 工业燃油燃气燃烧器通用技术条件,其他/通用,.pdf,新标准\制罐标准\GBT 19839-2005 工业燃油燃气燃烧器通用技术条件.pdf
GBT19851.3,GBT 19851.3-2005 中小学体育器材和场地 第3部分：篮球架,其他/通用,.pdf,法律标准\标准\体育\GBT 19851.3-2005 中小学体育器材和场地 第3部分：篮球架.pdf
GBT19851.4,GBT 19851.4-2005 中小学体育器材和场地 第4部分 篮球,其他/通用,.pdf,法律标准\标准\体育\GBT 19851.4-2005 中小学体育器材和场地 第4部分 篮球.pdf
GBT19851.5,GBT 19851.5-2005 中小学体育器材和场地 第5部分 排球,其他/通用,.pdf,法律标准\标准\体育\GBT 19851.5-2005 中小学体育器材和场地 第5部分 排球.pdf
GBT19851.6,GBT 19851.6-2005 中小学体育器材和场地 第6部分：软式排球,其他/通用,.pdf,法律标准\标准\体育\GBT 19851.6-2005 中小学体育器材和场地 第6部分：软式排球.pdf
GBT19851.7,GBT 19851.7-2005 中小学体育器材和场地 第7部分：乒乓球台,其他/通用,.pdf,法律标准\标准\体育\GBT 19851.7-2005 中小学体育器材和场地 第7部分：乒乓球台.pdf
GBT19867.1,GBT 19867.1-2005 电弧焊焊接工艺规程,其他/通用,.pdf,法律标准\标准\设备设施\焊接设备\GBT 19867.1-2005 电弧焊焊接工艺规程.pdf
GBT19867.2,GBT 19867.2-2008 气焊焊接工艺规程,其他/通用,.pdf,法律标准\标准\设备设施\焊接设备\GBT 19867.2-2008 气焊焊接工艺规程.pdf
GBT19867.4,GBT 19867.4-2008 激光焊接工艺规程,其他/通用,.pdf,锂电池资料\电池\GBT 19867.4-2008 激光焊接工艺规程.pdf
GBT19867.4,GBT 19867.4-2008 激光焊接工艺规程,其他/通用,.docx,锂电池资料\电池其他\新建文件夹\GBT 19867.4-2008 激光焊接工艺规程.docx
GBT19939,GBT 19939-2005 光伏系统并网技术要求,其他/通用,.rar,新标准\电力线路\GBT 19939-2005 光伏系统并网技术要求.rar
GBT19995.1,GBT 19995.1-2005 天然材料体育场地使用要求及检验方法 第1部分：足球场地天然草面层,其他/通用,.pdf,法律标准\标准\体育\GBT 19995.1-2005 天然材料体育场地使用要求及检验方法 第1部分：足球场地天然草面层.pdf
GBT19995.2,GBT 19995.2-2005 天然材料体育场地使用要求及检验方法 第2部分：综合体育场馆木地板场地,其他/通用,.pdf,法律标准\标准\体育\GBT 19995.2-2005 天然材料体育场地使用要求及检验方法 第2部分：综合体育场馆木地板场地.pdf
GBT19995.3,GBT 19995.3-2006 天然材料体育场地使用要求及检验方法 第3部分：运动冰场,其他/通用,.pdf,法律标准\标准\体育\GBT 19995.3-2006 天然材料体育场地使用要求及检验方法 第3部分：运动冰场.pdf
GBT20033.2,GBT 20033.2-2005_人工材料体育场地使用要求及检验方法 第2部分_网球场地,其他/通用,.pdf,法律标准\标准\体育\GBT 20033.2-2005_人工材料体育场地使用要求及检验方法 第2部分_网球场地.pdf
GBT20033.3,GBT 20033.3-2006 人工材料体育场地使用要求及检验方法 第3部分：足球场地人造草面层,其他/通用,.pdf,法律标准\标准\体育\GBT 20033.3-2006 人工材料体育场地使用要求及检验方法 第3部分：足球场地人造草面层.pdf
GBT20047.1,GBT 20047.1-2006 光伏(PV)组件安全鉴定 第1部分 结构要求,其他/通用,.pdf,光伏\GBT 20047.1-2006 光伏(PV)组件安全鉴定 第1部分 结构要求.pdf
GBT20368,GBT 20368-2012 液化天然气（LNG)生产、储存和装运,其他/通用,.pdf,法律标准\标准\燃气\GBT 20368-2012 液化天然气（LNG)生产、储存和装运.pdf
GBT20722,GBT 20722-2006 激光加工机器人 通用技术条件,其他/通用,.xdf,法律标准\标准\法规标准补充\GBT 20722-2006 激光加工机器人 通用技术条件.xdf
GBT20867.,GBT 20867,其他/通用,.docx,锂电池资料\电池其他\GBT 20867.docx
GBT2091,GBT 2091-2008 工业磷酸,其他/通用,.rar,标准\新建文件夹\GBT 2091-2008 工业磷酸.rar
GBT2091,GBT 2091-2008 工业磷酸,其他/通用,.pdf,标准\新建文件夹\GBT 2091-2008 工业磷酸\GBT 2091-2008 工业磷酸.pdf
GBT21072,GBT 21072-2007通用仓库等级,其他/通用,.pdf,法律标准\标准\污水\GBT 21072-2007通用仓库等级.pdf
GBT22517.10,GBT 22517.10-2014 体育场地使用要求及检验方法 第10部分：壁球场地,其他/通用,.pdf,法律标准\标准\体育\GBT 22517.10-2014 体育场地使用要求及检验方法 第10部分：壁球场地.pdf
GBT22517.11,GBT 22517.11-2014 体育场地使用要求及检验方法 第11部分：曲棍球场地,其他/通用,.pdf,法律标准\标准\体育\GBT 22517.11-2014 体育场地使用要求及检验方法 第11部分：曲棍球场地.pdf
GBT22517.2,GBT 22517.2-2008 体育场地使用要求及检验方法 第2部分：游泳场地,其他/通用,.pdf,法律标准\标准\体育\GBT 22517.2-2008 体育场地使用要求及检验方法 第2部分：游泳场地.pdf
GBT22517.3,GBT 22517.3-2008 体育场地使用要求及检验方法 第3部分：棒球、垒球场地,其他/通用,.pdf,法律标准\标准\体育\GBT 22517.3-2008 体育场地使用要求及检验方法 第3部分：棒球、垒球场地.pdf
GBT22517.4,GBT 22517.4-2017 体育场地使用要求及检验方法 第4部分：合成面层篮球场地,其他/通用,.pdf,法律标准\标准\体育\GBT 22517.4-2017 体育场地使用要求及检验方法 第4部分：合成面层篮球场地.pdf
GBT22517.6,GBT 22517.6-2011 体育场地使用要求及检验方法 第6部分：田径场地,其他/通用,.pdf,法律标准\标准\体育\GBT 22517.6-2011 体育场地使用要求及检验方法 第6部分：田径场地.pdf
GBT22517.7,GBT 22517.7-2018 体育场地使用要求及检验方法 第7部分：网球场地,其他/通用,.pdf,法律标准\标准\体育\GBT 22517.7-2018 体育场地使用要求及检验方法 第7部分：网球场地.pdf
GBT22664,GBT 22664-2008 手持式电动工具 石材切割机,其他/通用,.pdf,法律标准\标准\石材加工\GBT 22664-2008 手持式电动工具 石材切割机.pdf
GBT22868,GBT 22868-2008 篮球,其他/通用,.pdf,法律标准\标准\体育\GBT 22868-2008 篮球.pdf
GBT22882,GBT 22882-2008 排球,其他/通用,.pdf,法律标准\标准\体育\GBT 22882-2008 排球.pdf
GBT22892,GBT 22892-2008 足球,其他/通用,.pdf,法律标准\标准\体育\GBT 22892-2008 足球.pdf
GBT23125,GBT 23125-2008 体操器械 自由体操场地,其他/通用,.pdf,法律标准\标准\体育\秋实\GBT 23125-2008 体操器械 自由体操场地.pdf
GBT23542,GBT 23542-2009 黄酒企业良好生产规范,其他/通用,.rar,标准\GBT 23542-2009 黄酒企业良好生产规范.rar
GBT23542,GBT 23542-2009 黄酒企业良好生产规范,其他/通用,.pdf,标准\GBT 23542-2009 黄酒企业良好生产规范\GBT 23542-2009 黄酒企业良好生产规范.pdf
GBT23677,GBT 23677-2017 轻型输送带,其他/通用,.pdf,输送带（机）\GBT 23677-2017 轻型输送带.pdf
GBT23887,GBT 23887-2009 食品包装容器及材料生产企业通用良好操作规范,其他/通用,.pdf,新标准\制罐标准\GBT 23887-2009 食品包装容器及材料生产企业通用良好操作规范.pdf
GBT24674,GBT 24674-2009 污水污物潜水电泵,其他/通用,.xdf,法律标准\标准\污水\GBT 24674-2009 污水污物潜水电泵.xdf
GBT24922,GBT 24922-2010 隔爆型阀门电动装置技术条件,其他/通用,.pdf,新标准\GBT 24922-2010 隔爆型阀门电动装置技术条件.pdf
GBT25227,GBT 25227-2010 粮食加工、储运设备现场监测装置技术规范,其他/通用,.pdf,粮食加工\GBT 25227-2010 粮食加工、储运设备现场监测装置技术规范.pdf
GBT25445,GBT 25445-2010 抑制爆炸系统,其他/通用,.xdf,法律标准\标准\爆炸\GBT 25445-2010 抑制爆炸系统.xdf
GBT25445,GBT 25445-2010 抑制爆炸系统,其他/通用,.rar,爆炸\GBT 25445-2010 抑制爆炸系统.rar
GBT25445,GBT 25445-2010 抑制爆炸系统,其他/通用,.pdf,爆炸\GBT 25445-2010 抑制爆炸系统\GBT 25445-2010 抑制爆炸系统.pdf
GBT25714,GBT 25714_1-2010铁液浇包 第1部分：型式与基本参数,其他/通用,.pdf,111111\GBT 25714_1-2010铁液浇包 第1部分：型式与基本参数.pdf
GBT25714,GBT 25714_2-2010 t铁液浇包 第2部分：技术条件,其他/通用,.pdf,111111\GBT 25714_2-2010 t铁液浇包 第2部分：技术条件.pdf
GBT26218.1,GBT 26218.1-2010 污秽条件下使用的高压绝缘子的选择和尺寸确定 第1部分：定义、信息和一般原则,其他/通用,.rar,新标准\电力线路\GBT 26218.1-2010 污秽条件下使用的高压绝缘子的选择和尺寸确定 第1部分：定义、信息和一般原则.rar
GBT26493,GBT 26493-2011 电池废料贮运规范,其他/通用,.pdf,锂电池资料\电池\GBT 26493-2011 电池废料贮运规范.pdf
GBT26493,GBT 26493-2011 电池废料贮运规范,其他/通用,.docx,锂电池资料\电池其他\新建文件夹\GBT 26493-2011 电池废料贮运规范.docx
GBT26932,GBT 26932-2011 充电电池废料废件,其他/通用,.pdf,锂电池资料\电池\GBT 26932-2011 充电电池废料废件.pdf
GBT26932,GBT 26932-2011 充电电池废料废件,其他/通用,.docx,锂电池资料\电池其他\新建文件夹\GBT 26932-2011 充电电池废料废件.docx
GBT27872,GBT 27872-2011 潜水曝气机　标准,其他/通用,.xdf,法律标准\标准\污水\GBT 27872-2011 潜水曝气机　标准.xdf
GBT27876,GBT 27876-2011 压缩天然气汽车维护技术规范,其他/通用,.rar,法律标准\标准\压缩天然气\GBT 27876-2011 压缩天然气汽车维护技术规范.rar
GBT28668,GBT 28668-2012 粮油储藏 粮食烘干安全操作规程,其他/通用,.pdf,粮食加工\GBT 28668-2012 粮油储藏 粮食烘干安全操作规程.pdf
GBT28762,GBT 28762-2012 数控剪板机,其他/通用,.pdf,法律标准\法律法规\培训\天津所用法规\GBT 28762-2012 数控剪板机.PDF
GBT2900.28,GBT 2900.28-2007 电工术语 电动工具,其他/通用,.pdf,法律标准\标准\设备设施\电风梯平台\GBT 2900.28-2007 电工术语 电动工具.pdf
GBT2900.41,GBT 2900.41-2008 电工术语 原电池和蓄电池,其他/通用,.pdf,锂电池资料\电池\GBT 2900.41-2008 电工术语 原电池和蓄电池.pdf
GBT2900.41,GBT 2900.41-2008 电工术语 原电池和蓄电池,其他/通用,.docx,锂电池资料\电池其他\新建文件夹\GBT 2900.41-2008 电工术语 原电池和蓄电池.docx
GBT29315,GBT 29315-2012 中小学、幼儿园安全技术防范系统要求,其他/通用,.pdf,法律标准\标准\安全管理\GBT 29315-2012 中小学、幼儿园安全技术防范系统要求.pdf
GBT29321,GBT 29321-2012 光伏发电站无功补偿技术规范,其他/通用,.pdf,电力\GBT 29321-2012 光伏发电站无功补偿技术规范.pdf
GBT29458,GBT 29458-2012 体育场馆LED显示屏使用要求及检验方法,其他/通用,.pdf,法律标准\标准\体育\秋实\GBT 29458-2012 体育场馆LED显示屏使用要求及检验方法.pdf
GBT29772,GBT 29772-2013 电动汽车电池更换站通用技术要求,其他/通用,.pdf,电池\GBT 29772-2013 电动汽车电池更换站通用技术要求.pdf
GBT29781,GBT 29781-2013 电动汽车充电站通用要求,其他/通用,.rar,新标准\GBT 29781-2013 电动汽车充电站通用要求.rar
GBT29781,GBT 29781-2013 电动汽车充电站通用要求,其他/通用,.pdf,新标准\GBT 29781-2013 电动汽车充电站通用要求\GBT 29781-2013 电动汽车充电站通用要求.pdf
GBT29781,GBT 29781-2013 电动汽车充电站通用要求,其他/通用,.pdf,电池\GBT 29781-2013 电动汽车充电站通用要求.pdf
GBT30134,《 冷库管理规范》（GBT 30134-2025）,其他/通用,.pdf,安全标准\《 冷库管理规范》（GBT 30134-2025）.pdf
GBT30426,GBT 30426-2013 含碱性或其他非酸性电解质的蓄电池和蓄电池组 便携式锂蓄电池和蓄电池组,其他/通用,.pdf,电池\GBT 30426-2013 含碱性或其他非酸性电解质的蓄电池和蓄电池组 便携式锂蓄电池和蓄电池组.pdf
GBT30466,GBT 30466-2013 粮食干燥系统安全操作规范,其他/通用,.pdf,粮食加工\GBT 30466-2013 粮食干燥系统安全操作规范.pdf
GBT30470,GBT 30470-2013 超硬磨料制品 金刚石绳锯,其他/通用,.pdf,法律标准\标准\石材加工\GBT 30470-2013 超硬磨料制品 金刚石绳锯.pdf
GBT30597,GBT 30597-2014 燃气燃烧器和燃烧器具用安全和控制装置通用要求,其他/通用,.pdf,新标准\制罐标准\GBT 30597-2014 燃气燃烧器和燃烧器具用安全和控制装置通用要求.pdf
GBT30958,GBT 30958-2014 生猪屠宰成套设备技术条件,其他/通用,.pdf,法律标准\标准\设备设施\其他\GBT 30958-2014 生猪屠宰成套设备技术条件.pdf
GBT31366,GBT 31366-2015 光伏发电站监控系统技术要求,其他/通用,.pdf,光伏\GBT 31366-2015 光伏发电站监控系统技术要求.pdf
GBT31467.1,GBT 31467.1-2015 电动汽车用锂离子动力蓄电池包和系统 第1部分 高功率应用测试规程,其他/通用,.pdf,电池\GBT 31467.1-2015 电动汽车用锂离子动力蓄电池包和系统 第1部分 高功率应用测试规程.pdf
GBT31467.2,GBT 31467.2-2015 电动汽车用锂离子动力蓄电池包和系统 第2部分 高能量应用测试规程,其他/通用,.pdf,电池\GBT 31467.2-2015 电动汽车用锂离子动力蓄电池包和系统 第2部分 高能量应用测试规程.pdf
GBT32512,GBT 32512-2016 光伏发电站防雷技术要求,其他/通用,.pdf,光伏\GBT 32512-2016 光伏发电站防雷技术要求.PDF
GBT32567,GBT 32567-2016 抛丸器,其他/通用,.rar,新标准\GBT 32567-2016 抛丸器.rar
GBT32567,GBT 32567-2016 抛丸器,其他/通用,.pdf,新标准\GBT 32567-2016 抛丸器\GBT 32567-2016 抛丸器.pdf
GBT33000,GBT 33000-2016 企业安全生产标准化基本规范,其他/通用,.rar,法律标准\法律法规\培训\天津所用法规\天津政策\GBT 33000-2016 企业安全生产标准化基本规范.rar
GBT33000,企业安全生产标准化基本规范(GBT33000-2016),其他/通用,.docx,法律标准\标准\企业安全生产标准化基本规范(GBT33000-2016).docx
GBT33599,GBT 33599-2017 光伏发电站并网运行控制规范,其他/通用,.pdf,光伏\GBT 33599-2017 光伏发电站并网运行控制规范.pdf
GBT33822,GBT 33822-2017 纳米磷酸铁锂,其他/通用,.pdf,电池\GBT 33822-2017 纳米磷酸铁锂.pdf
GBT34004,GBT 34004-2017 家用和小型餐饮厨房用燃气报警器及传感器 ,其他/通用,.pdf,新建文件夹\GBT 34004-2017 家用和小型餐饮厨房用燃气报警器及传感器 .pdf
GBT34015,GBT 34015-2017 车用动力电池回收利用余能检测,其他/通用,.pdf,111111\GB∕T 34015-2017 车用动力电池回收利用余能检测\GBT 34015-2017 车用动力电池回收利用余能检测.pdf
GBT34015,GBT 34015-2017 车用动力电池回收利用余能检测,其他/通用,.pdf,锂电池资料\电池\GBT 34015-2017 车用动力电池回收利用余能检测.pdf
GBT34015,GBT 34015-2017 车用动力电池回收利用余能检测,其他/通用,.docx,锂电池资料\电池其他\新建文件夹\GBT 34015-2017 车用动力电池回收利用余能检测.docx
GBT34131,GBT 34131-2017 电化学储能电站用锂离子电池管理系统技术规范,其他/通用,.pdf,电池\GBT 34131-2017 电化学储能电站用锂离子电池管理系统技术规范.pdf
GBT34279,GBT 34279-2017 笼式足球场围网设施安全 通用要求,其他/通用,.pdf,法律标准\标准\体育\秋实\GBT 34279-2017 笼式足球场围网设施安全 通用要求.pdf
GBT34280,GBT 34280-2017 全民健身活动中心管理服务要求,其他/通用,.pdf,法律标准\标准\体育\秋实\GBT 34280-2017 全民健身活动中心管理服务要求.pdf
GBT34281,GBT 34281-2017 全民健身活动中心分类配置要求,其他/通用,.pdf,法律标准\标准\体育\秋实\GBT 34281-2017 全民健身活动中心分类配置要求.pdf
GBT34284,GBT 34284-2017 公共体育设施 室外健身设施应用场所安全要求,其他/通用,.pdf,法律标准\标准\体育\秋实\GBT 34284-2017 公共体育设施 室外健身设施应用场所安全要求.pdf
GBT34285,GBT 34285-2017 健身运动安全指南,其他/通用,.pdf,法律标准\标准\体育\GBT 34285-2017 健身运动安全指南.pdf
GBT34311,GBT 34311-2017 体育场所开放条件与技术要求 总则,其他/通用,.pdf,法律标准\标准\体育\秋实\GBT 34311-2017 体育场所开放条件与技术要求 总则.pdf
GBT35150.2,GBT 35150.2-2017 新型干法水泥生产成套装备技术要求 第2部分：烧成系统,其他/通用,.pdf,水泥\GBT 35150.2-2017 新型干法水泥生产成套装备技术要求 第2部分：烧成系统.pdf
GBT35999.4,GBT 35999.4-2018 食品质量控制前提方案 第4部分：食品包装的生产,其他/通用,.pdf,新标准\GBT 35999.4-2018 食品质量控制前提方案 第4部分：食品包装的生产.pdf
GBT37752.1,GBT 37752.1-2019 工业炉及相关工艺设备安全 第1部分：通用要求,其他/通用,.pdf,新建文件夹 (2)\GBT 37752.1-2019 工业炉及相关工艺设备安全 第1部分：通用要求.pdf
GBT37816,GBT 37816-2019 承压设备安全泄放装置选用与安装,其他/通用,.pdf,新标准\GBT 37816-2019 承压设备安全泄放装置选用与安装.pdf
GBT3787,GBT 3787-2006 手持式电动工具的管理、使用、检查和维修安全技术规程（废止）,其他/通用,.pdf,法律标准\标准\设备设施\电风梯平台\GBT 3787-2006 手持式电动工具的管理、使用、检查和维修安全技术规程（废止）.pdf
GBT3787,GBT 3787-2017 手持式电动工具的管理、使用、检查和维修安全技术规程,其他/通用,.rar,新标准\GBT 3787-2017 手持式电动工具的管理、使用、检查和维修安全技术规程.rar
GBT3787,GBT 3787-2017 手持式电动工具的管理、使用、检查和维修安全技术规程,其他/通用,.pdf,新标准\GBT 3787-2017 手持式电动工具的管理、使用、检查和维修安全技术规程\GBT 3787-2017 手持式电动工具的管理、使用、检查和维修安全技术规程.pdf
GBT3787,手持电动工具的管理、使用、检查和维修安全技术规程GBT3787-2017,其他/通用,.pdf,新标准\手持电动工具的管理、使用、检查和维修安全技术规程GBT3787-2017.pdf
GBT3836.26,GBT 3836.26-2019 爆炸性环境 第26部分：静电危害 指南,其他/通用,.pdf,爆炸\GBT 3836.26-2019 爆炸性环境 第26部分：静电危害 指南.pdf
GBT38530,GBT 38530-2020城镇液化天然气（LNG）气化供气装置,其他/通用,.xdf,法律标准\标准\重大危险源\GBT 38530-2020城镇液化天然气（LNG）气化供气装置.xdf
GBT38599,GBT 38599-2020 安全阀与爆破片安全装置的组合,其他/通用,.pdf,法律标准\标准\爆破片\GBT 38599-2020 安全阀与爆破片安全装置的组合.pdf
GBT3883.203,GBT 3883.203-2025手持式、可移式电动工具和园林工具的安全　第203部分：手持式砂轮机、盘式抛光机和盘式砂光机的专用要求,其他/通用,.pdf,安全标准\GBT 3883.203-2025手持式、可移式电动工具和园林工具的安全　第203部分：手持式砂轮机、盘式抛光机和盘式砂光机的专用要求.pdf
GBT3926,GBT 3926-2007 中频设备额定电压,其他/通用,.pdf,法律标准\标准\设备设施\感应炉\GBT 3926-2007 中频设备额定电压.pdf
GBT39947,GBT 39947-2021 食品包装选择及设计,其他/通用,.pdf,新标准\GBT 39947-2021 食品包装选择及设计.pdf
GBT46074,GBT 46074-2025热切割设备安全-正版授权,其他/通用,.pdf,安全标准\GBT 46074-2025热切割设备安全-正版授权.pdf
GBT46082.1,GBT 46082.1-2025气焊设备用安全装置第1部分：阻火器,其他/通用,.pdf,安全标准\GBT 46082.1-2025气焊设备用安全装置第1部分：阻火器.pdf
GBT46082.2,GBT 46082.2-2025气焊设备用安全装置第2部分：其他装置,其他/通用,.pdf,安全标准\GBT 46082.2-2025气焊设备用安全装置第2部分：其他装置.pdf
GBT46156,GBT 46156-2025连续搬运设备安全规范通用规则,其他/通用,.pdf,安全标准\GBT 46156-2025连续搬运设备安全规范通用规则.pdf
GBT4754,国民经济行业分类GBT 4754-2017,其他/通用,.pdf,法律标准\标准\安全管理\国民经济行业分类GBT 4754-2017.pdf
GBT50102,GBT 50102-2014 工业循环水冷却设计规范,其他/通用,.rar,新标准\GBT 50102-2014 工业循环水冷却设计规范.rar
GBT50102,GBT 50102-2014 工业循环水冷却设计规范,其他/通用,.pdf,新标准\GBT 50102-2014 工业循环水冷却设计规范\GBT 50102-2014 工业循环水冷却设计规范.pdf
GBT50796,GBT 50796-2012 光伏发电工程验收规范,其他/通用,.pdf,光伏\GBT 50796-2012 光伏发电工程验收规范.pdf
GBT50796,GBT 50796-2012 光伏发电工程验收规范,其他/通用,.rar,新标准\电力线路\GBT 50796-2012 光伏发电工程验收规范.rar
GBT50866,GBT 50866-2013 光伏发电站接入电力系统设计规范,其他/通用,.pdf,电力\GBT 50866-2013 光伏发电站接入电力系统设计规范.pdf
GBT51063,GBT 51063-2014 大中型沼气工程技术规范,其他/通用,.rar,垃圾焚烧\垃圾发电补充1\GBT 51063-2014 大中型沼气工程技术规范.rar
GBT51063,GBT 51063-2014 大中型沼气工程技术规范,其他/通用,.pdf,安全标准\GBT 51063-2014 大中型沼气工程技术规范.pdf
GBT51098,GBT 51098-2015 城镇燃气规划规范,其他/通用,.pdf,法律标准\标准\安全管理\设计\GBT 51098-2015 城镇燃气规划规范.pdf
GBT51098,GBT 51098-2015 城镇燃气规划规范,其他/通用,.rtf,法律标准\标准\安全管理\设计\GBT 51098-2015 城镇燃气规划规范.rtf
GBT51257,GBT 51257-2017 液化天然气低温管道设计规范,其他/通用,.pdf,新标准\GBT 51257-2017 液化天然气低温管道设计规范.pdf
GBT51257,GBT 51257-2017 液化天然气低温管道设计规范,其他/通用,.xdf,法律标准\标准\重大危险源\GBT 51257-2017 液化天然气低温管道设计规范.xdf
GBT51474,GBT 51474-2025 城镇燃气设施运行、维护和抢修安全技术标准,其他/通用,.pdf,安全标准\GBT 51474-2025 城镇燃气设施运行、维护和抢修安全技术标准.pdf
GBT534,GBT 534-2014 工业硫酸,其他/通用,.rar,标准\新建文件夹\GBT 534-2014 工业硫酸.rar
GBT534,GBT 534-2014 工业硫酸,其他/通用,.pdf,标准\新建文件夹\GBT 534-2014 工业硫酸\GBT 534-2014 工业硫酸.pdf
GBT534,GBT 534-2014 工业硫酸,其他/通用,.pdf,法律标准\标准\酸\GBT 534-2014 工业硫酸.pdf
GBT536,GBT 536-2017 液体无水氨,其他/通用,.pdf,111111\GB∕T 536-2017 液体无水氨\GBT 536-2017 液体无水氨.pdf
GBT5959.11,GBT 5959.11-2016 电热装置的安全 第11部分：对液态金属电磁力作用装置的特殊要求,其他/通用,.pdf,法律标准\标准\GB5959 电热装置的安全\GBT 5959.11-2016 电热装置的安全 第11部分：对液态金属电磁力作用装置的特殊要求.pdf
GBT5959.12,GBT 5959.12-2020电热和电磁处理装置的安全 第12部分：对红外电热装置的特殊要求,其他/通用,.pdf,法律标准\标准\GB5959 电热装置的安全\GBT 5959.12-2020电热和电磁处理装置的安全 第12部分：对红外电热装置的特殊要求.pdf
GBT6719,GBT6719-2009,其他/通用,.pdf,法律标准\标准\GBT6719-2009.pdf
GBT7247.14,GBT 7247.14-2012 激光产品的安全 第14部分：用户指南,其他/通用,.rar,补充标准\GBT 7247.14-2012 激光产品的安全 第14部分：用户指南.rar
GBT7247.14,GBT 7247.14-2012 激光产品的安全 第14部分：用户指南,其他/通用,.pdf,补充标准\GBT 7247.14-2012 激光产品的安全 第14部分：用户指南\GBT 7247.14-2012 激光产品的安全 第14部分：用户指南.pdf
GBT7247.4,GBT 7247.4-2016 激光产品的安全 第4部分：激光防护屏,其他/通用,.pdf,补充标准\GB∕T 7247.4-2016 激光产品的安全 第4部分：激光防护屏\GBT 7247.4-2016 激光产品的安全 第4部分：激光防护屏.pdf
GBT7247.4,GBT 7247.4-2025激光产品的安全第4部分激光防护屏,其他/通用,.pdf,安全标准\GBT 7247.4-2025激光产品的安全第4部分激光防护屏.pdf
GBT7442,GBT 7442-2007 角向磨光机,其他/通用,.rar,新标准\GBT 7442-2007 角向磨光机.rar
GBT7442,GBT 7442-2007 角向磨光机,其他/通用,.pdf,新标准\GBT 7442-2007 角向磨光机\GBT 7442-2007 角向磨光机.pdf
GBT7984,GBT 7984-2013 普通用途织物芯输送带,其他/通用,.pdf,输送带（机）\GBT 7984-2013 普通用途织物芯输送带.pdf
GBT8118,GBT 8118-2010 电弧焊机通用技术条件,其他/通用,.pdf,法律标准\标准\设备设施\焊接设备\GBT 8118-2010 电弧焊机通用技术条件.pdf
GBT8269,GBT 8269-2006 柠檬酸,其他/通用,.rar,标准\新建文件夹\GBT 8269-2006 柠檬酸.rar
GBT8269,GBT 8269-2006 柠檬酸,其他/通用,.pdf,标准\新建文件夹\GBT 8269-2006 柠檬酸\GBT 8269-2006 柠檬酸.pdf
GBZ117,GBZ 117-2015 工业X射线探伤放射防护要求,其他/通用,.pdf,法律标准\标准\参考资料\GBZ 117-2015 工业X射线探伤放射防护要求.pdf
GBZ117,GBZ 117-2015 工业X射线探伤放射防护要求,其他/通用,.rar,法律标准\标准\设备设施\其他\GBZ 117-2015 工业X射线探伤放射防护要求.rar
GBZ2,GBZ2-2019,其他/通用,.pdf,法律标准\标准\新建文件夹\GBZ2-2019.pdf
GB_50457,GB_50457-2019,其他/通用,.pdf,法律标准\标准\GB_50457-2019.pdf
GB_50481,GB_50481-2009_棉纺织工厂设计规范_附条文说明,其他/通用,.pdf,法律标准\标准\安全管理\设计\GB_50481-2009_棉纺织工厂设计规范_附条文说明.pdf
GB_7251.1,GB_7251.1-2013标准换版培训_PPT课件,其他/通用,.xdf,法律标准\标准\新建文件夹\GB_7251.1-2013标准换版培训_PPT课件.xdf
GB_T10596,GB_T 10596-2011 埋刮板输送机,其他/通用,.xdf,法律标准\标准\输送机\GB_T 10596-2011 埋刮板输送机.xdf
GB_T10892,GB_T 10892《空压机安全规则和操作规程》,其他/通用,.pdf,新标准\GB_T 10892《空压机安全规则和操作规程》.pdf
GB_T13955,GB_T 13955-2017 剩余电流动作保护装置安装和运行,其他/通用,.pdf,安全标准\GB_T 13955-2017 剩余电流动作保护装置安装和运行.pdf
GB_T14285,GB_T 14285-2023 继电保护和安全自动装置技术规程,其他/通用,.pdf,电力\GB_T 14285-2023 继电保护和安全自动装置技术规程.pdf
GB_T14591,GB_T 14591-2016 水处理剂 聚合硫酸铁,其他/通用,.pdf,法律标准\标准\酸\GB_T 14591-2016 水处理剂 聚合硫酸铁.pdf
GB_T17906,GB_T 17906-2021,其他/通用,.pdf,新标准\GB_T 17906-2021.pdf
GB_T18802.32,GB_T 18802.32-2021 低压电涌保护器 第32部分：用于光伏系统的电涌保护器 选择和使用导则,其他/通用,.pdf,光伏\GB_T 18802.32-2021 低压电涌保护器 第32部分：用于光伏系统的电涌保护器 选择和使用导则.pdf
GB_T20368,GB_T 20368-2012  液化天然气(LNG)生产、储存和装运,其他/通用,.xdf,法律标准\标准\燃气\GB_T 20368-2012  液化天然气(LNG)生产、储存和装运.xdf
GB_T20368,GB_T 20368-2021.com,其他/通用,.pdf,新标准\新增\GB_T 20368-2021.com.pdf
GB_T20867,GB_T 20867-2007 工业机器人 安全实施规范,其他/通用,.xdf,法律标准\标准\法规标准补充\GB_T 20867-2007 工业机器人 安全实施规范.xdf
GB_T25032,GB_T 25032-2010 生活垃圾焚烧炉渣集料,其他/通用,.xdf,法律标准\标准\垃圾\GB_T 25032-2010 生活垃圾焚烧炉渣集料.xdf
GB_T25175,GB_T 25175-2010 大件垃圾收集和利用技术要求,其他/通用,.xdf,法律标准\标准\垃圾\GB_T 25175-2010 大件垃圾收集和利用技术要求.xdf
GB_T26154,GB_T 26154-2010 装配机器人 通用技术条件,其他/通用,.xdf,法律标准\标准\法规标准补充\GB_T 26154-2010 装配机器人 通用技术条件.xdf
GB_T26978.1,GB_T 26978.1-2011 现场组装立式圆筒平底钢质液化天然气储罐的设计与建造 第1部分_总则,其他/通用,.xdf,法律标准\标准\燃气\GB_T 26978.1-2011 现场组装立式圆筒平底钢质液化天然气储罐的设计与建造 第1部分_总则.xdf
GB_T28742,GB_T 28742-2012  污水处理设备安全技术规范,其他/通用,.xdf,法律标准\标准\污水\GB_T 28742-2012  污水处理设备安全技术规范.xdf
GB_T28743,GB_T 28743-2012 污水处理容器设备 通用技术条件,其他/通用,.xdf,法律标准\标准\污水\GB_T 28743-2012 污水处理容器设备 通用技术条件.xdf
GB_T29152,GB_T 29152-2012 垃圾焚烧尾气处理设备,其他/通用,.xdf,法律标准\标准\垃圾\GB_T 29152-2012 垃圾焚烧尾气处理设备.xdf
GB_T30134,GB_T 30134-2013  冷库管理规范,其他/通用,.xdf,法律标准\标准\安全管理\设计\GB_T 30134-2013  冷库管理规范.xdf
GB_T30472,GB_T 30472-2013 饲料加工成套设备技术规范,其他/通用,.pdf,111111\饲料加工\饲料加工\GB_T 30472-2013 饲料加工成套设备技术规范.pdf
GB_T30472,GB_T 30472-2013 饲料加工成套设备技术规范,其他/通用,.pdf,饲料加工\GB_T 30472-2013 饲料加工成套设备技术规范.pdf
GB_T31464,GB_T 31464-2022 电网运行准则,其他/通用,.pdf,电力\GB_T 31464-2022 电网运行准则.pdf
GB_T33454,GB_T 33454-2016仓储货架使用规范,其他/通用,.pdf,安全标准\GB_T 33454-2016仓储货架使用规范.pdf
GB_T33598.3,GB_T 33598.3-2021 车用动力电池回收利用 再生利用 第3部分：放电规范,其他/通用,.pdf,锂电池资料\电池\GB_T 33598.3-2021 车用动力电池回收利用 再生利用 第3部分：放电规范.pdf
GB_T33598.3,GB_T 33598.3-2021 车用动力电池回收利用 再生利用 第3部分：放电规范,其他/通用,.docx,锂电池资料\电池其他\新建文件夹\GB_T 33598.3-2021 车用动力电池回收利用 再生利用 第3部分：放电规范.docx
GB_T33598.3,GB_T 33598.3-2021车用动力电池回收利用 再生利用 第3部分：放电规范,其他/通用,.pdf,111111\GB_T 33598.3-2021车用动力电池回收利用 再生利用 第3部分：放电规范.pdf
GB_T34015.3,GB_T 34015.3-2021 车用动力电池回收利用 梯次利用 第3部分：梯次利用要求,其他/通用,.pdf,锂电池资料\电池\GB_T 34015.3-2021 车用动力电池回收利用 梯次利用 第3部分：梯次利用要求.pdf
GB_T34015.3,GB_T 34015.3-2021 车用动力电池回收利用 梯次利用 第3部分：梯次利用要求,其他/通用,.docx,锂电池资料\电池其他\新建文件夹\GB_T 34015.3-2021 车用动力电池回收利用 梯次利用 第3部分：梯次利用要求.docx
GB_T34525,GB_T 34525-2017 气瓶搬运、装卸、储存和使用安全规定,其他/通用,.pdf,新标准\新增\GB_T 34525-2017 气瓶搬运、装卸、储存和使用安全规定.pdf
GB_T36276,GB_T 36276-2023 电力储能用锂离子电池,其他/通用,.pdf,锂电池资料\电池\GB_T 36276-2023 电力储能用锂离子电池.pdf
GB_T36276,GB_T 36276-2023 电力储能用锂离子电池,其他/通用,.docx,锂电池资料\电池其他\新建文件夹\GB_T 36276-2023 电力储能用锂离子电池.docx
GB_T36291.2,GB_T 36291.2-2018 电力安全设施配置技术规范 第2部分：线路,其他/通用,.xdf,法律标准\标准\线路\GB_T 36291.2-2018 电力安全设施配置技术规范 第2部分：线路.xdf
GB_T37459,GB_T 37459-2019 自升式平台升降装置安装要求,其他/通用,.xdf,法律标准\标准\升降机\GB_T 37459-2019 自升式平台升降装置安装要求.xdf
GB_T37565,GB_T 37565-2019 给水排水用格栅除污机通用技术条件(PDF),其他/通用,.xdf,法律标准\标准\污水\GB_T 37565-2019 给水排水用格栅除污机通用技术条件(PDF).xdf
GB_T3836.1,GB_T 3836.1-2021 爆炸性环境 第1部分：设备 通用要求,其他/通用,.pdf,111111\饲料加工\饲料加工\GB_T 3836.1-2021 爆炸性环境 第1部分：设备 通用要求.pdf
GB_T3836.1,GB_T 3836.1-2021 爆炸性环境 第1部分：设备 通用要求,其他/通用,.pdf,饲料加工\GB_T 3836.1-2021 爆炸性环境 第1部分：设备 通用要求.pdf
GB_T3836.34,GB_T 3836.34-2021 爆炸性环境 第34部分：成套设备,其他/通用,.pdf,新标准\GB_T 3836.34-2021 爆炸性环境 第34部分：成套设备.pdf
GB_T41191,GB_T 41191-2021 沼气工程火焰燃烧器,其他/通用,.pdf,垃圾焚烧\垃圾发电补充1\GB_T 41191-2021 沼气工程火焰燃烧器.pdf
GB_T41264,GB_T 41264-2022 折弯机器人 安全要求,其他/通用,.pdf,111111\GB_T 41264-2022 折弯机器人 安全要求.pdf
GB_T41317,GB_T 41317-2022燃气用具连接用不锈钢波纹软管,其他/通用,.pdf,新建文件夹\GB_T 41317-2022燃气用具连接用不锈钢波纹软管.pdf
GB_T41319,GB_T 41319-2022 液化天然气（LNG）加液装置,其他/通用,.pdf,补充标准\GB_T 41319-2022 液化天然气（LNG）加液装置.pdf
GB_T41333,GB_T 41333-2022,其他/通用,.pdf,新标准\GB_T 41333-2022.pdf
GB_T41735,GB_T 41735-2022 绿色制造 激光表面清洗技术规范,其他/通用,.pdf,锂电池资料\电池\GB_T 41735-2022 绿色制造 激光表面清洗技术规范.pdf
GB_T41735,GB_T 41735-2022 绿色制造 激光表面清洗技术规范,其他/通用,.docx,锂电池资料\电池其他\新建文件夹\GB_T 41735-2022 绿色制造 激光表面清洗技术规范.docx
GB_T42228,GB_T 42228-2022 粮食储藏 大米安全储藏技术规范,其他/通用,.pdf,粮食加工\GB_T 42228-2022 粮食储藏 大米安全储藏技术规范.pdf
GB_T42299,GB_T 42299-2023 大米加工企业设计规范,其他/通用,.pdf,粮食加工\GB_T 42299-2023 大米加工企业设计规范.pdf
GB_T42728,GB_T 42728-2023 锂离子电池组安全设计指南,其他/通用,.pdf,锂电池资料\电池\GB_T 42728-2023 锂离子电池组安全设计指南.pdf
GB_T42728,GB_T 42728-2023 锂离子电池组安全设计指南,其他/通用,.docx,锂电池资料\电池其他\新建文件夹\GB_T 42728-2023 锂离子电池组安全设计指南.docx
GB_T42729,GB_T 42729-2023 锂离子电池和电池组安全使用指南,其他/通用,.pdf,锂电池资料\电池\GB_T 42729-2023 锂离子电池和电池组安全使用指南.pdf
GB_T42729,GB_T 42729-2023 锂离子电池和电池组安全使用指南,其他/通用,.docx,锂电池资料\电池其他\新建文件夹\GB_T 42729-2023 锂离子电池和电池组安全使用指南.docx
GB_T43092,GB_T 43092-2023 锂离子电池正极材料电化学性能测试 高温性能测试方法,其他/通用,.pdf,锂电池资料\电池\GB_T 43092-2023 锂离子电池正极材料电化学性能测试 高温性能测试方法.pdf
GB_T43092,GB_T 43092-2023 锂离子电池正极材料电化学性能测试 高温性能测试方法,其他/通用,.docx,锂电池资料\电池其他\新建文件夹\GB_T 43092-2023 锂离子电池正极材料电化学性能测试 高温性能测试方法.docx
GB_T43540,GB_T 43540-2023 电力储能用锂离子电池退役技术要求,其他/通用,.pdf,锂电池资料\电池\GB_T 43540-2023 电力储能用锂离子电池退役技术要求.pdf
GB_T43540,GB_T 43540-2023 电力储能用锂离子电池退役技术要求,其他/通用,.docx,锂电池资料\电池其他\新建文件夹\GB_T 43540-2023 电力储能用锂离子电池退役技术要求.docx
GB_T43756,GB_T 43756-2024 叉车设计规范,其他/通用,.pdf,111111\GB_T 43756-2024 叉车设计规范.pdf
GB_T51048,GB_T51048-2025电化学储能电站设计标准,其他/通用,.pdf,安全标准\GB_T51048-2025电化学储能电站设计标准.pdf
GB_T625,GB_T 625-2007 化学试剂 硫酸,其他/通用,.pdf,法律标准\标准\酸\GB_T 625-2007 化学试剂 硫酸.pdf
GB_T8897.1,GB_T 8897.1-2021 原电池 第1部分：总则,其他/通用,.pdf,锂电池资料\电池\GB_T 8897.1-2021 原电池 第1部分：总则.pdf
GB_T8897.1,GB_T 8897.1-2021 原电池 第1部分：总则,其他/通用,.docx,锂电池资料\电池其他\新建文件夹\GB_T 8897.1-2021 原电池 第1部分：总则.docx
GB_T9239.23,GB_T 9239.23-2022转子平衡,其他/通用,.pdf,标准\GB_T 9239.23-2022转子平衡.pdf
GB_T_8196,正版_GB_T_8196-2018_.,其他/通用,.pdf,法律标准\标准\正版_GB_T_8196-2018_..pdf
GB∕T10067.1,GB∕T 10067.1-2019 电热和电磁处理装置基本技术条件 第1部分：通用部分,其他/通用,.pdf,新标准\新增\GB∕T 10067.1-2019 电热和电磁处理装置基本技术条件 第1部分：通用部分.pdf
GB∕T10067.46,GB∕T 10067.46-2014 电热装置基本技术条件 第46部分：罩式电阻炉(高清版),其他/通用,.xdf,法律标准\标准\设备设施\感应炉\GB∕T 10067.46-2014 电热装置基本技术条件 第46部分：罩式电阻炉(高清版).xdf
GB∕T10067.48,GB∕T 10067.48-2014 电热装置基本技术条件 第48部分：台车式电阻炉,其他/通用,.xdf,法律标准\标准\设备设施\感应炉\GB∕T 10067.48-2014 电热装置基本技术条件 第48部分：台车式电阻炉.xdf
GB∕T10595,GB∕T 10595-2017 带式输送机,其他/通用,.pdf,法律标准\标准\输送机\GB∕T 10595-2017 带式输送机.pdf
GB∕T12624,GB∕T 12624-2020 手部防护 通用测试方法,其他/通用,.pdf,新标准\GB∕T 12624-2020 手部防护 通用测试方法.pdf
GB∕T13399,GB∕T 13399-2012 汽轮机安全监视装置 技术条件,其他/通用,.pdf,水泥\GB∕T 13399-2012 汽轮机安全监视装置 技术条件.pdf
GB∕T13399,GB∕T 13399-2012 汽轮机安全监视装置 技术条件,其他/通用,.rar,水泥\GB∕T 13399-2012 汽轮机安全监视装置 技术条件.rar
GB∕T13955,GB∕T 13955-2017 剩余电流动作保护装置安装和运行（高清版）,其他/通用,.xdf,法律标准\标准\污水\GB∕T 13955-2017 剩余电流动作保护装置安装和运行（高清版）.xdf
GB∕T14048.3,GB∕T 14048.3-2017 低压开关设备和控制设备 第3部分：开关、隔离器、隔离开关及熔断器组合电器,其他/通用,.rar,新标准\GB∕T 14048.3-2017 低压开关设备和控制设备 第3部分：开关、隔离器、隔离开关及熔断器组合电器.rar
GB∕T14048.3,GB∕T 14048.3-2017 低压开关设备和控制设备 第3部分：开关、隔离器、隔离开关及熔断器组合电器,其他/通用,.pdf,新标准\GB∕T 14048.3-2017 低压开关设备和控制设备 第3部分：开关、隔离器、隔离开关及熔断器组合电器\GB∕T 14048.3-2017 低压开关设备和控制设备 第3部分：开关、隔离器、隔离开关及熔断器组合电器.pdf
GB∕T14048.5,GB∕T 14048.5-2017 低压开关设备和控制设备 第5-1部分：控制电路电器和开关元件 机电式控制电路电器,其他/通用,.rar,新标准\GB∕T 14048.5-2017 低压开关设备和控制设备 第5-1部分：控制电路电器和开关元件 机电式控制电路电器.rar
GB∕T14048.5,GB∕T 14048.5-2017 低压开关设备和控制设备 第5-1部分：控制电路电器和开关元件 机电式控制电路电器,其他/通用,.pdf,新标准\GB∕T 14048.5-2017 低压开关设备和控制设备 第5-1部分：控制电路电器和开关元件 机电式控制电路电器\GB∕T 14048.5-2017 低压开关设备和控制设备 第5-1部分：控制电路电器和开关元件 机电式控制电路电器.pdf
GB∕T14251,GB∕T 14251-2017 罐头食品金属容器通用技术要求,其他/通用,.pdf,新标准\GB∕T 14251-2017 罐头食品金属容器通用技术要求.pdf
GB∕T14598.300,GB∕T 14598.300-2017 变压器保护装置通用技术要求,其他/通用,.rar,新标准\GB∕T 14598.300-2017 变压器保护装置通用技术要求.rar
GB∕T16918,GB∕T 16918-2017 气瓶用爆破片安全装置,其他/通用,.pdf,法律标准\标准\爆破片\GB∕T 16918-2017 气瓶用爆破片安全装置.pdf
GB∕T20723,GB∕T 20723-2006 弧焊机器人 通用技术条件,其他/通用,.xdf,法律标准\标准\法规标准补充\GB∕T 20723-2006 弧焊机器人 通用技术条件.xdf
GB∕T20867.1,GB∕T 20867.1-2024 机器人 安全要求应用规范 第1部分：工业机器人,其他/通用,.docx,安全标准\GB∕T 20867.1-2024 机器人 安全要求应用规范 第1部分：工业机器人.docx
GB∕T20867.1,GB∕T 20867.1-2024 机器人 安全要求应用规范 第1部分：工业机器人,其他/通用,.pdf,安全标准\GB∕T 20867.1-2024 机器人 安全要求应用规范 第1部分：工业机器人.pdf
GB∕T209,GB∕T209-2018 工业用氢氧化钠 【高清版】,其他/通用,.xdf,法律标准\标准\酸\GB∕T209-2018 工业用氢氧化钠 【高清版】.xdf
GB∕T23755,GB∕T 23755-2020 三相组合式电力变压器,其他/通用,.pdf,新标准\GB∕T 23755-2020 三相组合式电力变压器.pdf
GB∕T25434,GB∕T 25434-2025 橡胶塑料压延机安全要求,其他/通用,.docx,安全标准\GB∕T 25434-2025 橡胶塑料压延机安全要求.docx
GB∕T25434,GB∕T 25434-2025 橡胶塑料压延机安全要求,其他/通用,.pdf,安全标准\GB∕T 25434-2025 橡胶塑料压延机安全要求.pdf
GB∕T2694,GB∕T 2694-2018 输电线路铁塔制造技术条件,其他/通用,.pdf,新标准\电力线路\GB∕T 2694-2018 输电线路铁塔制造技术条件.pdf
GB∕T27519,GB∕T 27519-2011 畜禽屠宰加工设备通用要求,其他/通用,.docx,安全标准\GB∕T 27519-2011 畜禽屠宰加工设备通用要求.docx
GB∕T28475.1,GB∕T 28475.1-2012 工业炉窑控制装置 第1部分：通用技术条件,其他/通用,.rar,新建文件夹 (2)\玻璃\GB∕T 28475.1-2012 工业炉窑控制装置 第1部分：通用技术条件.rar
GB∕T28762,GB∕T 28762-2012 数控剪板机,其他/通用,.docx,安全标准\GB∕T 28762-2012 数控剪板机.docx
GB∕T29152,GB∕T 29152-2012 垃圾焚烧尾气处理设备,其他/通用,.rar,垃圾焚烧\垃圾发电补充1\GB∕T 29152-2012 垃圾焚烧尾气处理设备.rar
GB∕T31078,GB∕T 31078-2014 低温仓储作业规范,其他/通用,.rar,新标准\物流标准\GB∕T 31078-2014 低温仓储作业规范.rar
GB∕T32828,GB∕T 32828-2016 仓储物流自动化系统功能安全规范,其他/通用,.rar,新标准\物流标准\GB∕T 32828-2016 仓储物流自动化系统功能安全规范.rar
GB∕T33454,GB∕T 33454-2016 仓储货架使用规范,其他/通用,.rar,新标准\物流标准\GB∕T 33454-2016 仓储货架使用规范.rar
GB∕T33598,GB∕T 33598-2017 车用动力电池回收利用拆解规范,其他/通用,.rar,111111\GB∕T 33598-2017 车用动力电池回收利用拆解规范.rar
GB∕T33598,GB∕T 33598-2017 车用动力电池回收利用拆解规范,其他/通用,.pdf,111111\GB∕T 33598-2017 车用动力电池回收利用拆解规范\GB∕T 33598-2017 车用动力电池回收利用拆解规范.pdf
GB∕T33598,GB∕T 33598-2017 车用动力电池回收利用拆解规范,其他/通用,.pdf,锂电池资料\电池\GB∕T 33598-2017 车用动力电池回收利用拆解规范.pdf
GB∕T33598,GB∕T 33598-2017 车用动力电池回收利用拆解规范,其他/通用,.docx,锂电池资料\电池其他\新建文件夹\GB∕T 33598-2017 车用动力电池回收利用拆解规范.docx
GB∕T33598.2,GB∕T 33598.2-2020 车用动力电池回收利用 再生利用 第2部分：材料回收要求,其他/通用,.pdf,锂电池资料\电池\GB∕T 33598.2-2020 车用动力电池回收利用 再生利用 第2部分：材料回收要求.pdf
GB∕T33598.2,GB∕T 33598.2-2020 车用动力电池回收利用 再生利用 第2部分：材料回收要求,其他/通用,.docx,锂电池资料\电池其他\新建文件夹\GB∕T 33598.2-2020 车用动力电池回收利用 再生利用 第2部分：材料回收要求.docx
GB∕T33841.1,GB∕T 33841.1-2017 制冷系统节能运行规程 第1部分：氨制冷系统,其他/通用,.rar,法律标准\标准\制冷\GB∕T 33841.1-2017 制冷系统节能运行规程 第1部分：氨制冷系统.rar
GB∕T34015,GB∕T 34015-2017 车用动力电池回收利用余能检测,其他/通用,.rar,111111\GB∕T 34015-2017 车用动力电池回收利用余能检测.rar
GB∕T34015.2,GB∕T 34015.2-2020 车用动力电池回收利用 梯次利用 第2部分：拆卸要求,其他/通用,.pdf,锂电池资料\电池\GB∕T 34015.2-2020 车用动力电池回收利用 梯次利用 第2部分：拆卸要求.pdf
GB∕T34015.2,GB∕T 34015.2-2020 车用动力电池回收利用 梯次利用 第2部分：拆卸要求,其他/通用,.docx,锂电池资料\电池其他\新建文件夹\GB∕T 34015.2-2020 车用动力电池回收利用 梯次利用 第2部分：拆卸要求.docx
GB∕T34173,GB∕T 34173-2017 城镇排水与污水处理服务,其他/通用,.xdf,法律标准\标准\法规标准补充\GB∕T 34173-2017 城镇排水与污水处理服务.xdf
GB∕T34932,GB∕T 34932-2017 分布式光伏发电系统远程监控技术规范,其他/通用,.pdf,光伏\GB∕T 34932-2017 分布式光伏发电系统远程监控技术规范.pdf
GB∕T35486,GB∕T 35486-2017 物流仓储配送中心螺旋箱式输送机技术规范,其他/通用,.rar,新标准\物流标准\GB∕T 35486-2017 物流仓储配送中心螺旋箱式输送机技术规范.rar
GB∕T35694,GB∕T 35694-2017 光伏发电站安全规程,其他/通用,.pdf,光伏\GB∕T 35694-2017 光伏发电站安全规程.pdf
GB∕T35739,GB∕T 35739-2017 物流仓储配送中心成件物品 连续垂直输送机,其他/通用,.rar,新标准\物流标准\GB∕T 35739-2017 物流仓储配送中心成件物品 连续垂直输送机.rar
GB∕T36276,GB∕T 36276-2018 电力储能用锂离子电池,其他/通用,.pdf,锂电池资料\电池\GB∕T 36276-2018 电力储能用锂离子电池.pdf
GB∕T36276,GB∕T 36276-2018 电力储能用锂离子电池,其他/通用,.docx,锂电池资料\电池其他\新建文件夹\GB∕T 36276-2018 电力储能用锂离子电池.docx
GB∕T36521,GB∕T 36521-2018 码垛机安全要求,其他/通用,.pdf,新标准\制罐标准\GB∕T 36521-2018 码垛机安全要求.pdf
GB∕T36567,GB∕T 36567-2018 光伏组件检修规程,其他/通用,.pdf,光伏\GB∕T 36567-2018 光伏组件检修规程.pdf
GB∕T36568,GB∕T 36568-2018 光伏方阵检修规程,其他/通用,.pdf,光伏\GB∕T 36568-2018 光伏方阵检修规程.pdf
GB∕T37394,GB∕T 37394-2019 锻造机器人通用技术条件,其他/通用,.xdf,法律标准\标准\法规标准补充\GB∕T 37394-2019 锻造机器人通用技术条件.xdf
GB∕T37408,GB∕T 37408-2019 光伏发电并网逆变器技术要求,其他/通用,.pdf,光伏\GB∕T 37408-2019 光伏发电并网逆变器技术要求.pdf
GB∕T37415,GB∕T 37415-2019 桁架式机器人通用技术条件,其他/通用,.xdf,法律标准\标准\法规标准补充\GB∕T 37415-2019 桁架式机器人通用技术条件.xdf
GB∕T3787,GB∕T 3787-2017 手持式电动工具的管理、使用、检查和维修安全技术规程,其他/通用,.docx,安全标准\GB∕T 3787-2017 手持式电动工具的管理、使用、检查和维修安全技术规程.docx
GB∕T3787,GB∕T 3787-2017 手持式电动工具的管理、使用、检查和维修安全技术规程,其他/通用,.pdf,安全标准\GB∕T 3787-2017 手持式电动工具的管理、使用、检查和维修安全技术规程.pdf
GB∕T38109,GB∕T 38109-2019 承压设备安全附件及仪表应用导则,其他/通用,.pdf,新标准\GB∕T 38109-2019 承压设备安全附件及仪表应用导则.pdf
GB∕T38244,GB∕T 38244-2019 机器人安全总则,其他/通用,.pdf,机器人\GB∕T 38244-2019 机器人安全总则.pdf
GB∕T38331,GB∕T 38331-2019 锂离子电池生产设备通用技术要求,其他/通用,.pdf,锂电池资料\电池\GB∕T 38331-2019 锂离子电池生产设备通用技术要求.pdf
GB∕T38331,GB∕T 38331-2019 锂离子电池生产设备通用技术要求,其他/通用,.docx,锂电池资料\电池其他\新建文件夹\GB∕T 38331-2019 锂离子电池生产设备通用技术要求.docx
GB∕T38501,GB∕T 38501-2020 给袋式自动包装机,其他/通用,.pdf,111111\GB∕T 38501-2020 给袋式自动包装机.pdf
GB∕T38530,GB∕T 38530-2020  城镇液化天然气(LNG)气化供气装置,其他/通用,.xdf,法律标准\标准\燃气\GB∕T 38530-2020  城镇液化天然气(LNG)气化供气装置.xdf
GB∕T38530,GB∕T 38530-2020 城镇液化天然气（LNG）气化供气装置,其他/通用,.pdf,补充标准\GB∕T 38530-2020 城镇液化天然气（LNG）气化供气装置.pdf
GB∕T38698.1,GB∕T 38698.1-2020 车用动力电池回收利用 管理规范 第1部分：包装运输,其他/通用,.pdf,111111\GB∕T 38698.1-2020 车用动力电池回收利用 管理规范 第1部分：包装运输.pdf
GB∕T3883.205,GB∕T 3883.205-2019 手持式、可移式电动工具和园林工具的安全 第205部分：手持式圆锯的专用要求,其他/通用,.pdf,新标准\GB∕T 3883.205-2019 手持式、可移式电动工具和园林工具的安全 第205部分：手持式圆锯的专用要求.pdf
GB∕T3883.311,GB∕T 3883.311-2019 手持式、可移式电动工具和园林工具的安全 第311部分：可移式型材切割机的专用要求,其他/通用,.pdf,新标准\GB∕T 3883.311-2019 手持式、可移式电动工具和园林工具的安全 第311部分：可移式型材切割机的专用要求.pdf
GB∕T38921,GB∕T 38921-2020 火力发电厂汽轮机安全保护系统技术条件,其他/通用,.pdf,111111\GB∕T 38921-2020 火力发电厂汽轮机安全保护系统技术条件.pdf
GB∕T38946,GB∕T 38946-2020 分布式光伏发电系统集中运维技术规范,其他/通用,.pdf,光伏\GB∕T 38946-2020 分布式光伏发电系统集中运维技术规范.pdf
GB∕T39140.1,GB∕T 39140.1-2020 金刚石圆锯片用夹紧卡盘 第1部分：石材加工,其他/通用,.pdf,法律标准\标准\石材加工\GB∕T 39140.1-2020 金刚石圆锯片用夹紧卡盘 第1部分：石材加工.pdf
GB∕T39194,GB∕T 39194-2020 真空低压渗碳高压气淬热处理技术要求,其他/通用,.docx,安全标准\GB∕T 39194-2020 真空低压渗碳高压气淬热处理技术要求.docx
GB∕T39194,GB∕T 39194-2020 真空低压渗碳高压气淬热处理技术要求,其他/通用,.pdf,安全标准\GB∕T 39194-2020 真空低压渗碳高压气淬热处理技术要求.pdf
GB∕T39402,GB∕T 39402-2020 面向人机协作的工业机器人设计规范,其他/通用,.pdf,机器人\GB∕T 39402-2020 面向人机协作的工业机器人设计规范.pdf
GB∕T39681,GB∕T 39681-2020 立体仓库货架系统设计规范,其他/通用,.pdf,新标准\物流标准\GB∕T 39681-2020 立体仓库货架系统设计规范.pdf
GB∕T39795,GB∕T 39795-2021 普通用途输送带 导电性和可燃性安全要求,其他/通用,.pdf,标准123\GB∕T 39795-2021 普通用途输送带 导电性和可燃性安全要求.pdf
GB∕T39825,GB∕T 39825-2021 轻型输送带 基本性能及应用,其他/通用,.pdf,输送带（机）\GB∕T 39825-2021 轻型输送带 基本性能及应用.pdf
GB∕T41333,GB∕T 41333-2022 石灰煅烧成套装备技术要求,其他/通用,.docx,安全标准\GB∕T 41333-2022 石灰煅烧成套装备技术要求.docx
GB∕T41333,GB∕T 41333-2022 石灰煅烧成套装备技术要求,其他/通用,.pdf,安全标准\GB∕T 41333-2022 石灰煅烧成套装备技术要求.pdf
GB∕T4490,GB∕T 4490-2021 织物芯输送带 宽度和长度,其他/通用,.pdf,输送带（机）\GB∕T 4490-2021 织物芯输送带 宽度和长度.pdf
GB∕T536,GB∕T 536-2017 液体无水氨,其他/通用,.rar,111111\GB∕T 536-2017 液体无水氨.rar
GB∕T5959.1,GB∕T 5959.1-2019 电热和电磁处理装置的安全 第1部分：通用要求,其他/通用,.pdf,法律标准\标准\GB5959 电热装置的安全\GB∕T 5959.1-2019 电热和电磁处理装置的安全 第1部分：通用要求.pdf
GB∕T5959.41,GB∕T 5959.41-2019 电热装置的安全 第41部分：对电阻加热装置的特殊要求 玻璃加热和熔化装置,其他/通用,.pdf,法律标准\标准\GB5959 电热装置的安全\GB∕T 5959.41-2019 电热装置的安全 第41部分：对电阻加热装置的特殊要求 玻璃加热和熔化装置.pdf
GB∕T7247.4,GB∕T 7247.4-2016 激光产品的安全 第4部分：激光防护屏,其他/通用,.rar,补充标准\GB∕T 7247.4-2016 激光产品的安全 第4部分：激光防护屏.rar
GB／T20368,GB／T 20368-2012  液化天然气(LNG)生产、储存和装运.,其他/通用,.xdf,法律标准\标准\重大危险源\GB／T 20368-2012  液化天然气(LNG)生产、储存和装运..xdf
GB／T28742,GB／T 28742-2012  污水处理设备安全技术规范.,其他/通用,.xdf,法律标准\标准\法规标准补充\GB／T 28742-2012  污水处理设备安全技术规范..xdf
HJ-T262,HJ-T 262-2006 环境保护产品技术要求 格栅除污机,其他/通用,.xdf,法律标准\标准\污水\HJ-T 262-2006 环境保护产品技术要求 格栅除污机.xdf
HJ1186,HJ 1186-2021 废锂离子动力蓄电池处理污染控制技术规范（试行）,其他/通用,.pdf,锂电池资料\电池\HJ 1186-2021 废锂离子动力蓄电池处理污染控制技术规范（试行）.pdf
HJ1186,HJ 1186-2021 废锂离子动力蓄电池处理污染控制技术规范（试行）,其他/通用,.docx,锂电池资料\电池其他\新建文件夹\HJ 1186-2021 废锂离子动力蓄电池处理污染控制技术规范（试行）.docx
HJ2004,屠宰与肉类加工废水治理工程技术规范（HJ 2004-2010）,其他/通用,.pdf,法律标准\法律法规\环境保护法律法规\屠宰与肉类加工废水治理工程技术规范（HJ 2004-2010）.pdf
HJ2007,HJ 2007-2010 污水气浮处理工程技术规范,其他/通用,.xdf,法律标准\标准\污水\HJ 2007-2010 污水气浮处理工程技术规范.xdf
HJ2008,HJ 2008-2010 污水过滤处理工程技术规范,其他/通用,.xdf,法律标准\标准\污水\HJ 2008-2010 污水过滤处理工程技术规范.xdf
HJ2010,HJ 2010-2011 膜生物法污水处理工程技术规范,其他/通用,.xdf,法律标准\标准\污水\HJ 2010-2011 膜生物法污水处理工程技术规范.xdf
HJ2013,HJ 2013-2012 升流式厌氧污泥床反应器污水处理工程技术规范,其他/通用,.xdf,法律标准\标准\污水\HJ 2013-2012 升流式厌氧污泥床反应器污水处理工程技术规范.xdf
HJ2014,HJ 2014-2012生物滤池法污水处理工程技术规范,其他/通用,.xdf,法律标准\标准\污水\HJ 2014-2012生物滤池法污水处理工程技术规范.xdf
HJ2021,HJ 2021-2012 内循环好氧生物流化床污水处理工程技术规范 标准　,其他/通用,.xdf,法律标准\标准\污水\HJ 2021-2012 内循环好氧生物流化床污水处理工程技术规范 标准　.xdf
HJ2026,HJ 2026-2013 吸附法工业有机废气治理工程技术规范,其他/通用,.pdf,新标准\环保设施安全标准\HJ 2026-2013 吸附法工业有机废气治理工程技术规范.pdf
HJ2026,HJ 2026-2013 吸附法工业有机废气治理工程技术规范,其他/通用,.pdf,新标准\环保设施安全标准\新建文件夹 (3)\HJ 2026-2013 吸附法工业有机废气治理工程技术规范.pdf
HJ2027,HJ 2027-2013 催化燃烧法工业有机废气治理工程技术规范,其他/通用,.pdf,新标准\制罐标准\HJ 2027-2013 催化燃烧法工业有机废气治理工程技术规范.pdf
HJ2027,HJ 2027-2013 催化燃烧法工业有机废气治理工程技术规范,其他/通用,.pdf,新标准\环保设施安全标准\新建文件夹 (3)\HJ 2027-2013 催化燃烧法工业有机废气治理工程技术规范.pdf
HJ2538,HJ 2538—2014环境保护产品技术要求 旋流除砂装置,其他/通用,.xdf,法律标准\标准\污水\HJ 2538—2014环境保护产品技术要求 旋流除砂装置.xdf
HJ266,HJ 266-2006 环境保护产品技术要求.吸泥机,其他/通用,.xdf,法律标准\标准\污水\HJ 266-2006 环境保护产品技术要求.吸泥机.xdf
HJ520,HJ 520-2009 废水类别代码,其他/通用,.pdf,法律标准\标准\环境保护\HJ 520-2009 废水类别代码.pdf
HJ521,HJ 521-2009 废水排放规律代码(试行）,其他/通用,.pdf,法律标准\标准\环境保护\HJ 521-2009 废水排放规律代码(试行）.pdf
HJ523,HJ 523-2009 废水排放去向代码,其他/通用,.pdf,法律标准\标准\环境保护\HJ 523-2009 废水排放去向代码.pdf
HJ524,HJ 524-2009 大气污染物名称代码,其他/通用,.pdf,法律标准\标准\环境保护\HJ 524-2009 大气污染物名称代码.pdf
HJ525,HJ 525-2009 水污染物名称代码,其他/通用,.pdf,法律标准\标准\环境保护\HJ 525-2009 水污染物名称代码.pdf
HJ554,HJ 554-2010 饮食业环境保护技术规范,其他/通用,.pdf,法律标准\标准\环境保护\HJ 554-2010 饮食业环境保护技术规范.pdf
HJ576,HJ 576-2010 厌氧-缺氧-好氧活性污泥法污水处理工程技术规范,其他/通用,.xdf,法律标准\标准\污水\HJ 576-2010 厌氧-缺氧-好氧活性污泥法污水处理工程技术规范.xdf
HJ944,HJ944-2018 排污单位环境管理台账及排污许可证执行报告技术规范  总则(试行）,其他/通用,.pdf,法律标准\法律法规\环境保护法律法规\HJ944-2018 排污单位环境管理台账及排污许可证执行报告技术规范  总则(试行）.pdf
HJT251,HJT 251-2006 环境保护产品技术要求 罗茨鼓风机,其他/通用,.xdf,法律标准\标准\污水\HJT 251-2006 环境保护产品技术要求 罗茨鼓风机.xdf
HJT264,HJT 264-2006 臭氧发生器,其他/通用,.pdf,法律标准\标准\环境保护\HJT 264-2006 臭氧发生器.pdf
HJT386,HJT 386-2007 环境保护产品技术要求工业废气吸附净化装置,其他/通用,.pdf,新标准\环保设施安全标准\新建文件夹 (3)\HJT 386-2007 环境保护产品技术要求工业废气吸附净化装置.pdf
HJT386,HJT 386-2007 环境保护产品技术要求工业废气吸附净化装置,其他/通用,.pdf,法律标准\标准\环境保护\HJT 386-2007 环境保护产品技术要求工业废气吸附净化装置.pdf
HJT387,HJT 387-2007 环境保护产品技术要求 工业废气吸收净化装置,其他/通用,.pdf,新标准\制罐标准\HJT 387-2007 环境保护产品技术要求 工业废气吸收净化装置.pdf
HJT389,HJT 389-2007 环境保护产品技术要求 工业有机废气催化净化装置,其他/通用,.pdf,新标准\制罐标准\HJT 389-2007 环境保护产品技术要求 工业有机废气催化净化装置.pdf
HJT389,HJT 389-2007 环境保护产品技术要求 工业有机废气催化净化装置(1),其他/通用,.pdf,新标准\环保设施安全标准\新建文件夹 (3)\HJT 389-2007 环境保护产品技术要求 工业有机废气催化净化装置(1).pdf
HJT402,HJT 402-2007 清洁生产标准 白酒制造业,其他/通用,.pdf,法律标准\标准\白酒\HJT 402-2007 清洁生产标准 白酒制造业.pdf
JB-T10413,JB-T10413-2005_喷漆室,其他/通用,.rar,新标准\JB-T10413-2005_喷漆室.rar
JB-T10413,JB-T10413-2005_喷漆室,其他/通用,.pdf,新标准\JB-T10413-2005_喷漆室\JB-T10413-2005_喷漆室.pdf
JB-T5333,JB-T5333-1999_电动湿式磨光机,其他/通用,.pdf,法律标准\标准\石材加工\JB-T5333-1999_电动湿式磨光机.pdf
JB-T8669,JB-T8669-1997_中频感应加热用半导体变频装置,其他/通用,.pdf,法律标准\标准\设备设施\感应炉\JB-T8669-1997_中频感应加热用半导体变频装置.pdf
JB-T8896,JB-T 8896-1999 工人机器人 验收规则,其他/通用,.xdf,法律标准\标准\法规标准补充\JB-T 8896-1999 工人机器人 验收规则.xdf
JB-T9182,JB-T 9182-2014 喷漆机器人 通用技术条件,其他/通用,.xdf,法律标准\标准\法规标准补充\JB-T 9182-2014 喷漆机器人 通用技术条件.xdf
JB10361,JB 10361-2002-T 低压成套开关设备和控制设备 安全设计导则,其他/通用,.pdf,法律标准\标准\安全管理\设计\JB 10361-2002-T 低压成套开关设备和控制设备 安全设计导则.pdf
JB10551,JB 10551-2006,其他/通用,.pdf,法律标准\法律法规\培训\天津所用法规\JB 10551-2006.pdf
JB6132,JB 6132-1992 埋刮板输送机 安全规范,其他/通用,.xdf,法律标准\标准\输送机\JB 6132-1992 埋刮板输送机 安全规范.xdf
JB7741,JB 7741-1995金属切削加工安全技术要求,其他/通用,.pdf,新标准\JB 7741-1995金属切削加工安全技术要求.pdf
JBT10095,JBT 10095-2010 工业电池用充电设备,其他/通用,.pdf,111111\JB∕T 10095-2010 工业电池用充电设备\JBT 10095-2010 工业电池用充电设备.pdf
JBT10095,JBT 10095-2010 工业电池用充电设备,其他/通用,.pdf,锂电池资料\电池\JBT 10095-2010 工业电池用充电设备.pdf
JBT10095,JBT 10095-2010 工业电池用充电设备,其他/通用,.docx,锂电池资料\电池其他\新建文件夹\JBT 10095-2010 工业电池用充电设备.docx
JBT10144,JBT 10144-1999 抛(喷)丸设备 安全要求,其他/通用,.rar,新标准\JBT 10144-1999 抛(喷)丸设备 安全要求.rar
JBT10144,JBT 10144-1999 抛(喷)丸设备 安全要求,其他/通用,.pdf,新标准\JBT 10144-1999 抛(喷)丸设备 安全要求\JBT 10144-1999 抛(喷)丸设备 安全要求.pdf
JBT10242,JBT 10242-2013 阴极电泳涂装通用技术规范,其他/通用,.pdf,安全标准\JBT 10242-2013 阴极电泳涂装通用技术规范.pdf
JBT10822,JBT 10822-2008 自动化立体仓库设计通则,其他/通用,.pdf,安全标准\JBT 10822-2008 自动化立体仓库设计通则.pdf
JBT10939,JBT 10939-2010 带式输送机跑偏开关,其他/通用,.pdf,新标准\JB∕T 10939-2010 带式输送机跑偏开关\JBT 10939-2010 带式输送机跑偏开关.pdf
JBT10958,JBT 10958-2010 带式输送机 打滑检测器,其他/通用,.pdf,法律标准\标准\输送机\JBT 10958-2010 带式输送机 打滑检测器.pdf
JBT10959,JBT 10959-2010 带式输送机 料流检测器,其他/通用,.pdf,法律标准\标准\输送机\JBT 10959-2010 带式输送机 料流检测器.pdf
JBT10960,JBT 10960-2010 带式输送机 拉绳开关,其他/通用,.pdf,法律标准\标准\输送机\JBT 10960-2010 带式输送机 拉绳开关.pdf
JBT11063,JBT 11063-2010 激光焊接工艺指南,其他/通用,.pdf,锂电池资料\电池\JBT 11063-2010 激光焊接工艺指南.pdf
JBT11063,JBT 11063-2010 激光焊接工艺指南,其他/通用,.docx,锂电池资料\电池其他\新建文件夹\JBT 11063-2010 激光焊接工艺指南.docx
JBT11137,JBT 11137-2011 锂离子蓄电池总成通用要求,其他/通用,.pdf,锂电池资料\电池\JBT 11137-2011 锂离子蓄电池总成通用要求.pdf
JBT11137,JBT 11137-2011 锂离子蓄电池总成通用要求,其他/通用,.docx,锂电池资料\电池其他\新建文件夹\JBT 11137-2011 锂离子蓄电池总成通用要求.docx
JBT11140,JBT 11140-2011 磷酸亚铁锂蓄电池模块通用要求,其他/通用,.pdf,电池\JBT 11140-2011 磷酸亚铁锂蓄电池模块通用要求.pdf
JBT11142,JBT 11142-2011 锂离子蓄电池充电设备通用要求,其他/通用,.pdf,锂电池资料\电池\JBT 11142-2011 锂离子蓄电池充电设备通用要求.pdf
JBT11142,JBT 11142-2011 锂离子蓄电池充电设备通用要求,其他/通用,.docx,锂电池资料\电池其他\新建文件夹\JBT 11142-2011 锂离子蓄电池充电设备通用要求.docx
JBT11180,JBT 11180-2011 冲天炉配加料系统用双向带式输送机,其他/通用,.pdf,法律标准\标准\输送机\JBT 11180-2011 冲天炉配加料系统用双向带式输送机.pdf
JBT12765,JBT 12765-2015 卧式剪板机,其他/通用,.pdf,安全标准\JBT 12765-2015 卧式剪板机.pdf
JBT13188,JBT 13188-2017 正压气力输送机,其他/通用,.pdf,111111\JB∕T 13188-2017 正压气力输送机\JBT 13188-2017 正压气力输送机.pdf
JBT13188,JBT 13188-2017 正压气力输送机,其他/通用,.pdf,标准\JBT 13188-2017 正压气力输送机.pdf
JBT13977,JBT 13977-2020液化天然气（LNG）低温潜液泵,其他/通用,.xdf,法律标准\标准\重大危险源\JBT 13977-2020液化天然气（LNG）低温潜液泵.xdf
JBT2944.3,JBT 2944.3-2012 立式万能木模铣床 第3部分：技术条件,其他/通用,.pdf,新标准\JB∕T 2944.3-2012 立式万能木模铣床 第3部分：技术条件\JBT 2944.3-2012 立式万能木模铣床 第3部分：技术条件.pdf
JBT3924,JBT 3924-1999 中频感应加热装置用变压器,其他/通用,.pdf,法律标准\标准\设备设施\感应炉\JBT 3924-1999 中频感应加热装置用变压器.pdf
JBT3926,JBT 3926-2014 垂直斗式提升机,其他/通用,.pdf,法律标准\标准\JBT 3926-2014 垂直斗式提升机.pdf
JBT5771.1,JBT 5771.1-2006 铁水浇包 第1部分：基本参数,其他/通用,.rar,新建文件夹 (2)\JBT 5771.1-2006 铁水浇包 第1部分：基本参数.rar
JBT5771.1,JBT 5771.1-2006 铁水浇包 第1部分：基本参数,其他/通用,.pdf,新标准\标准\JBT 5771.1-2006 铁水浇包 第1部分：基本参数.pdf
JBT5771.2,JBT 5771.2-2006 铁水浇包 第2部分：技术条件,其他/通用,.pdf,新建文件夹 (2)\JBT 5771.2-2006 铁水浇包 第2部分：技术条件.pdf
JBT5771.2,JBT 5771.2-2006 铁水浇包 第2部分：技术条件,其他/通用,.rar,新建文件夹 (2)\JBT 5771.2-2006 铁水浇包 第2部分：技术条件.rar
JBT5771.2,JBT 5771.2-2006 铁水浇包 第2部分：技术条件,其他/通用,.pdf,新建文件夹 (2)\JBT 5771.2-2006 铁水浇包 第2部分：技术条件\JBT 5771.2-2006 铁水浇包 第2部分：技术条件.pdf
JBT5902,JBT 5902-2015 空气分离设备用氧气管道 技术条件,其他/通用,.pdf,新标准\JBT 5902-2015 空气分离设备用氧气管道 技术条件.pdf
JBT6427,JBT 6427-2015 变压吸附制氧、制氮设备,其他/通用,.pdf,新标准\JBT 6427-2015 变压吸附制氧、制氮设备.pdf
JBT6427,JBT 6427-2015 变压吸附制氧、制氮设备,其他/通用,.pdf,新标准\JB∕T 6427-2015 变压吸附制氧、制氮设备\JBT 6427-2015 变压吸附制氧、制氮设备.pdf
JBT6898,JBT 6898-2015 低温液体贮运设备使用安全规则,其他/通用,.pdf,安全标准\JBT 6898-2015 低温液体贮运设备使用安全规则.pdf
JBT7013,JBT 7013-2008 鳞板输送机,其他/通用,.pdf,新标准\制罐标准\JBT 7013-2008 鳞板输送机.pdf
JBT7014,JBT 7014-2008 平板式输送机,其他/通用,.pdf,输送带（机）\JBT 7014-2008 平板式输送机.pdf
JBT7327,JBT 7327-2007 常压固定床煤气发生炉,其他/通用,.pdf,法律标准\标准\燃气\煤气\JBT 7327-2007 常压固定床煤气发生炉.pdf
JBT7437,JBT 7437-2015 干式回火防止器,其他/通用,.pdf,新建文件夹\JBT 7437-2015 干式回火防止器.pdf
JBT7504,JBT 7504-1994 静电喷涂装备 技术条件,其他/通用,.pdf,法律标准\标准\设备设施\涂装作业\JBT 7504-1994 静电喷涂装备 技术条件.pdf
JBT8377,JBT 8377-2008 电热远红外型、芯烘干炉 技术条件,其他/通用,.rar,新标准\标准\JBT 8377-2008 电热远红外型、芯烘干炉 技术条件.rar
JBT8938,JBT 8938-1999 污水处理设备  通用技术条件,其他/通用,.xdf,法律标准\标准\污水\JBT 8938-1999 污水处理设备  通用技术条件.xdf
JBT9018,JBT 9018-2011 自动化立体仓库 设计规范,其他/通用,.pdf,安全标准\JBT 9018-2011 自动化立体仓库 设计规范.pdf
JBT9022,JBT 9022-2012 振动筛设计规范,其他/通用,.pdf,新标准\JB∕T 9022-2012 振动筛设计规范\JBT 9022-2012 振动筛设计规范.pdf
JBT9800,JBT 9800-2011 装配式金属筒仓,其他/通用,.rar,新建文件夹 (2)\JBT 9800-2011 装配式金属筒仓.rar
JBT9800,JBT 9800-2011 装配式金属筒仓,其他/通用,.pdf,新建文件夹 (2)\JBT 9800-2011 装配式金属筒仓\JBT 9800-2011 装配式金属筒仓.pdf
JB_T10546,JB_T 10546-2014 汽车专用升降机,其他/通用,.xdf,法律标准\标准\升降机\JB_T 10546-2014 汽车专用升降机.xdf
JB_T10598,JB_T 10598-2020 一般式固定螺杆压缩机.com,其他/通用,.pdf,新标准\JB_T 10598-2020 一般式固定螺杆压缩机.com.pdf
JB_T11825,JB_T 11825-2014 城镇污水处理厂污泥焚烧炉,其他/通用,.xdf,法律标准\标准\污水\JB_T 11825-2014 城镇污水处理厂污泥焚烧炉.xdf
JB_T13733,JB_T 13733工业有机废气蓄热催化燃烧装置-2019,其他/通用,.pdf,新标准\环保设施安全标准\JB_T 13733工业有机废气蓄热催化燃烧装置-2019.pdf
JB_T13733,JB_T 13733工业有机废气蓄热催化燃烧装置-2019,其他/通用,.pdf,新标准\环保设施安全标准\新建文件夹 (3)\JB_T 13733工业有机废气蓄热催化燃烧装置-2019.pdf
JB_T14230,JB_T 14230-2022 锂离子电池极片涂布机,其他/通用,.pdf,锂电池资料\电池\JB_T 14230-2022 锂离子电池极片涂布机.pdf
JB_T14230,JB_T 14230-2022 锂离子电池极片涂布机,其他/通用,.docx,锂电池资料\电池其他\新建文件夹\JB_T 14230-2022 锂离子电池极片涂布机.docx
JB∕T10095,JB∕T 10095-2010 工业电池用充电设备,其他/通用,.rar,111111\JB∕T 10095-2010 工业电池用充电设备.rar
JB∕T10939,JB∕T 10939-2010 带式输送机跑偏开关,其他/通用,.rar,新标准\JB∕T 10939-2010 带式输送机跑偏开关.rar
JB∕T11826,JB∕T 11826-2014 城镇污水处理厂污泥焚烧处理工程技术规范,其他/通用,.xdf,法律标准\标准\污水\JB∕T 11826-2014 城镇污水处理厂污泥焚烧处理工程技术规范.xdf
JB∕T12096,JB∕T 12096-2014 卧式全自动液压打包机,其他/通用,.pdf,新标准\JB∕T 12096-2014 卧式全自动液压打包机.pdf
JB∕T12121,JB∕T 12121-2015 大型垃圾焚烧炉炉排技术条件,其他/通用,.pdf,垃圾焚烧\垃圾发电补充1\JB∕T 12121-2015 大型垃圾焚烧炉炉排技术条件.pdf
JB∕T12121,JB∕T 12121-2015 大型垃圾焚烧炉炉排技术条件,其他/通用,.xdf,法律标准\标准\垃圾\JB∕T 12121-2015 大型垃圾焚烧炉炉排技术条件.xdf
JB∕T12560,JB∕T 12560-2015 钢管外壁抛丸清理机技术条件,其他/通用,.pdf,新标准\JB∕T 12560-2015 钢管外壁抛丸清理机技术条件.pdf
JB∕T12751,JB∕T 12751-2015 码垛机通用技术条件,其他/通用,.pdf,新标准\制罐标准\JB∕T 12751-2015 码垛机通用技术条件.pdf
JB∕T12919,JB∕T 12919-2016 成件物品用轻型带式输送机,其他/通用,.pdf,输送带（机）\JB∕T 12919-2016 成件物品用轻型带式输送机.pdf
JB∕T13188,JB∕T 13188-2017 正压气力输送机,其他/通用,.rar,111111\JB∕T 13188-2017 正压气力输送机.rar
JB∕T13453,JB∕T 13453-2018 饲料加工成套设备现场安装通用技术规范,其他/通用,.pdf,111111\饲料加工\饲料加工\JB∕T 13453-2018 饲料加工成套设备现场安装通用技术规范.pdf
JB∕T13453,JB∕T 13453-2018 饲料加工成套设备现场安装通用技术规范,其他/通用,.pdf,饲料加工\JB∕T 13453-2018 饲料加工成套设备现场安装通用技术规范.pdf
JB∕T20005.2,JB∕T 20005.2-2013 玻璃输液瓶灌装机,其他/通用,.pdf,111111\JB∕T 20005.2-2013 玻璃输液瓶灌装机.pdf
JB∕T2257.1,JB∕T 2257.1-2014 板料折弯机 第1部分：技术条件,其他/通用,.pdf,111111\JB∕T 2257.1-2014 板料折弯机 第1部分：技术条件.pdf
JB∕T2944.3,JB∕T 2944.3-2012 立式万能木模铣床 第3部分：技术条件,其他/通用,.rar,新标准\JB∕T 2944.3-2012 立式万能木模铣床 第3部分：技术条件.rar
JB∕T4333.2,JB∕T 4333.2-2013 厢式压滤机和板框压滤机 第2部分：技术条件,其他/通用,.xdf,法律标准\标准\污水\JB∕T 4333.2-2013 厢式压滤机和板框压滤机 第2部分：技术条件.xdf
JB∕T5496,JB∕T 5496-2015 振动筛制造通用技术条件,其他/通用,.pdf,新标准\JB∕T 5496-2015 振动筛制造通用技术条件.pdf
JB∕T5680,JB∕T 5680-2014 小型辊式磨粉机,其他/通用,.pdf,安全标准\JB∕T 5680-2014 小型辊式磨粉机.pdf
JB∕T6427,JB∕T 6427-2015 变压吸附制氧、制氮设备,其他/通用,.rar,新标准\JB∕T 6427-2015 变压吸附制氧、制氮设备.rar
JB∕T7679,JB∕T 7679-2019 螺旋输送机,其他/通用,.pdf,标准\JB∕T 7679-2019 螺旋输送机.pdf
JB∕T9022,JB∕T 9022-2012 振动筛设计规范,其他/通用,.rar,新标准\JB∕T 9022-2012 振动筛设计规范.rar
JGT191,JGT 191-2006 城市体育设施技术要求,其他/通用,.pdf,法律标准\标准\体育\秋实\JGT 191-2006 城市体育设施技术要求.pdf
JTT-324,JTT-324-2008 汽车喷烤漆房,其他/通用,.doc,法律标准\标准\设备设施\涂装作业\JTT-324-2008 汽车喷烤漆房.doc
JTT-324,JTT-324-2008 汽车喷烤漆房,其他/通用,.docx,法律标准\标准\设备设施\涂装作业\JTT-324-2008 汽车喷烤漆房.docx
JT_T324,JT_T 324-2022 汽车喷烤漆房,其他/通用,.pdf,安全标准\JT_T 324-2022 汽车喷烤漆房.pdf
LS1206,LS 1206-2005 粮食仓库安全操作规程,其他/通用,.pdf,粮食加工\LS 1206-2005 粮食仓库安全操作规程.pdf
LS1207,LS 1207-2005 粮食仓库机电设备安装技术规程,其他/通用,.pdf,粮食加工\LS 1207-2005 粮食仓库机电设备安装技术规程.pdf
LS8001,LS 8001-2007 粮食立筒库设计规范,其他/通用,.pdf,法律标准\标准\爆炸\LS 8001-2007 粮食立筒库设计规范.pdf
LST3515,LST 3515-1992 粮食带式输送机,其他/通用,.pdf,粮食加工\LST 3515-1992 粮食带式输送机.pdf
LS_T1231,LS_T 1231-2023 稻米加工技术规程,其他/通用,.pdf,粮食加工\LS_T 1231-2023 稻米加工技术规程.pdf
LS_T3516,LS_T 3516-1988 粮食干燥机技术条件,其他/通用,.pdf,粮食加工\LS_T 3516-1988 粮食干燥机技术条件.pdf
MH∕T1020,MH∕T 1020-2018 锂电池航空运输规范,其他/通用,.pdf,锂电池资料\电池\MH∕T 1020-2018 锂电池航空运输规范.pdf
MH∕T1020,MH∕T 1020-2018 锂电池航空运输规范,其他/通用,.docx,锂电池资料\电池其他\新建文件夹\MH∕T 1020-2018 锂电池航空运输规范.docx
NY1410,NY 1410-2007 粮食清选机安全技术要求,其他/通用,.pdf,粮食加工\NY 1410-2007 粮食清选机安全技术要求.pdf
NY1644,NY 1644-2008 粮食干燥机运行安全技术条件,其他/通用,.pdf,粮食加工\NY 1644-2008 粮食干燥机运行安全技术条件.pdf
NY312,NY 312-1997 醇基民用燃料灶具,其他/通用,.pdf,新建文件夹\NY 312-1997 醇基民用燃料灶具.pdf
NYT1220.1,NYT 1220.1-2019 沼气工程技术规范 第1部分：工程设计,其他/通用,.pdf,安全标准\NYT 1220.1-2019 沼气工程技术规范 第1部分：工程设计.pdf
NYT1220.2,NYT 1220.2-2019 沼气工程技术规范 第2部分：输配系统设计,其他/通用,.pdf,安全标准\NYT 1220.2-2019 沼气工程技术规范 第2部分：输配系统设计.pdf
NYT1220.6,NYT 1220.6-2014 沼气工程技术规范 第6部分 安全使用,其他/通用,.rar,垃圾焚烧\垃圾发电补充1\NYT 1220.6-2014 沼气工程技术规范 第6部分 安全使用.rar
NYT1220.6,NYT 1220.6-2014 沼气工程技术规范 第6部分 安全使用,其他/通用,.pdf,安全标准\NYT 1220.6-2014 沼气工程技术规范 第6部分 安全使用.pdf
NYT2598,NYT 2598-2014 沼气工程储气装置技术条件,其他/通用,.pdf,安全标准\NYT 2598-2014 沼气工程储气装置技术条件.pdf
NYT3225,NYT 3225-2018 畜禽屠宰冷库管理规范,其他/通用,.xdf,法律标准\标准\安全管理\设计\NYT 3225-2018 畜禽屠宰冷库管理规范.xdf
NYT3225,NYT3225-2018FDIS 仓储作业规范,其他/通用,.pdf,安全标准\NYT3225-2018FDIS 仓储作业规范.pdf
NYT3437,NYT 3437-2019 沼气工程安全管理规范,其他/通用,.pdf,安全标准\NYT 3437-2019 沼气工程安全管理规范.pdf
NYT4172,NYT4172-2022沼气工程安全生产监控技术规范.,其他/通用,.pdf,111111\NYT4172-2022沼气工程安全生产监控技术规范..pdf
NYT658,NYT 658-2015 绿色食品 包装通用准则,其他/通用,.pdf,新标准\NYT 658-2015 绿色食品 包装通用准则.pdf
QB-T-5640,QB-T-5640-2021全电熔玻璃窑炉-通用要求,其他/通用,.pdf,标准\玻璃\QB-T-5640-2021全电熔玻璃窑炉-通用要求.pdf
QB-T-5640,QB-T-5640-2021全电熔玻璃窑炉-通用要求1,其他/通用,.pdf,111111\QB-T-5640-2021全电熔玻璃窑炉-通用要求1.pdf
QB-T-5640,QB-T-5640-2021全电熔玻璃窑炉-通用要求1,其他/通用,.pdf,标准\玻璃\QB-T-5640-2021全电熔玻璃窑炉-通用要求1.pdf
QB1110,"QB 1110-1991 聚氨酸 ,聚苯工烯 ,聚乙烯泡沫塑料生产安全技术规程",其他/通用,.rar,"法律标准\标准\QB 1110-1991 聚氨酸 ,聚苯工烯 ,聚乙烯泡沫塑料生产安全技术规程.rar"
QB1852,QB 1852-1993 白酒工业劳动安全技术规程,其他/通用,.xdf,法律标准\标准\白酒\QB 1852-1993 白酒工业劳动安全技术规程.xdf
QB1853,QB 1853-1993 酒精工业劳动安全技术规程,其他/通用,.xdf,法律标准\标准\白酒\QB 1853-1993 酒精工业劳动安全技术规程.xdf
QB1853,QB1853-1993 酒精工业劳动安全技术规程,其他/通用,.pdf,法律标准\标准\设备设施\制酒\QB1853-1993 酒精工业劳动安全技术规程.pdf
QB2457,QB 2457-1999 太阳镜,其他/通用,.rar,新标准\QB 2457-1999 太阳镜.rar
QB2457,QB 2457-1999 太阳镜,其他/通用,.pdf,新标准\QB 2457-1999 太阳镜\QB 2457-1999 太阳镜.pdf
QBT1333,QBT 1333-2018 背提包,其他/通用,.pdf,新标准\QBT 1333-2018 背提包.pdf
QBT1421,QBT 1421-2000 电阻焊罐身组合机,其他/通用,.pdf,新标准\制罐标准\QBT 1421-2000 电阻焊罐身组合机.pdf
QBT1765,QBT 1765-1993 液压自动压砖机,其他/通用,.rar,新标准\QBT 1765-1993 液压自动压砖机.rar
QBT1765,QBT 1765-1993 液压自动压砖机,其他/通用,.pdf,新标准\QBT 1765-1993 液压自动压砖机\QBT 1765-1993 液压自动压砖机.pdf
QBT1852,QBT 1852-1993 白酒工业劳动安全技术规程,其他/通用,.pdf,法律标准\标准\白酒\QBT 1852-1993 白酒工业劳动安全技术规程.pdf
QBT2370,QBT2370-2015,其他/通用,.pdf,111111\QBT2370-2015.pdf
QBT2502,QBT 2502-2000 锂离子蓄电池总规范,其他/通用,.pdf,锂电池资料\电池\QBT 2502-2000 锂离子蓄电池总规范.pdf
QBT2502,QBT 2502-2000 锂离子蓄电池总规范,其他/通用,.docx,锂电池资料\电池其他\新建文件夹\QBT 2502-2000 锂离子蓄电池总规范.docx
QBT2588,QBT 2588-2003 卸箱机,其他/通用,.pdf,法律标准\标准\设备设施\制酒\QBT 2588-2003 卸箱机.pdf
QBT2747,QBT 2747-2005 不含气液体负压灌装机,其他/通用,.rar,111111\QBT 2747-2005 不含气液体负压灌装机.rar
QBT2747,QBT 2747-2005 不含气液体负压灌装机,其他/通用,.pdf,111111\QBT 2747-2005 不含气液体负压灌装机\QBT 2747-2005 不含气液体负压灌装机.pdf
QBT4631,QBT 4631-2014 罐头食品包装、标志、运输和贮存,其他/通用,.pdf,新标准\QBT 4631-2014 罐头食品包装、标志、运输和贮存.pdf
QB_T5616,QB_T 5616-2021 白酒工业用摊凉机,其他/通用,.pdf,111111\QB_T 5616-2021 白酒工业用摊凉机.pdf
QB_T5640,QB_T 5640-2021全电熔玻璃窑炉 通用要求,其他/通用,.pdf,法律标准\标准\玻璃\玻璃1\QB_T 5640-2021全电熔玻璃窑炉 通用要求.pdf
QB_T5673,QB_T 5673-2021 高温锂原电池（组）,其他/通用,.pdf,锂电池资料\电池\QB_T 5673-2021 高温锂原电池（组）.pdf
QB_T5673,QB_T 5673-2021 高温锂原电池（组）,其他/通用,.docx,锂电池资料\电池其他\新建文件夹\QB_T 5673-2021 高温锂原电池（组）.docx
QB∕T1878,QB∕T 1878-1993 包装装潢镀锡(铬)薄钢板制罐产品,其他/通用,.pdf,新标准\QB∕T 1878-1993 包装装潢镀锡(铬)薄钢板制罐产品.pdf
QB∕T2330,QB∕T 2330-2017 工业烘干机,其他/通用,.pdf,新标准\QB∕T 2330-2017 工业烘干机.pdf
QC_T1156,QC_T 1156-2021 车用动力电池回收利用 单体拆解技术规范,其他/通用,.pdf,锂电池资料\电池\QC_T 1156-2021 车用动力电池回收利用 单体拆解技术规范.pdf
QC_T1156,QC_T 1156-2021 车用动力电池回收利用 单体拆解技术规范,其他/通用,.docx,锂电池资料\电池其他\新建文件夹\QC_T 1156-2021 车用动力电池回收利用 单体拆解技术规范.docx
QXT263,QXT 263-2015 太阳能光伏系统防雷技术规范,其他/通用,.pdf,光伏\QXT 263-2015 太阳能光伏系统防雷技术规范.pdf
QX_T309,QX_T 309-2017防雷安全管理规范,其他/通用,.xdf,法律标准\标准\安全管理\QX_T 309-2017防雷安全管理规范.xdf
SJ-T31403,SJ-T 31403-1994 罗茨鼓风机完好要求和检查评定方法,其他/通用,.xdf,法律标准\标准\污水\SJ-T 31403-1994 罗茨鼓风机完好要求和检查评定方法.xdf
SJ20365,SJ 20365-1993 低压直流电源通用规范,其他/通用,.rar,新标准\SJ 20365-1993 低压直流电源通用规范.rar
SJ20365,SJ 20365-1993 低压直流电源通用规范,其他/通用,.pdf,新标准\SJ 20365-1993 低压直流电源通用规范\SJ 20365-1993 低压直流电源通用规范.pdf
SJT11384,SJT 11384 -2008 耐压测试仪通用规范,其他/通用,.pdf,锂电池资料\电池\SJT 11384 -2008 耐压测试仪通用规范.pdf
SJT11384,SJT 11384 -2008 耐压测试仪通用规范,其他/通用,.docx,锂电池资料\电池其他\新建文件夹\SJT 11384 -2008 耐压测试仪通用规范.docx
SJT31009,SJT 31009-1994 刨床、插床、拉床完好要求和检查评定方法,其他/通用,.rar,新标准\SJT 31009-1994 刨床、插床、拉床完好要求和检查评定方法.rar
SJT31009,SJT 31009-1994 刨床、插床、拉床完好要求和检查评定方法,其他/通用,.pdf,新标准\SJT 31009-1994 刨床、插床、拉床完好要求和检查评定方法\SJT 31009-1994 刨床、插床、拉床完好要求和检查评定方法.pdf
SJT31194,SJT 31194-1994 650型混料机完好要求和检查评定方法,其他/通用,.rar,标准\SJT 31194-1994 650型混料机完好要求和检查评定方法.rar
SJT31194,SJT 31194-1994 650型混料机完好要求和检查评定方法,其他/通用,.pdf,标准\SJT 31194-1994 650型混料机完好要求和检查评定方法\SJT 31194-1994 650型混料机完好要求和检查评定方法.pdf
SJT31437,SJT 31437-1994 氩弧焊机完好要求和检查评定方法,其他/通用,.pdf,法律标准\标准\设备设施\焊接设备\SJT 31437-1994 氩弧焊机完好要求和检查评定方法.pdf
SJ_T11797,SJ_T 11797-2022 锂金属蓄电池及电池组总规范,其他/通用,.pdf,锂电池资料\电池\SJ_T 11797-2022 锂金属蓄电池及电池组总规范.pdf
SJ_T11797,SJ_T 11797-2022 锂金属蓄电池及电池组总规范,其他/通用,.docx,锂电池资料\电池其他\新建文件夹\SJ_T 11797-2022 锂金属蓄电池及电池组总规范.docx
SJ_T11798,SJ_T 11798-2022 锂离子电池和电池组生产安全要求,其他/通用,.pdf,锂电池资料\电池\SJ_T 11798-2022 锂离子电池和电池组生产安全要求.pdf
SJ_T11798,SJ_T 11798-2022 锂离子电池和电池组生产安全要求,其他/通用,.docx,锂电池资料\电池其他\新建文件夹\SJ_T 11798-2022 锂离子电池和电池组生产安全要求.docx
SJ_T11807,SJ_T 11807-2022 锂离子电池和电池组充放电测试设备规范,其他/通用,.pdf,锂电池资料\电池\SJ_T 11807-2022 锂离子电池和电池组充放电测试设备规范.pdf
SJ_T11807,SJ_T 11807-2022 锂离子电池和电池组充放电测试设备规范,其他/通用,.docx,锂电池资料\电池其他\新建文件夹\SJ_T 11807-2022 锂离子电池和电池组充放电测试设备规范.docx
SJ_T11862,SJ_T 11862-2022 锂电池术语,其他/通用,.pdf,锂电池资料\电池\SJ_T 11862-2022 锂电池术语.pdf
SJ_T11862,SJ_T 11862-2022 锂电池术语,其他/通用,.docx,锂电池资料\电池其他\新建文件夹\SJ_T 11862-2022 锂电池术语.docx
SN∕T3193.7,SN∕T 3193.7-2016 进口轻工业成套设备检验技术要求 第7部分：木材加工设备,其他/通用,.rar,新标准\新增\SN∕T 3193.7-2016 进口轻工业成套设备检验技术要求 第7部分：木材加工设备.rar
SY0031,SY0031-2004  石油工业用加热炉安全规程,其他/通用,.pdf,法律标准\标准\中油标准\SY0031-2004  石油工业用加热炉安全规程.pdf
SY6516,SY 6516-2001  石油工业电焊焊接作业安全规程,其他/通用,.pdf,法律标准\标准\中油标准\SY 6516-2001  石油工业电焊焊接作业安全规程.pdf
SYT5170,SYT 5170-2013 石油天然气工业用钢丝绳,其他/通用,.pdf,法律标准\标准\中油标准\SYT 5170-2013 石油天然气工业用钢丝绳.pdf
SYT7385,SYT 7385-2017 防静电安全技术规范,其他/通用,.pdf,补充标准\SYT 7385-2017 防静电安全技术规范.pdf
SYT7807,SYT 7807-2024   小型液化天然气气化站技术规程,其他/通用,.pdf,安全标准\SYT 7807-2024   小型液化天然气气化站技术规程.pdf
SY∕T0524,SY∕T 0524-2016 导热油加热炉系统规范,其他/通用,.rar,新标准\SY∕T 0524-2016 导热油加热炉系统规范.rar
SY∕T0524,SY∕T 0524-2016 导热油加热炉系统规范,其他/通用,.pdf,新标准\SY∕T 0524-2016 导热油加热炉系统规范\SY∕T 0524-2016 导热油加热炉系统规范.pdf
TSG23,TSG 23-2021 气瓶安全技术规程 含2024年第1号修改单,其他/通用,.pdf,安全标准\TSG 23-2021 气瓶安全技术规程 含2024年第1号修改单.pdf
TSG23,气瓶安全技术规程TSG23-2021,其他/通用,.pdf,法律标准\标准\气瓶安全技术规程TSG23-2021.pdf
TSG31,TSG 31-2025 工业管道安全技术规程,其他/通用,.pdf,安全标准\TSG 31-2025 工业管道安全技术规程.pdf
TSG81,TSG 81-2022,其他/通用,.docx,新标准\TSG 81-2022.docx
TSG_R0006,TSG_R0006-2014 气瓶安全技术监察规程,其他/通用,.doc,法律标准\法律法规\培训\天津所用法规\TSG_R0006-2014 气瓶安全技术监察规程.doc
TSG_R0006,TSG_R0006-2014 气瓶安全技术监察规程,其他/通用,.docx,法律标准\法律法规\培训\天津所用法规\TSG_R0006-2014 气瓶安全技术监察规程.docx
TYT1002.1,TYT 1002.1-2005 体育照明使用要求及检验方法 第1部分：室外足球场和综合体育场,其他/通用,.pdf,法律标准\标准\体育\秋实\TYT 1002.1-2005 体育照明使用要求及检验方法 第1部分：室外足球场和综合体育场.pdf
TYT1002.2,TYT 1002.2-2009 体育照明使用要求及检验方法 第2部分：综合体育馆,其他/通用,.pdf,法律标准\标准\体育\秋实\TYT 1002.2-2009 体育照明使用要求及检验方法 第2部分：综合体育馆.pdf
TYT2001,TYT 2001-2015 国民体质测试器材 通用要求,其他/通用,.pdf,法律标准\标准\体育\秋实\TYT 2001-2015 国民体质测试器材 通用要求.pdf
WBT1041,WBT 1041-2012 自动分拣设备管理要求,其他/通用,.rar,新标准\物流标准\WBT 1041-2012 自动分拣设备管理要求.rar
WBT1061,WBT 1061-2016 废蓄电池回收管理规范,其他/通用,.pdf,锂电池资料\电池\WBT 1061-2016 废蓄电池回收管理规范.pdf
WBT1061,WBT 1061-2016 废蓄电池回收管理规范,其他/通用,.docx,锂电池资料\电池其他\新建文件夹\WBT 1061-2016 废蓄电池回收管理规范.docx
WB∕T1061,WB∕T 1061-2016 废蓄电池回收管理规范,其他/通用,.rar,新标准\标准\WB∕T 1061-2016 废蓄电池回收管理规范.rar
WHT42,WHT 42-2011 演出场所安全技术要求 第2部分：临时搭建演出场所舞台、看台安全技术要求,其他/通用,.pdf,法律标准\标准\体育\秋实\WHT 42-2011 演出场所安全技术要求 第2部分：临时搭建演出场所舞台、看台安全技术要求.pdf
YBT161,YBT 161-2017 电炉用管式水冷设备技术条件,其他/通用,.pdf,新标准\YBT 161-2017 电炉用管式水冷设备技术条件.pdf
YB∕T4492,YB∕T 4492-2015 连续热镀锌钢带生产线安全生产技术规范,其他/通用,.rar,法律标准\标准\热（电）镀\YB∕T 4492-2015 连续热镀锌钢带生产线安全生产技术规范.rar
YS∕T1027,YS∕T 1027-2015 磷酸铁锂,其他/通用,.pdf,电池\YS∕T 1027-2015 磷酸铁锂.pdf
YS∕T1311,YS∕T 1311-2019 钼酸钠,其他/通用,.pdf,标准\新建文件夹\YS∕T 1311-2019 钼酸钠.pdf
YYT0187,YYT0187《医用中心供氧系统通用技术条件》,其他/通用,.pdf,法律标准\标准\设备设施\医用\YYT0187《医用中心供氧系统通用技术条件》.pdf
db21,db21-t2535-2015城镇污水处理企业安全生产标准化评定,其他/通用,.xdf,法律标准\标准\污水\db21-t2535-2015城镇污水处理企业安全生产标准化评定.xdf
gb3831.13,gb3831.13-2022爆炸性环境 第13部分： 设备的修理、检修、修复和改造,其他/通用,.pdf,新标准\gb3831.13-2022爆炸性环境 第13部分： 设备的修理、检修、修复和改造.pdf
gb3836.1,gb3836.1-2020爆炸性环境 第1部分：设备 通用要求,其他/通用,.pdf,新标准\gb3836.1-2020爆炸性环境 第1部分：设备 通用要求.pdf
hjt265,hjt 265-2006 环境保护产品技术要求 刮泥机,其他/通用,.xdf,法律标准\标准\污水\hjt 265-2006 环境保护产品技术要求 刮泥机.xdf
mtt103,mtt 103-1993 矿用刮板输送机出厂检验规范,其他/通用,.pdf,法律标准\标准\输送机\mtt 103-1993 矿用刮板输送机出厂检验规范.pdf
,(2017第1号修改单）TSG-ZF003-2011-爆破片装置安全技,其他/通用,.docx,法律标准\标准\爆破片\(2017第1号修改单）TSG-ZF003-2011-爆破片装置安全技.docx
,(完整word版)LNG气化站工艺流程图,其他/通用,.doc,法律标准\标准\LNG\(完整word版)LNG气化站工艺流程图.doc
,(完整word版)LNG气化站工艺流程图,其他/通用,.docx,法律标准\标准\LNG\(完整word版)LNG气化站工艺流程图.docx
,(完整版)有机废气的处理方法,其他/通用,.doc,新建文件夹 (2)\(完整版)有机废气的处理方法.doc
,(完整版)有机废气的处理方法,其他/通用,.docx,新建文件夹 (2)\(完整版)有机废气的处理方法.docx
,(建标) 142-2010 生活垃圾焚烧处理工程项目建设标准,其他/通用,.xdf,法律标准\标准\垃圾\(建标) 142-2010 生活垃圾焚烧处理工程项目建设标准.xdf
,(最新)硫酸安全技术说明书,其他/通用,.doc,法律标准\标准\酸\(最新)硫酸安全技术说明书.doc
,(最新)硫酸安全技术说明书,其他/通用,.docx,法律标准\标准\酸\(最新)硫酸安全技术说明书.docx
,(正版） SHT 3134-2002,其他/通用,.pdf,新标准\撬装\(正版） SHT 3134-2002.pdf
,000227cg2tlt4edtuhcuu3,其他/通用,.tn6,新标准\标准\000227cg2tlt4edtuhcuu3.tn6
,01-政府文件,其他/通用,.zip,新标准\电力线路\01-政府文件.zip
,021年5月10日晚19时40分许,其他/通用,.docx,法律标准\标准\玻璃\玻璃1\021年5月10日晚19时40分许.docx
,02D501-2 等电位联结安装,其他/通用,.pdf,法律标准\标准\设备设施\电风梯平台\02D501-2 等电位联结安装.pdf
,08J933-1 体育场地与设施(一),其他/通用,.pdf,法律标准\标准\体育\08J933-1 体育场地与设施(一).pdf
,0a2d0b31517045785dce294399ea3f42_640_wx_fmt=png&wxfrom=5&wx_lazy=1&wx_co=1,其他/通用,.png,新标准\中频炉\0a2d0b31517045785dce294399ea3f42_640_wx_fmt=png&wxfrom=5&wx_lazy=1&wx_co=1.png
,0档案封面,其他/通用,.docx,新文件包\一人一档模板\1主要负责人安全教育培训档案\0档案封面.docx
,0档案封面,其他/通用,.docx,新文件包\一人一档模板\2安全管理人员安全教育培训档案\0档案封面.docx
,0档案封面,其他/通用,.docx,新文件包\一人一档模板\3特种作业人员\0档案封面.docx
,0档案封面,其他/通用,.docx,新文件包\一人一档模板\4岗位工人安全教育培训档案\0档案封面.docx
,1,其他/通用,.jpg,标准\涂装作业\1.jpg
,1,其他/通用,.jpg,法律标准\标准\中频炉\中频炉说明书\1.jpg
,1,其他/通用,.docx,法律标准\标准\杜瓦罐\1.docx
,1.《车用动力锂离子电池维修服务规范》征求意见稿,其他/通用,.pdf,111111\1.《车用动力锂离子电池维修服务规范》征求意见稿.pdf
,1.企业安全生产标准化自评报告,其他/通用,.doc,新标准\新增\1.企业安全生产标准化自评报告.doc
,1.企业安全生产标准化自评报告,其他/通用,.docx,新标准\新增\1.企业安全生产标准化自评报告.docx
,1.机器人安全性,其他/通用,.pdf,机器人\1.机器人安全性.pdf
,10,其他/通用,.jpg,标准\涂装作业\10.jpg
,10,其他/通用,.jpg,法律标准\标准\中频炉\中频炉说明书\10.jpg
,10,其他/通用,.png,锂电池资料\锂电池检查\电池危害及检查表\10.png
,10-22031Q10R52A,其他/通用,.jpg,111111\10-22031Q10R52A.jpg
,1000Nm,其他/通用,.docx,标准\燃气资料\1000Nm.docx
,10S605 游泳池设计及附件安装,其他/通用,.pdf,法律标准\标准\体育\10S605 游泳池设计及附件安装.pdf
,10生产经营单位师傅带徒弟实习教育安全培训考核记录,其他/通用,.docx,新文件包\一人一档模板\4岗位工人安全教育培训档案\10生产经营单位师傅带徒弟实习教育安全培训考核记录.docx
,11,其他/通用,.jpg,标准\涂装作业\11.jpg
,11,其他/通用,.jpg,法律标准\标准\中频炉\中频炉说明书\11.jpg
,11,其他/通用,.png,锂电池资料\锂电池检查\电池危害及检查表\11.png
,110千伏输变电工程XX水电站至XX110kV变电站35kV线路工程初步设计,其他/通用,.pdf,新标准\电力线路\110千伏输变电工程XX水电站至XX110kV变电站35kV线路工程初步设计.pdf
,111种化学毒物毒性分级THI,其他/通用,.pdf,法律标准\法律法规\其他参考\111种化学毒物毒性分级THI.pdf
,12,其他/通用,.jpg,标准\涂装作业\12.jpg
,12,其他/通用,.jpg,法律标准\标准\中频炉\中频炉说明书\12.jpg
,123,其他/通用,.gif,标准\燃气资料\123.gif
,13,其他/通用,.jpg,法律标准\标准\中频炉\中频炉说明书\13.jpg
,13J933-2 体育场地与设施(二),其他/通用,.pdf,法律标准\标准\体育\13J933-2 体育场地与设施(二).pdf
,14,其他/通用,.jpg,法律标准\标准\中频炉\中频炉说明书\14.jpg
,15,其他/通用,.jpg,法律标准\标准\中频炉\中频炉说明书\15.jpg
,15D502 等电位联结安装,其他/通用,.xdf,法律标准\标准\安全管理\设计\15D502 等电位联结安装.xdf
,16,其他/通用,.jpg,法律标准\标准\中频炉\中频炉说明书\16.jpg
,17,其他/通用,.jpg,法律标准\标准\中频炉\中频炉说明书\17.jpg
,17D201-1 35／0.4KV附设式油浸变压器室布置,其他/通用,.pdf,新标准\17D201-1 35／0.4KV附设式油浸变压器室布置.pdf
,18,其他/通用,.jpg,法律标准\标准\中频炉\中频炉说明书\18.jpg
,183918g5mxd6iwjxrdd7jj,其他/通用,.tn6,新标准\标准\183918g5mxd6iwjxrdd7jj.tn6
,19,其他/通用,.jpg,法律标准\标准\中频炉\中频炉说明书\19.jpg
,19bded87-7a6d-4f7f-adc5-5360866ab6cf8,其他/通用,.gif,新标准\电力线路\19bded87-7a6d-4f7f-adc5-5360866ab6cf8.gif
,1、建设部关于发布建设事业“十一五”推广应用和限制禁止使用技术(第一批)的第659号公告——推广应用技术部,其他/通用,.xls,法律标准\法律法规\淘汰设备目录\1、建设部关于发布建设事业“十一五”推广应用和限制禁止使用技术(第一批)的第659号公告——推广应用技术部.xls
,1从业人员登记表,其他/通用,.docx,新文件包\一人一档模板\1主要负责人安全教育培训档案\1从业人员登记表.docx
,1从业人员登记表,其他/通用,.docx,新文件包\一人一档模板\2安全管理人员安全教育培训档案\1从业人员登记表.docx
,1从业人员登记表,其他/通用,.docx,新文件包\一人一档模板\3特种作业人员\1从业人员登记表.docx
,1从业人员登记表,其他/通用,.docx,新文件包\一人一档模板\4岗位工人安全教育培训档案\1从业人员登记表.docx
,1：企业安全生产标准化创建工作指南,其他/通用,.doc,法律标准\法律法规\标准化\1：企业安全生产标准化创建工作指南.doc
,1：企业安全生产标准化创建工作指南,其他/通用,.docx,法律标准\法律法规\标准化\1：企业安全生产标准化创建工作指南.docx
,2,其他/通用,.jpg,标准\涂装作业\2.jpg
,2,其他/通用,.jpg,法律标准\标准\中频炉\中频炉说明书\2.jpg
,2,其他/通用,.png,锂电池资料\锂电池检查\电池危害及检查表\2.png
,2.企业安全生产标准化评审报告,其他/通用,.doc,新标准\新增\2.企业安全生产标准化评审报告.doc
,2.企业安全生产标准化评审报告,其他/通用,.docx,新标准\新增\2.企业安全生产标准化评审报告.docx
,20,其他/通用,.jpg,法律标准\标准\中频炉\中频炉说明书\20.jpg
,20.Q／GDW-166.6-2010-《国家电网公司输变电工程初步设计内容深度规定-第6部分：220kV架空输电线路》,其他/通用,.pdf,新标准\电力线路\20.Q／GDW-166.6-2010-《国家电网公司输变电工程初步设计内容深度规定-第6部分：220kV架空输电线路》.pdf
,2003工业管道的基本识别色、识别符号和安全标识,其他/通用,.pdf,法律标准\标准\安全管理\设计\2003工业管道的基本识别色、识别符号和安全标识.pdf
,2008可移式电动工具的安全+第二部分：台式砂轮机的专用要求,其他/通用,.pdf,法律标准\标准\参考资料\2008可移式电动工具的安全+第二部分：台式砂轮机的专用要求.pdf
,2008带电作业用屏蔽服装,其他/通用,.pdf,法律标准\标准\参考资料\2008带电作业用屏蔽服装.pdf
,2009中华人民共和国产品质量法,其他/通用,.doc,法律标准\法律法规\2009中华人民共和国产品质量法.doc
,2009中华人民共和国产品质量法,其他/通用,.docx,法律标准\法律法规\2009中华人民共和国产品质量法.docx
,2009国家安全监管总局关于生产经营单位安全生产管理人员中注册安全工程师安全培训考核有关问题的通知,其他/通用,.doc,法律标准\法律法规\2009国家安全监管总局关于生产经营单位安全生产管理人员中注册安全工程师安全培训考核有关问题的通知.doc
,2009国家安全监管总局关于生产经营单位安全生产管理人员中注册安全工程师安全培训考核有关问题的通知,其他/通用,.docx,法律标准\法律法规\2009国家安全监管总局关于生产经营单位安全生产管理人员中注册安全工程师安全培训考核有关问题的通知.docx
,2011中华人民共和国刑法,其他/通用,.doc,法律标准\法律法规\2011中华人民共和国刑法.doc
,2011中华人民共和国刑法,其他/通用,.docx,法律标准\法律法规\2011中华人民共和国刑法.docx
,2012中华人民共和国劳动合同法,其他/通用,.doc,法律标准\法律法规\2012中华人民共和国劳动合同法.doc
,2012中华人民共和国劳动合同法,其他/通用,.docx,法律标准\法律法规\2012中华人民共和国劳动合同法.docx
,2012中华人民共和国清洁生产促进法,其他/通用,.doc,法律标准\法律法规\环境保护法律法规\2012中华人民共和国清洁生产促进法.doc
,2012中华人民共和国清洁生产促进法,其他/通用,.docx,法律标准\法律法规\环境保护法律法规\2012中华人民共和国清洁生产促进法.docx
,2013中华人民共和国固体废物污染环境防治法,其他/通用,.doc,法律标准\法律法规\环境保护法律法规\2013中华人民共和国固体废物污染环境防治法.doc
,2013中华人民共和国固体废物污染环境防治法,其他/通用,.docx,法律标准\法律法规\环境保护法律法规\2013中华人民共和国固体废物污染环境防治法.docx
,2015中华人民共和国环境保护法,其他/通用,.docx,法律标准\法律法规\环境保护法律法规\2015中华人民共和国环境保护法.docx
,2015中华人民共和国计量法,其他/通用,.doc,法律标准\法律法规\2015中华人民共和国计量法.doc
,2015中华人民共和国计量法,其他/通用,.docx,法律标准\法律法规\2015中华人民共和国计量法.docx
,2015中华人民共和国食品安全法,其他/通用,.docx,法律标准\法律法规\2015中华人民共和国食品安全法.docx
,2016.10.28-放散管的设置要求及各管理,其他/通用,.docx,法律标准\标准\汇流排\2016.10.28-放散管的设置要求及各管理.docx
,2016版河北省大气污染防治条例,其他/通用,.doc,法律标准\法律法规\环境保护法律法规\2016版河北省大气污染防治条例.doc
,2016版河北省大气污染防治条例,其他/通用,.docx,法律标准\法律法规\环境保护法律法规\2016版河北省大气污染防治条例.docx
,2017051901河北省安监局关于进一步加强和规范全省重大危险源监管工作的通知,其他/通用,.pdf,法律标准\法律法规\2017051901河北省安监局关于进一步加强和规范全省重大危险源监管工作的通知.pdf
,2017最新河北省安全生产条例,其他/通用,.docx,新文件包\2017最新河北省安全生产条例.docx
,20180402,其他/通用,.ppt,法律标准\法律法规\天津法规\20180402.ppt
,20180422200612345,其他/通用,.zip,法律标准\标准\污水\20180422200612345.zip
,2019.10.25承大水泥厂现场问题（陈）,其他/通用,.docx,法律标准\标准\中频炉\中频炉说明书\2019.10.25承大水泥厂现场问题（陈）.docx
,2019.10.25承大水泥现场问题（谢）,其他/通用,.docx,法律标准\标准\中频炉\中频炉说明书\2019.10.25承大水泥现场问题（谢）.docx
,2019.12.8承大水泥现场问题（谢）,其他/通用,.docx,法律标准\标准\中频炉\中频炉说明书\2019.12.8承大水泥现场问题（谢）.docx
,2020安全生产法律法规汇编-最新版,其他/通用,.docx,新文件包\2020安全生产法律法规汇编-最新版.docx
,2020安全生产法律法规汇编-最新版,其他/通用,.pdf,新文件包\2020安全生产法律法规汇编-最新版.pdf
,2020安全生产法律法规汇编-最新版,其他/通用,.rtf,新文件包\2020安全生产法律法规汇编-最新版.rtf
,2020年安全工作汇报-苏垦,其他/通用,.pptx,课件\2020年安全工作汇报-苏垦.pptx
,2020年安全生产法律法规清单汇总,其他/通用,.xlsx,新文件包\2020年安全生产法律法规清单汇总.xlsx
,2020年第48号,其他/通用,.docx,新文件包\2020年第48号.docx
,20210125 安全生产法律法规汇编，2021版,其他/通用,.docx,新文件包\20210125 安全生产法律法规汇编，2021版.docx
,20221025FD15169CF88CE33A,其他/通用,.pdf,电池\20221025FD15169CF88CE33A.pdf
,20230404-1.第一本：安全生产法律法规全书（2023版）,其他/通用,.docx,新法规\20230404-1.第一本：安全生产法律法规全书（2023版）.docx
,2023年企业安全生产费用提取和使用管理办法,其他/通用,.pdf,新法规\2023年企业安全生产费用提取和使用管理办法.pdf
,2023最新重大隐患判定标准,其他/通用,.docx,新建文件夹 (2)\玻璃\2023最新重大隐患判定标准.docx
,2023最新重大隐患判定标准 (已自动恢复),其他/通用,.docx,111111\2023最新重大隐患判定标准 (已自动恢复).docx
,2024.8.26检查依据表,其他/通用,.docx,111111\2024.8.26检查依据表.docx
,21,其他/通用,.jpg,法律标准\标准\中频炉\中频炉说明书\21.jpg
,22,其他/通用,.jpg,法律标准\标准\中频炉\中频炉说明书\22.jpg
,223356ehahd4dfojpk3zab,其他/通用,.tn6,新标准\标准\223356ehahd4dfojpk3zab.tn6
,23,其他/通用,.jpg,法律标准\标准\中频炉\中频炉说明书\23.jpg
,23-总局令第30号-.特种作业人员安全技术培训考核管理规定(80号令修正-全文公布),其他/通用,.pdf,法律标准\标准\新建文件夹\23-总局令第30号-.特种作业人员安全技术培训考核管理规定(80号令修正-全文公布).pdf
,24,其他/通用,.jpg,法律标准\标准\中频炉\中频炉说明书\24.jpg
,243,其他/通用,.pdf,垃圾发电补充2\243.pdf
,243,其他/通用,.pdf,垃圾焚烧\垃圾发电补充1\243.pdf
,25,其他/通用,.jpg,法律标准\标准\中频炉\中频炉说明书\25.jpg
,26,其他/通用,.jpg,法律标准\标准\中频炉\中频炉说明书\26.jpg
,27,其他/通用,.jpg,法律标准\标准\中频炉\中频炉说明书\27.jpg
,28,其他/通用,.jpg,法律标准\标准\中频炉\中频炉说明书\28.jpg
,2891d57ec7a54ac95399d865d61a94bf_640_wx_fmt=png&wxfrom=5&wx_lazy=1&wx_co=1,其他/通用,.png,新标准\中频炉\2891d57ec7a54ac95399d865d61a94bf_640_wx_fmt=png&wxfrom=5&wx_lazy=1&wx_co=1.png
,29,其他/通用,.jpg,法律标准\标准\中频炉\中频炉说明书\29.jpg
,2任职或定岗文件,其他/通用,.doc,新文件包\一人一档模板\3特种作业人员\2任职或定岗文件.doc
,2任职或定岗文件,其他/通用,.docx,新文件包\一人一档模板\3特种作业人员\2任职或定岗文件.docx
,2任职文件,其他/通用,.doc,新文件包\一人一档模板\1主要负责人安全教育培训档案\2任职文件.doc
,2任职文件,其他/通用,.docx,新文件包\一人一档模板\1主要负责人安全教育培训档案\2任职文件.docx
,2任职文件,其他/通用,.doc,新文件包\一人一档模板\2安全管理人员安全教育培训档案\2任职文件.doc
,2任职文件,其他/通用,.docx,新文件包\一人一档模板\2安全管理人员安全教育培训档案\2任职文件.docx
,2工业和信息化部 科技部 生态环境部 商务部,其他/通用,.docx,锂电池资料\电池\2工业和信息化部 科技部 生态环境部 商务部.docx
,2身份证复印件、学历证书复印件,其他/通用,.docx,新文件包\一人一档模板\4岗位工人安全教育培训档案\2身份证复印件、学历证书复印件.docx
,2：企业安全生产标准化运行工作指南[1],其他/通用,.doc,法律标准\法律法规\标准化\2：企业安全生产标准化运行工作指南[1].doc
,2：企业安全生产标准化运行工作指南[1],其他/通用,.docx,法律标准\法律法规\标准化\2：企业安全生产标准化运行工作指南[1].docx
,3,其他/通用,.jpg,标准\涂装作业\3.jpg
,3,其他/通用,.jpg,法律标准\标准\中频炉\中频炉说明书\3.jpg
,3,其他/通用,.png,锂电池资料\锂电池检查\电池危害及检查表\3.png
,30,其他/通用,.jpg,法律标准\标准\中频炉\中频炉说明书\30.jpg
,308addf185104fbf24c5bbc47ad8cc3,其他/通用,.jpg,法律标准\标准\中频炉\308addf185104fbf24c5bbc47ad8cc3.jpg
,31,其他/通用,.jpg,法律标准\标准\中频炉\中频炉说明书\31.jpg
,32,其他/通用,.jpg,法律标准\标准\中频炉\中频炉说明书\32.jpg
,33,其他/通用,.jpg,法律标准\标准\中频炉\中频炉说明书\33.jpg
,34,其他/通用,.jpg,法律标准\标准\中频炉\中频炉说明书\34.jpg
,35,其他/通用,.jpg,法律标准\标准\中频炉\中频炉说明书\35.jpg
,3541787_3b73dfe7_洛阳铲选股-通达信,其他/通用,.tne,新标准\标准\3541787_3b73dfe7_洛阳铲选股-通达信.tne
,3541787_bc7d4da6_洛阳铲副图-通达信,其他/通用,.tne,新标准\标准\3541787_bc7d4da6_洛阳铲副图-通达信.tne
,35KV以下电缆敷设,其他/通用,.xdf,法律标准\标准\线路\35KV以下电缆敷设.xdf
,35_750kV输变电工程通用设计、通用设备应用目录2022,其他/通用,.pdf,新标准\电力线路\35_750kV输变电工程通用设计、通用设备应用目录2022.pdf
,36,其他/通用,.jpg,法律标准\标准\中频炉\中频炉说明书\36.jpg
,37,其他/通用,.jpg,法律标准\标准\中频炉\中频炉说明书\37.jpg
,374附件：强制检定的工作计量器具明细目录(最全),其他/通用,.docx,法律标准\标准\污水\374附件：强制检定的工作计量器具明细目录(最全).docx
,38,其他/通用,.jpg,法律标准\标准\中频炉\中频炉说明书\38.jpg
,39,其他/通用,.jpg,法律标准\标准\中频炉\中频炉说明书\39.jpg
,3生产经营单位新入职从业人员安全教育培训考核记录,其他/通用,.docx,新文件包\一人一档模板\4岗位工人安全教育培训档案\3生产经营单位新入职从业人员安全教育培训考核记录.docx
,3试卷,其他/通用,.docx,新文件包\一人一档模板\4岗位工人安全教育培训档案\3试卷.docx
,3身份证复印件、学历证书复印件,其他/通用,.docx,新文件包\一人一档模板\1主要负责人安全教育培训档案\3身份证复印件、学历证书复印件.docx
,3身份证复印件、学历证书复印件,其他/通用,.docx,新文件包\一人一档模板\2安全管理人员安全教育培训档案\3身份证复印件、学历证书复印件.docx
,3身份证复印件、学历证书复印件,其他/通用,.docx,新文件包\一人一档模板\3特种作业人员\3身份证复印件、学历证书复印件.docx
,4,其他/通用,.jpg,标准\涂装作业\4.jpg
,4,其他/通用,.jpg,法律标准\标准\中频炉\中频炉说明书\4.jpg
,4,其他/通用,.png,锂电池资料\锂电池检查\电池危害及检查表\4.png
,40,其他/通用,.jpg,法律标准\标准\中频炉\中频炉说明书\40.jpg
,41,其他/通用,.jpg,法律标准\标准\中频炉\中频炉说明书\41.jpg
,42,其他/通用,.jpg,法律标准\标准\中频炉\中频炉说明书\42.jpg
,425_国家电网公司“两型三新”线路设计建设导则(国家电网基建[2008]286号)(1),其他/通用,.pdf,新标准\电力线路\425_国家电网公司“两型三新”线路设计建设导则(国家电网基建[2008]286号)(1).pdf
,43,其他/通用,.jpg,法律标准\标准\中频炉\中频炉说明书\43.jpg
,44,其他/通用,.jpg,法律标准\标准\中频炉\中频炉说明书\44.jpg
,4三级教育培训考核记录,其他/通用,.docx,新文件包\一人一档模板\4岗位工人安全教育培训档案\4三级教育培训考核记录.docx
,4安全培训考核合格证书复印件,其他/通用,.docx,新文件包\一人一档模板\1主要负责人安全教育培训档案\4安全培训考核合格证书复印件.docx
,4安全培训考核合格证书复印件,其他/通用,.docx,新文件包\一人一档模板\2安全管理人员安全教育培训档案\4安全培训考核合格证书复印件.docx
,4特种作业人员证复印件,其他/通用,.docx,新文件包\一人一档模板\3特种作业人员\4特种作业人员证复印件.docx
,4试卷,其他/通用,.docx,新文件包\一人一档模板\4岗位工人安全教育培训档案\4试卷.docx
,5,其他/通用,.jpg,标准\涂装作业\5.jpg
,5,其他/通用,.jpg,法律标准\标准\中频炉\中频炉说明书\5.jpg
,5,其他/通用,.png,锂电池资料\锂电池检查\电池危害及检查表\5.png
,50030氧气站规范,其他/通用,.doc,法律标准\标准\安全管理\设计\50030氧气站规范.doc
,50030氧气站规范,其他/通用,.docx,法律标准\标准\安全管理\设计\50030氧气站规范.docx
,5272-工业企业天然气安全管理规范,其他/通用,.pdf,新建文件夹\5272-工业企业天然气安全管理规范.pdf
,5545-选矿厂安全生产基本条件,其他/通用,.pdf,111111\5545-选矿厂安全生产基本条件.pdf
,5复审考核合格的证明材料或培训信息登记表,其他/通用,.docx,新文件包\一人一档模板\1主要负责人安全教育培训档案\5复审考核合格的证明材料或培训信息登记表.docx
,5复审考核合格的证明材料或培训信息登记表,其他/通用,.docx,新文件包\一人一档模板\2安全管理人员安全教育培训档案\5复审考核合格的证明材料或培训信息登记表.docx
,5复审考核合格的证明材料或培训信息登记表,其他/通用,.docx,新文件包\一人一档模板\3特种作业人员\5复审考核合格的证明材料或培训信息登记表.docx
,5月13日某某企业现场勘查问题,其他/通用,.docx,111111\5月13日某某企业现场勘查问题.docx
,5生产经营单位从业人员年度安全再培训考核记录,其他/通用,.docx,新文件包\一人一档模板\4岗位工人安全教育培训档案\5生产经营单位从业人员年度安全再培训考核记录.docx
,5立方液氧储罐 - 副本,其他/通用,.docx,标准\气流排\5立方液氧储罐 - 副本.docx
,5试卷,其他/通用,.docx,新文件包\一人一档模板\4岗位工人安全教育培训档案\5试卷.docx
,6,其他/通用,.jpg,标准\涂装作业\6.jpg
,6,其他/通用,.jpg,法律标准\标准\中频炉\中频炉说明书\6.jpg
,6,其他/通用,.docx,法律标准\标准\木材加工\6.docx
,6,其他/通用,.png,锂电池资料\锂电池检查\电池危害及检查表\6.png
,6374622804357236101430495,其他/通用,.pdf,法律标准\标准\汇流排\6374622804357236101430495.pdf
,6生产经营单位从业人员专项安全培训考核记录,其他/通用,.docx,新文件包\一人一档模板\4岗位工人安全教育培训档案\6生产经营单位从业人员专项安全培训考核记录.docx
,6试卷,其他/通用,.docx,新文件包\一人一档模板\4岗位工人安全教育培训档案\6试卷.docx
,7,其他/通用,.jpg,标准\涂装作业\7.jpg
,7,其他/通用,.jpg,法律标准\标准\中频炉\中频炉说明书\7.jpg
,7,其他/通用,.png,锂电池资料\锂电池检查\电池危害及检查表\7.png
,7安全奖惩记录,其他/通用,.docx,新文件包\一人一档模板\1主要负责人安全教育培训档案\7安全奖惩记录.docx
,7安全奖惩记录,其他/通用,.docx,新文件包\一人一档模板\3特种作业人员\7安全奖惩记录.docx
,7本单位组织实施的安全培训及考核记录,其他/通用,.docx,新文件包\一人一档模板\2安全管理人员安全教育培训档案\7本单位组织实施的安全培训及考核记录.docx
,7生产经营单位从业人员“四新”安全培训考核记录,其他/通用,.docx,新文件包\一人一档模板\4岗位工人安全教育培训档案\7生产经营单位从业人员“四新”安全培训考核记录.docx
,8,其他/通用,.jpg,标准\涂装作业\8.jpg
,8,其他/通用,.jpg,法律标准\标准\中频炉\中频炉说明书\8.jpg
,8,其他/通用,.png,锂电池资料\锂电池检查\电池危害及检查表\8.png
,8安全奖惩记录,其他/通用,.docx,新文件包\一人一档模板\2安全管理人员安全教育培训档案\8安全奖惩记录.docx
,8安全奖惩记录,其他/通用,.docx,新文件包\一人一档模板\4岗位工人安全教育培训档案\8安全奖惩记录.docx
,9,其他/通用,.jpg,标准\涂装作业\9.jpg
,9,其他/通用,.jpg,法律标准\标准\中频炉\中频炉说明书\9.jpg
,9,其他/通用,.png,锂电池资料\锂电池检查\电池危害及检查表\9.png
,91b1235e00dd62047d00ed2678cbce92_640_wx_fmt=png&wxfrom=5&wx_lazy=1&wx_co=1,其他/通用,.png,新标准\中频炉\91b1235e00dd62047d00ed2678cbce92_640_wx_fmt=png&wxfrom=5&wx_lazy=1&wx_co=1.png
,9cf4412c530c39d72487adb21e28c869_640_wx_fmt=png&wxfrom=5&wx_lazy=1&wx_co=1,其他/通用,.png,新标准\中频炉\9cf4412c530c39d72487adb21e28c869_640_wx_fmt=png&wxfrom=5&wx_lazy=1&wx_co=1.png
,9特种作业人员培训信息登记及证件真伪核查表,其他/通用,.docx,新文件包\一人一档模板\3特种作业人员\9特种作业人员培训信息登记及证件真伪核查表.docx
,9生产经营单位从业人员调岗和重新上岗安全培训考核记录,其他/通用,.docx,新文件包\一人一档模板\4岗位工人安全教育培训档案\9生产经营单位从业人员调岗和重新上岗安全培训考核记录.docx
,A87,其他/通用,.xls,新标准\物流标准\A87.xls
,C3-01 在用法律法规和其他要求目录2016,其他/通用,.xls,法律标准\法律法规\法律法规-任丘\C3-01 在用法律法规和其他要求目录2016.xls
,CECS - 城镇污水处理厂污泥厌氧消化技术规程,其他/通用,.xdf,法律标准\标准\污水\CECS - 城镇污水处理厂污泥厌氧消化技术规程.xdf
,CECS 219,其他/通用,.rar,111111\CECS 219.rar
,CECS 219,其他/通用,.pdf,111111\CECS 219\CECS 219.pdf
,CECS 265-2009 曝气生物滤池工程技术规程,其他/通用,.xdf,法律标准\标准\污水\CECS 265-2009 曝气生物滤池工程技术规程.xdf
,CECS 413-2015 升降式物料平台安全技术规程,其他/通用,.pdf,法律标准\标准\升降机\CECS 413-2015 升降式物料平台安全技术规程.pdf
,CJ T 390-2012 板式垃圾输送机,其他/通用,.xdf,法律标准\标准\垃圾\CJ T 390-2012 板式垃圾输送机.xdf
,CJ T 465-2015 垃圾源臭气实时在线检测设备,其他/通用,.xdf,法律标准\标准\垃圾\CJ T 465-2015 垃圾源臭气实时在线检测设备.xdf
,CJJ T 212-2015 生活垃圾焚烧厂运行监管标准,其他/通用,.xdf,法律标准\标准\垃圾\CJJ T 212-2015 生活垃圾焚烧厂运行监管标准.xdf
,CNG使用说明手册,其他/通用,.docx,标准\燃气资料\CNG使用说明手册.docx
,CNG减压撬,其他/通用,.ppt,标准\燃气资料\CNG减压撬.ppt
,CNG减压撬技术文件,其他/通用,.docx,标准\燃气资料\CNG减压撬技术文件.docx
,CNG减压站供气技术方案,其他/通用,.doc,标准\燃气资料\CNG减压站供气技术方案.doc
,CNG减压站供气技术方案,其他/通用,.docx,标准\燃气资料\CNG减压站供气技术方案.docx
,CNG减压站工艺流程图,其他/通用,.pdf,新标准\新增\CNG减压站工艺流程图.pdf
,CNG减压装置技术说明,其他/通用,.ppt,标准\燃气资料\CNG减压装置技术说明.ppt
,D101-1～7 (新)电缆敷设（2002年合订本）,其他/通用,.xdf,法律标准\标准\线路\D101-1～7 (新)电缆敷设（2002年合订本）.xdf
,DG_T 192-2023 粮食输送机,其他/通用,.pdf,粮食加工\DG_T 192-2023 粮食输送机.pdf
,DG∕T 046-2019 饲料加工成套设备,其他/通用,.pdf,111111\饲料加工\饲料加工\DG∕T 046-2019 饲料加工成套设备.pdf
,DG∕T 046-2019 饲料加工成套设备,其他/通用,.pdf,饲料加工\DG∕T 046-2019 饲料加工成套设备.pdf
,DL T 1253—2013电力电缆线路运行规程,其他/通用,.xdf,法律标准\标准\线路\DL T 1253—2013电力电缆线路运行规程.xdf
,DL T 1476-2015电力安全工器具预防性试验规程,其他/通用,.xdf,法律标准\标准\设备设施\电工用具\DL T 1476-2015电力安全工器具预防性试验规程.xdf
,DL T 5221-2016 城市电力电缆线路设计技术规定(附条文说明),其他/通用,.xdf,法律标准\标准\线路\DL T 5221-2016 城市电力电缆线路设计技术规定(附条文说明).xdf
,DL T 5344-2018 电力光纤通信工程验收规范,其他/通用,.xdf,法律标准\标准\线路\DL T 5344-2018 电力光纤通信工程验收规范.xdf
,DLFJ 99-1991 火力发电厂主厂房钢-混凝土组合结构设计暂行规定,其他/通用,.rar,垃圾发电补充2\DLFJ 99-1991 火力发电厂主厂房钢-混凝土组合结构设计暂行规定.rar
,DLGJ 102-1991 火力发电厂环境保护设计规定,其他/通用,.rar,垃圾发电补充2\DLGJ 102-1991 火力发电厂环境保护设计规定.rar
,Doc1,其他/通用,.doc,新标准\制冷\Doc1.doc
,Doc1,其他/通用,.docx,新标准\制冷\Doc1.docx
,Doc2,其他/通用,.doc,新标准\制冷\Doc2.doc
,Doc2,其他/通用,.docx,新标准\制冷\Doc2.docx
,E03100-00207--双伸单货位堆垛机设计图纸(1001-1005)V0.0,其他/通用,.pdf,安全标准\堆垛机\1.图纸\E03100-00207--双伸单货位堆垛机设计图纸(1001-1005)V0.0.pdf
,E03100-00208--双伸单货位堆垛机设计图纸(1006-1013)V0.0,其他/通用,.pdf,安全标准\堆垛机\1.图纸\E03100-00208--双伸单货位堆垛机设计图纸(1006-1013)V0.0.pdf
,GB  T 35251-2017垃圾裂化焚烧装置,其他/通用,.xdf,法律标准\标准\垃圾\GB  T 35251-2017垃圾裂化焚烧装置.xdf
,GB T 23544-2009 白酒企业良好生产规范 标准,其他/通用,.xdf,法律标准\标准\白酒\GB T 23544-2009 白酒企业良好生产规范 标准.xdf
,GB T 34528-2017 气瓶集束装置充装规定,其他/通用,.xdf,法律标准\标准\GB T 34528-2017 气瓶集束装置充装规定.xdf
,GB T 38244-2019 机器人安全总则,其他/通用,.xdf,法律标准\标准\法规标准补充\GB T 38244-2019 机器人安全总则.xdf
,GB T 3836.21-2017 爆炸性环境 第21部分：设备生产质量体系的应用,其他/通用,.xdf,法律标准\标准\爆炸\GB T 3836.21-2017 爆炸性环境 第21部分：设备生产质量体系的应用.xdf
,GB T 3836.22-2017 爆炸性环境　第22部分：光辐射设备和传输系统的保护措施(CN),其他/通用,.xdf,法律标准\标准\爆炸\GB T 3836.22-2017 爆炸性环境　第22部分：光辐射设备和传输系统的保护措施(CN).xdf
,GB T 3836.23-2017 爆炸性环境 第23部分 用于瓦斯和-或煤尘环境的I类EPL Ma级设备,其他/通用,.xdf,法律标准\标准\爆炸\GB T 3836.23-2017 爆炸性环境 第23部分 用于瓦斯和-或煤尘环境的I类EPL Ma级设备.xdf
,GB T 3836.24-2017 爆炸性环境　第24部分：由特殊型“s”保护的设备,其他/通用,.xdf,法律标准\标准\爆炸\GB T 3836.24-2017 爆炸性环境　第24部分：由特殊型“s”保护的设备.xdf
,GB T 3836.5-2017 爆炸性环境 第5部分_ 由正压外壳“p”保护的设备,其他/通用,.xdf,法律标准\标准\爆炸\GB T 3836.5-2017 爆炸性环境 第5部分_ 由正压外壳“p”保护的设备.xdf
,GB T 3836.6-2017 爆炸性环境　第6部分：由液浸型“o”保护的设备,其他/通用,.xdf,法律标准\标准\爆炸\GB T 3836.6-2017 爆炸性环境　第6部分：由液浸型“o”保护的设备.xdf
,GB T 3836.7-2017 爆炸性环境　第7部分：由充砂型“q”保护的设备,其他/通用,.xdf,法律标准\标准\爆炸\GB T 3836.7-2017 爆炸性环境　第7部分：由充砂型“q”保护的设备.xdf
,GB+12142-2025便携式金属梯安全要求,其他/通用,.pdf,安全标准\GB+12142-2025便携式金属梯安全要求.pdf
,GB+12367-2025静电喷漆安全规范,其他/通用,.pdf,安全标准\GB+12367-2025静电喷漆安全规范.pdf
,GB+12801-2025生产过程安全基本要求,其他/通用,.pdf,安全标准\GB+12801-2025生产过程安全基本要求.pdf
,GB+12801-2025生产过程安全基本要求,其他/通用,.pdf,安全标准\2025\GB+12801-2025生产过程安全基本要求.pdf
,GB+14443-2025 涂层烘干室安全技术要求,其他/通用,.pdf,安全标准\新建文件夹 (4)\GB+14443-2025 涂层烘干室安全技术要求.pdf
,GB+14773-2025GB 14773-2025  手持式静电喷枪及其辅助装置安全技术要求,其他/通用,.pdf,安全标准\GB+14773-2025GB 14773-2025  手持式静电喷枪及其辅助装置安全技术要求.pdf
,GB+16663-2025醇基燃料,其他/通用,.pdf,安全标准\GB+16663-2025醇基燃料.pdf
,GB+17750-2025浸漆涂装安全规范,其他/通用,.pdf,安全标准\GB+17750-2025浸漆涂装安全规范.pdf
,GB+17750-2025浸漆涂装安全规范,其他/通用,.pdf,安全标准\2025\GB+17750-2025浸漆涂装安全规范.pdf
,GB+20101-2025 涂装有机废气净化装置安全技术要求,其他/通用,.pdf,安全标准\新建文件夹 (4)\GB+20101-2025 涂装有机废气净化装置安全技术要求.pdf
,GB+20101-2025涂装有机废气净化装置安全技术要求,其他/通用,.pdf,安全标准\GB+20101-2025涂装有机废气净化装置安全技术要求.pdf
,GB+26488-2025镁合金压铸安全生产规范,其他/通用,.pdf,安全标准\GB+26488-2025镁合金压铸安全生产规范.pdf
,GB+27791-2020城镇燃气调压箱,其他/通用,.pdf,安全标准\GB+27791-2020城镇燃气调压箱.pdf
,GB+29741-2025铝电解安全生产规范,其他/通用,.pdf,安全标准\GB+29741-2025铝电解安全生产规范.pdf
,GB+30079-2026铝及铝合金板、带、箔生产安全规范,其他/通用,.pdf,安全标准\GB+30079-2026铝及铝合金板、带、箔生产安全规范.pdf
,GB+30080-2025铜及铜合金熔铸安全设计与生产规范,其他/通用,.pdf,安全标准\GB+30080-2025铜及铜合金熔铸安全设计与生产规范.pdf
,GB+30458-2013卷板机 安全技术要求,其他/通用,.pdf,安全标准\新建文件夹 (4)\GB+30458-2013卷板机 安全技术要求.pdf
,GB+4053.1-2025固定式金属梯及平台安全要求 第1部分：直梯,其他/通用,.pdf,安全标准\GB+4053.1-2025固定式金属梯及平台安全要求 第1部分：直梯.pdf
,GB+4053.2-2025固定式金属梯及平台安全要求 第2部分：斜梯,其他/通用,.pdf,安全标准\GB+4053.2-2025固定式金属梯及平台安全要求 第2部分：斜梯.pdf
,GB+4053.3-2025固定式金属梯及平台安全要求 第3部分：工业防护栏杆及平台,其他/通用,.pdf,安全标准\GB+4053.3-2025固定式金属梯及平台安全要求 第3部分：工业防护栏杆及平台.pdf
,GB+46033-2025粮食仓库安全操作规程,其他/通用,.pdf,安全标准\GB+46033-2025粮食仓库安全操作规程.pdf
,GB+46759-2025电泳涂漆安全规范,其他/通用,.pdf,安全标准\GB+46759-2025电泳涂漆安全规范.pdf
,GB+46765-2025燃气输配设备安全基本技术要求,其他/通用,.pdf,安全标准\GB+46765-2025燃气输配设备安全基本技术要求.pdf
,GB+46765-2025燃气输配设备安全基本技术要求,其他/通用,.pdf,安全标准\2025\GB+46765-2025燃气输配设备安全基本技术要求.pdf
,GB+47372-2026移动电源安全技术规范,其他/通用,.pdf,安全标准\GB+47372-2026移动电源安全技术规范.pdf
,GB+7691-2025 涂装作业安全管理通则,其他/通用,.pdf,安全标准\新建文件夹 (4)\GB+7691-2025 涂装作业安全管理通则.pdf
,GB+7691-2025涂装作业安全管理通则,其他/通用,.pdf,安全标准\GB+7691-2025涂装作业安全管理通则.pdf
,GB+9448-2025 焊接与切割安全,其他/通用,.pdf,安全标准\GB+9448-2025 焊接与切割安全.pdf
,GBT+10891-2025制冷系统及热泵 环境适应性要求,其他/通用,.pdf,安全标准\GBT+10891-2025制冷系统及热泵 环境适应性要求.pdf
,GBT+20867.1-2024 机器人 安全要求应用规范 第1部分：工业机器人,其他/通用,.pdf,安全标准\2025\GBT+20867.1-2024 机器人 安全要求应用规范 第1部分：工业机器人.pdf
,GBT+25431.1-2025橡胶塑料挤出机和挤出生产线 第1部分：挤出机的安全要求,其他/通用,.pdf,安全标准\GBT+25431.1-2025橡胶塑料挤出机和挤出生产线 第1部分：挤出机的安全要求.pdf
,GBT+25431.2-2025橡胶塑料挤出机和挤出生产线 第2部分：模面切粒机的安全要求,其他/通用,.pdf,安全标准\GBT+25431.2-2025橡胶塑料挤出机和挤出生产线 第2部分：模面切粒机的安全要求.pdf
,GBT+25431.3-2025GB_T 25431.3-2025  橡胶塑料挤出机和挤出生产线 第3部分：牵引装置的安全要求,其他/通用,.pdf,安全标准\GBT+25431.3-2025GB_T 25431.3-2025  橡胶塑料挤出机和挤出生产线 第3部分：牵引装置的安全要求.pdf
,GBT+25432-2025平板硫化机安全要求,其他/通用,.pdf,安全标准\GBT+25432-2025平板硫化机安全要求.pdf
,GBT+28009-2025 冷库安全规程,其他/通用,.pdf,安全标准\GBT+28009-2025 冷库安全规程.pdf
,GBT+30134-2025冷库安全管理规范,其他/通用,.pdf,安全标准\GBT+30134-2025冷库安全管理规范.pdf
,GBT+30463-2025数控卷板机,其他/通用,.pdf,安全标准\新建文件夹 (4)\GBT+30463-2025数控卷板机.pdf
,GBT+33215-2025气瓶安全泄压装置,其他/通用,.pdf,安全标准\GBT+33215-2025气瓶安全泄压装置.pdf
,GBT+34932-2025分布式光伏发电系统远程监控技术规范,其他/通用,.pdf,安全标准\GBT+34932-2025分布式光伏发电系统远程监控技术规范.pdf
,GBT+35694-2025光伏发电站安全规程,其他/通用,.pdf,安全标准\GBT+35694-2025光伏发电站安全规程.pdf
,GBT+37752.6-2025工业炉及相关工艺设备 安全 第6部分：连续涂层焚烧炉及固化炉,其他/通用,.pdf,安全标准\GBT+37752.6-2025工业炉及相关工艺设备 安全 第6部分：连续涂层焚烧炉及固化炉.pdf
,GBT+38244-2019 机器人安全总则,其他/通用,.pdf,安全标准\GBT+38244-2019 机器人安全总则.pdf
,GBT+39060-2020自动化立体仓库设备制造,其他/通用,.pdf,安全标准\GBT+39060-2020自动化立体仓库设备制造.pdf
,GBT+39402-2020面向人机协作的工业机器人设计规范,其他/通用,.pdf,安全标准\GBT+39402-2020面向人机协作的工业机器人设计规范.pdf
,GBT+45476-2025塑料中空成型机安全要求,其他/通用,.pdf,安全标准\GBT+45476-2025塑料中空成型机安全要求.pdf
,GBT+46933.3-2025智能工厂安全一体化 第3部分：系统协同设计要求,其他/通用,.pdf,安全标准\GBT+46933.3-2025智能工厂安全一体化 第3部分：系统协同设计要求.pdf
,GBT+47284-2026工业设计 智能功能安全设计指南,其他/通用,.pdf,安全标准\GBT+47284-2026工业设计 智能功能安全设计指南.pdf
,HG (1),其他/通用,.pdf,新标准\HG (1).pdf
,HG 20559-1993 化工装置工艺系统工程设计规定 管道仪表流程图基本单元模式,其他/通用,.rar,补充标准\HG 20559-1993 化工装置工艺系统工程设计规定 管道仪表流程图基本单元模式.rar
,HG 20559-1993 化工装置工艺系统工程设计规定 管道仪表流程图基本单元模式,其他/通用,.pdf,补充标准\HG 20559-1993 化工装置工艺系统工程设计规定 管道仪表流程图基本单元模式\HG 20559-1993 化工装置工艺系统工程设计规定 管道仪表流程图基本单元模式.pdf
,HGT 20505-2014 过程测量与控制仪表的功能标志及图形符号,其他/通用,.pdf,新标准\HG∕T 20505-2014 过程测量与控制仪表的功能标志及图形符号\HGT 20505-2014 过程测量与控制仪表的功能标志及图形符号.pdf
,HGT 20507-2014 自动化仪表选型设计规范,其他/通用,.rar,补充标准\HGT 20507-2014 自动化仪表选型设计规范.rar
,HGT 20507-2014 自动化仪表选型设计规范,其他/通用,.pdf,补充标准\HGT 20507-2014 自动化仪表选型设计规范\HGT 20507-2014 自动化仪表选型设计规范.pdf
,HGT 20511-2014 信号报警及联锁系统设计规范,其他/通用,.rar,111111\HGT 20511-2014 信号报警及联锁系统设计规范.rar
,HGT 20511-2014 信号报警及联锁系统设计规范,其他/通用,.pdf,111111\HGT 20511-2014 信号报警及联锁系统设计规范\HGT 20511-2014 信号报警及联锁系统设计规范.pdf
,HGT 20570.1-1995 设备和管道系统设计压力和设计温度的确定,其他/通用,.pdf,法律标准\标准\爆破片\HGT 20570\HGT 20570.1-1995 设备和管道系统设计压力和设计温度的确定.pdf
,HGT 20570.11-1995 隔热、保温类型的选用,其他/通用,.pdf,法律标准\标准\爆破片\HGT 20570\HGT 20570.11-1995 隔热、保温类型的选用.pdf
,HGT 20570.12-1995 火炬系统设置,其他/通用,.pdf,法律标准\标准\爆破片\HGT 20570\HGT 20570.12-1995 火炬系统设置.pdf
,HGT 20570.13-1995 公用物料站的设置,其他/通用,.pdf,法律标准\标准\爆破片\HGT 20570\HGT 20570.13-1995 公用物料站的设置.pdf
,HGT 20570.15-1995 管路限流孔板的设置,其他/通用,.pdf,法律标准\标准\爆破片\HGT 20570\HGT 20570.15-1995 管路限流孔板的设置.pdf
,HGT 20570.16-1995 气封的设置,其他/通用,.pdf,法律标准\标准\爆破片\HGT 20570\HGT 20570.16-1995 气封的设置.pdf
,HGT 20570.17-1995 液封的设置,其他/通用,.pdf,法律标准\标准\爆破片\HGT 20570\HGT 20570.17-1995 液封的设置.pdf
,HGT 20570.18-1995 阀门的设置,其他/通用,.pdf,法律标准\标准\爆破片\HGT 20570\HGT 20570.18-1995 阀门的设置.pdf
,HGT 20570.19-1995 阻火器的设置,其他/通用,.pdf,法律标准\标准\爆破片\HGT 20570\HGT 20570.19-1995 阻火器的设置.pdf
,HGT 20570.2-1995 安全阀的设置和选用,其他/通用,.pdf,法律标准\标准\爆破片\HGT 20570\HGT 20570.2-1995 安全阀的设置和选用.pdf
,HGT 20570.20-1995 静态混合器的设置,其他/通用,.pdf,法律标准\标准\爆破片\HGT 20570\HGT 20570.20-1995 静态混合器的设置.pdf
,HGT 20570.21-1995 蒸汽疏水阀的设置,其他/通用,.pdf,法律标准\标准\爆破片\HGT 20570\HGT 20570.21-1995 蒸汽疏水阀的设置.pdf
,HGT 20570.22-1995 管道过滤器的设置,其他/通用,.pdf,法律标准\标准\爆破片\HGT 20570\HGT 20570.22-1995 管道过滤器的设置.pdf
,HGT 20570.23-1995 盲板的设置,其他/通用,.pdf,法律标准\标准\爆破片\HGT 20570\HGT 20570.23-1995 盲板的设置.pdf
,HGT 20570.24-1995 检流器的设置,其他/通用,.pdf,法律标准\标准\爆破片\HGT 20570\HGT 20570.24-1995 检流器的设置.pdf
,HGT 20570.3-1995 爆破片的设置和选用,其他/通用,.pdf,法律标准\标准\爆破片\HGT 20570\HGT 20570.3-1995 爆破片的设置和选用.pdf
,HGT 20570.4-1995 泵和压缩机压差分析,其他/通用,.pdf,法律标准\标准\爆破片\HGT 20570\HGT 20570.4-1995 泵和压缩机压差分析.pdf
,HGT 20570.5-1995 泵的系统特性计算和设备相对安装高度的确定,其他/通用,.pdf,法律标准\标准\爆破片\HGT 20570\HGT 20570.5-1995 泵的系统特性计算和设备相对安装高度的确定.pdf
,HGT 20570.6-1995 管径选择,其他/通用,.pdf,法律标准\标准\爆破片\HGT 20570\HGT 20570.6-1995 管径选择.pdf
,HGT 20570.7-1995 管道压力降计算,其他/通用,.pdf,法律标准\标准\爆破片\HGT 20570\HGT 20570.7-1995 管道压力降计算.pdf
,HGT 20570.8-1995 气--液分离器设计,其他/通用,.pdf,法律标准\标准\爆破片\HGT 20570\HGT 20570.8-1995 气--液分离器设计.pdf
,HGT 20570.9-1995 设备进、出管口压力损失计算,其他/通用,.pdf,法律标准\标准\爆破片\HGT 20570\HGT 20570.9-1995 设备进、出管口压力损失计算.pdf
,HGT 20641-1998 石灰窑砌筑技术条件,其他/通用,.rar,法律标准\标准\石灰\HGT 20641-1998 石灰窑砌筑技术条件.rar
,HGT 21608-2012 液体装卸臂工程技术要求,其他/通用,.pdf,111111\HGT 21608-2012 液体装卸臂工程技术要求.pdf
,HGT 21608-2012 液体装卸臂工程技术要求,其他/通用,.rar,111111\HGT 21608-2012 液体装卸臂工程技术要求.rar
,HGT 21608-2012 液体装卸臂工程技术要求,其他/通用,.pdf,111111\HGT 21608-2012 液体装卸臂工程技术要求\HGT 21608-2012 液体装卸臂工程技术要求.pdf
,HGT 2527-2011 工业氨基磺酸,其他/通用,.rar,标准\新建文件夹\HGT 2527-2011 工业氨基磺酸.rar
,HGT 2527-2011 工业氨基磺酸,其他/通用,.pdf,标准\新建文件夹\HGT 2527-2011 工业氨基磺酸\HGT 2527-2011 工业氨基磺酸.pdf
,HGT 3537-2010 水处理剂羟基亚乙基二膦酸(固体),其他/通用,.rar,标准\新建文件夹\HGT 3537-2010 水处理剂羟基亚乙基二膦酸(固体).rar
,HGT 3537-2010 水处理剂羟基亚乙基二膦酸(固体),其他/通用,.pdf,标准\新建文件夹\HGT 3537-2010 水处理剂羟基亚乙基二膦酸(固体)\HGT 3537-2010 水处理剂羟基亚乙基二膦酸(固体).pdf
,HGT 3661.2-2016 工业燃气 切割焊接用丙烷,其他/通用,.rar,新标准\HGT 3661.2-2016 工业燃气 切割焊接用丙烷.rar
,HGT 3661.2-2016 工业燃气 切割焊接用丙烷,其他/通用,.pdf,新标准\HGT 3661.2-2016 工业燃气 切割焊接用丙烷\HGT 3661.2-2016 工业燃气 切割焊接用丙烷.pdf
,HGT 4062-2008 波形挡边输送带,其他/通用,.pdf,输送带（机）\HGT 4062-2008 波形挡边输送带.pdf
,HG_T 20570-1995 工艺系统工程设计技术规范 1~24部分合集,其他/通用,.rar,安全标准\HG_T 20570-1995 工艺系统工程设计技术规范 1~24部分合集\HG_T 20570-1995 工艺系统工程设计技术规范 1~24部分合集.rar
,HG_T 20643-2012 化工设备基础设计规定,其他/通用,.xdf,法律标准\标准\重大危险源\HG_T 20643-2012 化工设备基础设计规定.xdf
,HG_T 3130-2014电子自动定量包装机,其他/通用,.pdf,111111\HG_T 3130-2014电子自动定量包装机.pdf
,HG_T 6113-2022,其他/通用,.pdf,新标准\环保设施安全标准\HG_T 6113-2022.pdf
,HG∕T 20505-2014 过程测量与控制仪表的功能标志及图形符号,其他/通用,.rar,新标准\HG∕T 20505-2014 过程测量与控制仪表的功能标志及图形符号.rar
,HG∕T 20637.2-2017 化工装置自控专业工程设计文件的编制规范 自控专业工程设计用图形符号和文字代号,其他/通用,.pdf,新标准\HG∕T 20637.2-2017 化工装置自控专业工程设计文件的编制规范 自控专业工程设计用图形符号和文字代号.pdf
,HG∕T 3657-2017 水处理剂异噻唑啉酮衍生物,其他/通用,.pdf,标准\新建文件夹\HG∕T 3657-2017 水处理剂异噻唑啉酮衍生物.pdf
,HG∕T 5055-2016 锂电池电极保护胶粘带,其他/通用,.rar,111111\HG∕T 5055-2016 锂电池电极保护胶粘带.rar
,HG∕T 5055-2016 锂电池电极保护胶粘带,其他/通用,.pdf,111111\HG∕T 5055-2016 锂电池电极保护胶粘带\HG∕T 5055-2016 锂电池电极保护胶粘带.pdf
,HG∕T 5060-2016 液化天然气(LNG)储罐用防腐涂料,其他/通用,.xdf,法律标准\标准\重大危险源\HG∕T 5060-2016 液化天然气(LNG)储罐用防腐涂料.xdf
,HG∕T 5815-2020 废电池化学放电技术规范,其他/通用,.pdf,锂电池资料\电池\HG∕T 5815-2020 废电池化学放电技术规范.pdf
,HG∕T 5815-2020 废电池化学放电技术规范,其他/通用,.docx,锂电池资料\电池其他\新建文件夹\HG∕T 5815-2020 废电池化学放电技术规范.docx
,HG∕T 5816-2020 废电池回收热解技术规范,其他/通用,.pdf,锂电池资料\电池\HG∕T 5816-2020 废电池回收热解技术规范.pdf
,HG∕T 5816-2020 废电池回收热解技术规范,其他/通用,.docx,锂电池资料\电池其他\新建文件夹\HG∕T 5816-2020 废电池回收热解技术规范.docx
,HJ T 283-2006 厢式压滤机和板框压滤机,其他/通用,.xdf,法律标准\标准\污水\HJ T 283-2006 厢式压滤机和板框压滤机.xdf
,HSE专业集团公司标准目录-现行有效,其他/通用,.doc,法律标准\标准\参考资料\HSE专业集团公司标准目录-现行有效.doc
,HSE专业集团公司标准目录-现行有效,其他/通用,.docx,法律标准\标准\参考资料\HSE专业集团公司标准目录-现行有效.docx
,HSE法律法规汇编,其他/通用,.doc,新文件包\HSE法律法规汇编.doc
,HSE法律法规汇编,其他/通用,.docx,新文件包\HSE法律法规汇编.docx
,HSE法律法规汇编（一）-最新版,其他/通用,.docx,新文件包\HSE法律法规汇编（一）-最新版.docx
,IMG_20200503_085438,其他/通用,.jpg,法律标准\标准\木材加工\兴兴木加工\IMG_20200503_085438.jpg
,IMG_20200503_085516,其他/通用,.jpg,法律标准\标准\木材加工\兴兴木加工\IMG_20200503_085516.jpg
,IMG_20200503_085800,其他/通用,.jpg,法律标准\标准\木材加工\兴兴木加工\IMG_20200503_085800.jpg
,IMG_20200503_085833,其他/通用,.jpg,法律标准\标准\木材加工\兴兴木加工\IMG_20200503_085833.jpg
,IMG_20200503_090019,其他/通用,.jpg,法律标准\标准\木材加工\兴兴木加工\IMG_20200503_090019.jpg
,IMG_20200503_090218,其他/通用,.jpg,法律标准\标准\木材加工\兴兴木加工\IMG_20200503_090218.jpg
,IMG_20200503_090444,其他/通用,.jpg,法律标准\标准\木材加工\兴兴木加工\IMG_20200503_090444.jpg
,IMG_20200503_090524,其他/通用,.jpg,法律标准\标准\木材加工\兴兴木加工\IMG_20200503_090524.jpg
,IMG_20200503_090621,其他/通用,.jpg,法律标准\标准\木材加工\兴兴木加工\IMG_20200503_090621.jpg
,IMG_20200503_090654,其他/通用,.jpg,法律标准\标准\木材加工\兴兴木加工\IMG_20200503_090654.jpg
,IMG_20200503_091121,其他/通用,.jpg,法律标准\标准\木材加工\兴兴木加工\IMG_20200503_091121.jpg
,IMG_20200503_091313,其他/通用,.jpg,法律标准\标准\木材加工\兴兴木加工\IMG_20200503_091313.jpg
,IMG_20200503_091400,其他/通用,.jpg,法律标准\标准\木材加工\兴兴木加工\IMG_20200503_091400.jpg
,IMG_20200503_091739,其他/通用,.jpg,法律标准\标准\木材加工\兴兴木加工\IMG_20200503_091739.jpg
,IMG_20200503_092027,其他/通用,.jpg,法律标准\标准\木材加工\兴兴木加工\IMG_20200503_092027.jpg
,IMG_20200503_092042,其他/通用,.jpg,法律标准\标准\木材加工\兴兴木加工\IMG_20200503_092042.jpg
,IMG_20200503_092144,其他/通用,.jpg,法律标准\标准\木材加工\兴兴木加工\IMG_20200503_092144.jpg
,IMG_20200503_092430,其他/通用,.jpg,法律标准\标准\木材加工\兴兴木加工\IMG_20200503_092430.jpg
,IMG_20200503_092518,其他/通用,.jpg,法律标准\标准\木材加工\兴兴木加工\IMG_20200503_092518.jpg
,IMG_20200503_092820,其他/通用,.jpg,法律标准\标准\木材加工\兴兴木加工\IMG_20200503_092820.jpg
,IMG_20200503_092824,其他/通用,.jpg,法律标准\标准\木材加工\兴兴木加工\IMG_20200503_092824.jpg
,IMG_20200503_093028,其他/通用,.jpg,法律标准\标准\木材加工\兴兴木加工\IMG_20200503_093028.jpg
,IMG_20200503_093217,其他/通用,.jpg,法律标准\标准\木材加工\兴兴木加工\IMG_20200503_093217.jpg
,IMG_20200503_093256,其他/通用,.jpg,法律标准\标准\木材加工\兴兴木加工\IMG_20200503_093256.jpg
,IMG_20200503_093504,其他/通用,.jpg,法律标准\标准\木材加工\兴兴木加工\IMG_20200503_093504.jpg
,IMG_20200503_093549,其他/通用,.jpg,法律标准\标准\木材加工\兴兴木加工\IMG_20200503_093549.jpg
,IMG_20200503_093932,其他/通用,.jpg,法律标准\标准\木材加工\兴兴木加工\IMG_20200503_093932.jpg
,IMG_20200503_094332,其他/通用,.jpg,法律标准\标准\木材加工\兴兴木加工\IMG_20200503_094332.jpg
,IMG_20200503_094431,其他/通用,.jpg,法律标准\标准\木材加工\兴兴木加工\IMG_20200503_094431.jpg
,IMG_20200503_094715,其他/通用,.jpg,法律标准\标准\木材加工\兴兴木加工\IMG_20200503_094715.jpg
,IMG_20200503_094844,其他/通用,.jpg,法律标准\标准\木材加工\兴兴木加工\IMG_20200503_094844.jpg
,IMG_20200503_094916,其他/通用,.jpg,法律标准\标准\木材加工\兴兴木加工\IMG_20200503_094916.jpg
,IMG_20200503_094953,其他/通用,.jpg,法律标准\标准\木材加工\兴兴木加工\IMG_20200503_094953.jpg
,IMG_20200503_095118,其他/通用,.jpg,法律标准\标准\木材加工\兴兴木加工\IMG_20200503_095118.jpg
,IMG_20200503_095130,其他/通用,.jpg,法律标准\标准\木材加工\兴兴木加工\IMG_20200503_095130.jpg
,IMG_20200503_095423,其他/通用,.jpg,法律标准\标准\木材加工\兴兴木加工\IMG_20200503_095423.jpg
,IMG_20200503_095825,其他/通用,.jpg,法律标准\标准\木材加工\兴兴木加工\IMG_20200503_095825.jpg
,IMG_20200503_100030,其他/通用,.jpg,法律标准\标准\木材加工\兴兴木加工\IMG_20200503_100030.jpg
,IMG_20200503_100241,其他/通用,.jpg,法律标准\标准\木材加工\兴兴木加工\IMG_20200503_100241.jpg
,IMG_20200503_100318,其他/通用,.jpg,法律标准\标准\木材加工\兴兴木加工\IMG_20200503_100318.jpg
,IMG_20200503_100341,其他/通用,.jpg,法律标准\标准\木材加工\兴兴木加工\IMG_20200503_100341.jpg
,IMG_20200503_100402,其他/通用,.jpg,法律标准\标准\木材加工\兴兴木加工\IMG_20200503_100402.jpg
,IMG_20200503_100404,其他/通用,.jpg,法律标准\标准\木材加工\兴兴木加工\IMG_20200503_100404.jpg
,IMG_20200503_100435,其他/通用,.jpg,法律标准\标准\木材加工\兴兴木加工\IMG_20200503_100435.jpg
,IMG_20200503_100456,其他/通用,.jpg,法律标准\标准\木材加工\兴兴木加工\IMG_20200503_100456.jpg
,IMG_20200503_100839,其他/通用,.jpg,法律标准\标准\木材加工\兴兴木加工\IMG_20200503_100839.jpg
,IMG_20200503_112344,其他/通用,.jpg,法律标准\标准\木材加工\兴兴木加工\IMG_20200503_112344.jpg
,IMG_20200503_112346,其他/通用,.jpg,法律标准\标准\木材加工\兴兴木加工\IMG_20200503_112346.jpg
,IMG_20200503_112349,其他/通用,.jpg,法律标准\标准\木材加工\兴兴木加工\IMG_20200503_112349.jpg
,IMG_20200503_112355,其他/通用,.jpg,法律标准\标准\木材加工\兴兴木加工\IMG_20200503_112355.jpg
,IMG_20200503_112411,其他/通用,.jpg,法律标准\标准\木材加工\兴兴木加工\IMG_20200503_112411.jpg
,IMG_20220717_155727,其他/通用,.jpg,新标准\新增\新建文件夹 (2)\IMG_20220717_155727.jpg
,IMG_20220717_160004,其他/通用,.jpg,新标准\新增\新建文件夹 (2)\IMG_20220717_160004.jpg
,IMG_20220717_160123,其他/通用,.jpg,新标准\新增\新建文件夹 (2)\IMG_20220717_160123.jpg
,IMG_20220717_160241,其他/通用,.jpg,新标准\新增\新建文件夹 (2)\IMG_20220717_160241.jpg
,IMG_20220717_160246,其他/通用,.jpg,新标准\新增\新建文件夹 (2)\IMG_20220717_160246.jpg
,IMG_20220717_160252,其他/通用,.jpg,新标准\新增\新建文件夹 (2)\IMG_20220717_160252.jpg
,IMG_20220717_160718,其他/通用,.jpg,新标准\新增\新建文件夹 (2)\IMG_20220717_160718.jpg
,IMG_20220717_160926,其他/通用,.jpg,新标准\新增\新建文件夹 (2)\IMG_20220717_160926.jpg
,IMG_20220717_161027,其他/通用,.jpg,新标准\新增\新建文件夹 (2)\IMG_20220717_161027.jpg
,IMG_20220717_161205,其他/通用,.jpg,新标准\新增\新建文件夹 (2)\IMG_20220717_161205.jpg
,IMG_20220717_161441,其他/通用,.jpg,新标准\新增\新建文件夹 (2)\IMG_20220717_161441.jpg
,IMG_20220717_161635,其他/通用,.jpg,新标准\新增\新建文件夹 (2)\IMG_20220717_161635.jpg
,IMG_20220717_161850,其他/通用,.jpg,新标准\新增\新建文件夹 (2)\IMG_20220717_161850.jpg
,IMG_20220717_161950,其他/通用,.jpg,新标准\新增\新建文件夹 (2)\IMG_20220717_161950.jpg
,IMG_20220717_162153,其他/通用,.jpg,新标准\新增\新建文件夹 (2)\IMG_20220717_162153.jpg
,IMG_20220717_162416,其他/通用,.jpg,新标准\新增\新建文件夹 (2)\IMG_20220717_162416.jpg
,IMG_20220717_162536,其他/通用,.jpg,新标准\新增\新建文件夹 (2)\IMG_20220717_162536.jpg
,IMG_20220717_162650,其他/通用,.jpg,新标准\新增\新建文件夹 (2)\IMG_20220717_162650.jpg
,IMG_20220717_162809,其他/通用,.jpg,新标准\新增\新建文件夹 (2)\IMG_20220717_162809.jpg
,IMG_20220717_162911,其他/通用,.jpg,新标准\新增\新建文件夹 (2)\IMG_20220717_162911.jpg
,IMG_20220717_162935,其他/通用,.jpg,新标准\新增\新建文件夹 (2)\IMG_20220717_162935.jpg
,IMG_20220717_163128,其他/通用,.jpg,新标准\新增\新建文件夹 (2)\IMG_20220717_163128.jpg
,IMG_20220717_163133,其他/通用,.jpg,新标准\新增\新建文件夹 (2)\IMG_20220717_163133.jpg
,IMG_20220717_163545,其他/通用,.jpg,新标准\新增\新建文件夹 (2)\IMG_20220717_163545.jpg
,IMG_20220717_163711,其他/通用,.jpg,新标准\新增\新建文件夹 (2)\IMG_20220717_163711.jpg
,IMG_20220717_163906,其他/通用,.jpg,新标准\新增\新建文件夹 (2)\IMG_20220717_163906.jpg
,IMG_20220717_164028,其他/通用,.jpg,新标准\新增\新建文件夹 (2)\IMG_20220717_164028.jpg
,IMG_20220717_164324,其他/通用,.jpg,新标准\新增\新建文件夹 (2)\IMG_20220717_164324.jpg
,IMG_20220717_164438,其他/通用,.jpg,新标准\新增\新建文件夹 (2)\IMG_20220717_164438.jpg
,IMG_20220717_164601,其他/通用,.jpg,新标准\新增\新建文件夹 (2)\IMG_20220717_164601.jpg
,IMG_20220717_165742,其他/通用,.jpg,新标准\新增\新建文件夹 (2)\IMG_20220717_165742.jpg
,IMG_20220717_170210,其他/通用,.jpg,新标准\新增\新建文件夹 (2)\IMG_20220717_170210.jpg
,IMG_20220717_170242,其他/通用,.jpg,新标准\新增\新建文件夹 (2)\IMG_20220717_170242.jpg
,IMG_20220717_171314,其他/通用,.jpg,新标准\新增\新建文件夹 (2)\IMG_20220717_171314.jpg
,IMG_20220717_171922,其他/通用,.jpg,新标准\新增\新建文件夹 (2)\IMG_20220717_171922.jpg
,IMG_20220717_171952,其他/通用,.jpg,新标准\新增\新建文件夹 (2)\IMG_20220717_171952.jpg
,IMG_20220717_172006,其他/通用,.jpg,新标准\新增\新建文件夹 (2)\IMG_20220717_172006.jpg
,IMG_20220717_172118,其他/通用,.jpg,新标准\新增\新建文件夹 (2)\IMG_20220717_172118.jpg
,IMG_20220717_172141,其他/通用,.jpg,新标准\新增\新建文件夹 (2)\IMG_20220717_172141.jpg
,IMG_20220717_172239,其他/通用,.jpg,新标准\新增\新建文件夹 (2)\IMG_20220717_172239.jpg
,IMG_20220717_172401,其他/通用,.jpg,新标准\新增\新建文件夹 (2)\IMG_20220717_172401.jpg
,IMG_20220717_172408,其他/通用,.jpg,新标准\新增\新建文件夹 (2)\IMG_20220717_172408.jpg
,IMG_20220717_172500,其他/通用,.jpg,新标准\新增\新建文件夹 (2)\IMG_20220717_172500.jpg
,IMG_20220717_173243,其他/通用,.jpg,新标准\新增\新建文件夹 (2)\IMG_20220717_173243.jpg
,IMG_20220717_173529,其他/通用,.jpg,新标准\新增\新建文件夹 (2)\IMG_20220717_173529.jpg
,IMG_20220717_173722,其他/通用,.jpg,新标准\新增\新建文件夹 (2)\IMG_20220717_173722.jpg
,IMG_20220717_174408,其他/通用,.jpg,新标准\新增\新建文件夹 (2)\IMG_20220717_174408.jpg
,IMG_20220717_174912,其他/通用,.jpg,新标准\新增\新建文件夹 (2)\IMG_20220717_174912.jpg
,IMG_20220717_175104,其他/通用,.jpg,新标准\新增\新建文件夹 (2)\IMG_20220717_175104.jpg
,IMG_20220717_175218,其他/通用,.jpg,新标准\新增\新建文件夹 (2)\IMG_20220717_175218.jpg
,IMG_20220717_175311,其他/通用,.jpg,新标准\新增\新建文件夹 (2)\IMG_20220717_175311.jpg
,IMG_20220717_175403,其他/通用,.jpg,新标准\新增\新建文件夹 (2)\IMG_20220717_175403.jpg
,IMG_20220717_175600,其他/通用,.jpg,新标准\新增\新建文件夹 (2)\IMG_20220717_175600.jpg
,IMG_20220717_175645,其他/通用,.jpg,新标准\新增\新建文件夹 (2)\IMG_20220717_175645.jpg
,IMG_20220717_175724,其他/通用,.jpg,新标准\新增\新建文件夹 (2)\IMG_20220717_175724.jpg
,IMG_20220717_180254,其他/通用,.jpg,新标准\新增\新建文件夹 (2)\IMG_20220717_180254.jpg
,IMG_20220717_180721,其他/通用,.jpg,新标准\新增\新建文件夹 (2)\IMG_20220717_180721.jpg
,IMG_20220717_180914,其他/通用,.jpg,新标准\新增\新建文件夹 (2)\IMG_20220717_180914.jpg
,IMG_20220717_183708,其他/通用,.jpg,新标准\新增\新建文件夹 (2)\IMG_20220717_183708.jpg
,IMG_20220717_183810,其他/通用,.jpg,新标准\新增\新建文件夹 (2)\IMG_20220717_183810.jpg
,IMG_20220717_183828,其他/通用,.jpg,新标准\新增\新建文件夹 (2)\IMG_20220717_183828.jpg
,IT、TT、TN(TN-C、TN-S)系统的区别及特点,其他/通用,.pptx,111111\IT、TT、TN(TN-C、TN-S)系统的区别及特点.pptx
,JB T 12121-2015 大型垃圾焚烧炉炉排  技术条件,其他/通用,.xdf,法律标准\标准\垃圾\JB T 12121-2015 大型垃圾焚烧炉炉排  技术条件.xdf
,JB T 12621-2016 液化天然气阀门 技术条件,其他/通用,.xdf,法律标准\标准\重大危险源\JB T 12621-2016 液化天然气阀门 技术条件.xdf
,JCT 2043-2011 墙材工业用摆渡车,其他/通用,.rar,标准\JCT 2043-2011 墙材工业用摆渡车.rar
,JCT 2043-2011 墙材工业用摆渡车,其他/通用,.pdf,标准\JCT 2043-2011 墙材工业用摆渡车\JCT 2043-2011 墙材工业用摆渡车.pdf
,JCT 2071-2011 中空玻璃生产技术规程,其他/通用,.rar,新标准\JCT 2071-2011 中空玻璃生产技术规程.rar
,JCT 2071-2011 中空玻璃生产技术规程,其他/通用,.pdf,新标准\JCT 2071-2011 中空玻璃生产技术规程\JCT 2071-2011 中空玻璃生产技术规程.pdf
,JCT 2203 2013 石材加工生产安全要求,其他/通用,.pdf,法律标准\标准\石材加工\JCT 2203 2013 石材加工生产安全要求.pdf
,JCT 2278-2014 加工玻璃安全生产规程,其他/通用,.rar,法律标准\标准\玻璃\JCT 2278-2014 加工玻璃安全生产规程.rar
,JCT 2278-2014 加工玻璃安全生产规程,其他/通用,.pdf,玻璃\JCT 2278-2014 加工玻璃安全生产规程.pdf
,JCT 2301-2015 水泥企业安全生产管理规范,其他/通用,.pdf,水泥\JCT 2301-2015 水泥企业安全生产管理规范.pdf
,JCT 2302-2015 安全玻璃生产规程 第3部分：家居用安全玻璃生产规程,其他/通用,.pdf,法律标准\标准\玻璃\JCT 2302-2015 安全玻璃生产规程 第3部分：家居用安全玻璃生产规程.pdf
,JCT 2423-2017 玻璃熔窑余热发电设计规范,其他/通用,.pdf,新标准\JCT 2423-2017 玻璃熔窑余热发电设计规范.pdf
,JCT 604-2013 浮法玻璃退火窑,其他/通用,.rar,新建文件夹 (2)\JCT 604-2013 浮法玻璃退火窑.rar
,JCT 604-2013 浮法玻璃退火窑,其他/通用,.pdf,新建文件夹 (2)\JCT 604-2013 浮法玻璃退火窑\JCT 604-2013 浮法玻璃退火窑.pdf
,JCT 612-2011 石材连续磨机,其他/通用,.pdf,法律标准\标准\石材加工\JCT 612-2011 石材连续磨机.pdf
,JCT 821-2007  水泥工业用熟料输送机,其他/通用,.pdf,法律标准\标准\输送机\JCT 821-2007  水泥工业用熟料输送机.pdf
,JCT 827-2011 石材圆盘切锯机,其他/通用,.pdf,法律标准\标准\石材加工\JCT 827-2011 石材圆盘切锯机.pdf
,JCT821-2007水泥工业用熟料输送机,其他/通用,.xdf,法律标准\标准\输送机\JCT821-2007水泥工业用熟料输送机.xdf
,JC_T 2258-2014 水泥窑余热利用装备技术条件,其他/通用,.xdf,法律标准\标准\余热\JC_T 2258-2014 水泥窑余热利用装备技术条件.xdf
,JC_T 2303-2015 水泥熟料烧成系统脱硝技术应用规范,其他/通用,.xdf,法律标准\标准\水泥\JC_T 2303-2015 水泥熟料烧成系统脱硝技术应用规范.xdf
,JC_T石材加工生产安全要求,其他/通用,.pdf,111111\JC_T石材加工生产安全要求.pdf
,JC∕T 2256-2014 多功能数控石材加工中心,其他/通用,.pdf,法律标准\标准\石材加工\JC∕T 2256-2014 多功能数控石材加工中心.pdf
,JC∕T 2301-2015 水泥企业安全生产管理规范,其他/通用,.rar,法律标准\标准\水泥\JC∕T 2301-2015 水泥企业安全生产管理规范.rar
,JC∕T 2303-2015 水泥熟料烧成系统脱硝技术应用规范,其他/通用,.pdf,111111\JC∕T 2303-2015 水泥熟料烧成系统脱硝技术应用规范.pdf
,JC∕T 2303-2015 水泥熟料烧成系统脱硝技术应用规范,其他/通用,.docx,111111\新建文件夹 (2)(1)\新建文件夹 (2)\JC∕T 2303-2015 水泥熟料烧成系统脱硝技术应用规范.docx
,JC∕T 2303-2015 水泥熟料烧成系统脱硝技术应用规范,其他/通用,.pdf,水泥\JC∕T 2303-2015 水泥熟料烧成系统脱硝技术应用规范.pdf
,JC∕T 2303-2015 水泥熟料烧成系统脱硝技术应用规范,其他/通用,.docx,法律标准\标准\水泥\JC∕T 2303-2015 水泥熟料烧成系统脱硝技术应用规范.docx
,JC∕T 2303-2015 水泥熟料烧成系统脱硝技术应用规范,其他/通用,.pdf,法律标准\标准\水泥\JC∕T 2303-2015 水泥熟料烧成系统脱硝技术应用规范.pdf
,JC∕T 2533-2019 预拌混凝土企业安全生产规范,其他/通用,.pdf,法律标准\标准\水泥\JC∕T 2533-2019 预拌混凝土企业安全生产规范.pdf
,JC∕T 460-2018 水泥工业用胶带斗式提升机,其他/通用,.docx,法律标准\标准\水泥\JC∕T 460-2018 水泥工业用胶带斗式提升机.docx
,JC∕T 460-2018 水泥工业用胶带斗式提升机,其他/通用,.pdf,法律标准\标准\水泥\JC∕T 460-2018 水泥工业用胶带斗式提升机.pdf
,JGJ 88-2010 龙门架及井架物料提升机安全技术规范,其他/通用,.rar,新标准\JGJ 88-2010 龙门架及井架物料提升机安全技术规范.rar
,JGJ 88-2010 龙门架及井架物料提升机安全技术规范,其他/通用,.pdf,新标准\JGJ 88-2010 龙门架及井架物料提升机安全技术规范\JGJ 88-2010 龙门架及井架物料提升机安全技术规范.pdf
,JJG 153-1996 标准电池 高清晰版,其他/通用,.pdf,锂电池资料\电池\JJG 153-1996 标准电池 高清晰版.pdf
,JJG 153-1996 标准电池 高清晰版,其他/通用,.docx,锂电池资料\电池其他\新建文件夹\JJG 153-1996 标准电池 高清晰版.docx
,JJG 153-1996 标准电池检定规程,其他/通用,.pdf,锂电池资料\电池\JJG 153-1996 标准电池检定规程.pdf
,JJG 153-1996 标准电池检定规程,其他/通用,.docx,锂电池资料\电池其他\新建文件夹\JJG 153-1996 标准电池检定规程.docx
,JJG(粤) 044-2017 动力电池测试系统检定规程,其他/通用,.pdf,锂电池资料\电池\JJG(粤) 044-2017 动力电池测试系统检定规程.pdf
,JJG(粤) 044-2017 动力电池测试系统检定规程,其他/通用,.docx,锂电池资料\电池其他\新建文件夹\JJG(粤) 044-2017 动力电池测试系统检定规程.docx
,LNG已成为目前无法使用管输天然气供气城市的主要气源或过渡气源,其他/通用,.docx,LNG\LNG已成为目前无法使用管输天然气供气城市的主要气源或过渡气源.docx
,LNG技术液化天然气气化站,其他/通用,.docx,LNG\LNG技术液化天然气气化站.docx
,LNG技术液化天然气气化站,其他/通用,.pdf,LNG\LNG技术液化天然气气化站.pdf
,LNG杜瓦瓶组供气技术简介,其他/通用,.pdf,法律标准\标准\LNG\LNG杜瓦瓶组供气技术简介.pdf
,LNG气化站,其他/通用,.docx,LNG\LNG气化站.docx
,LNG气化站,其他/通用,.ppt,法律标准\标准\LNG\LNG气化站.ppt
,LNG气化站主要设备及选型,其他/通用,.docx,法律标准\标准\LNG\LNG气化站主要设备及选型.docx
,LNG气化站储罐最优配置模型,其他/通用,.rar,法律标准\标准\LNG\LNG气化站储罐最优配置模型.rar
,LNG气化站基础知识,其他/通用,.ppt,LNG\LNG气化站基础知识.ppt
,LNG气化站基础知识,其他/通用,.ppt,法律标准\标准\LNG\LNG气化站基础知识.ppt
,LNG气化站工艺流程最新整理,其他/通用,.pdf,法律标准\标准\LNG\LNG气化站工艺流程最新整理.pdf
,LNG气化站工艺设计与安全技术措施,其他/通用,.doc,LNG\LNG气化站工艺设计与安全技术措施.doc
,LNG气化站工艺设计与安全技术措施,其他/通用,.docx,LNG\LNG气化站工艺设计与安全技术措施.docx
,LNG气化站工艺设计与安全技术措施,其他/通用,.docx,标准\燃气资料\LNG气化站工艺设计与安全技术措施.docx
,LNG气化站平面图,其他/通用,.pdf,法律标准\标准\LNG\LNG气化站平面图.pdf
,LNG气化站总图、工艺设计要点,其他/通用,.pdf,111111\LNG气化站总图、工艺设计要点.pdf
,LNG气化站技术安全分析(2021新版),其他/通用,.docx,LNG\LNG气化站技术安全分析(2021新版).docx
,LNG气化站技术安全分析(2021新版),其他/通用,.pdf,LNG\LNG气化站技术安全分析(2021新版).pdf
,LNG气化站的安全设计,其他/通用,.pdf,法律标准\标准\LNG\LNG气化站的安全设计.pdf
,LNG气化站简介,其他/通用,.doc,LNG\LNG气化站简介.doc
,LNG气化站简介,其他/通用,.docx,LNG\LNG气化站简介.docx
,LNG气化站设计,其他/通用,.doc,法律标准\标准\LNG\LNG气化站设计.doc
,LNG气化站设计,其他/通用,.docx,法律标准\标准\LNG\LNG气化站设计.docx
,LNG气站及槽车紧急切断阀系统,其他/通用,.doc,法律标准\标准\LNG\LNG气站及槽车紧急切断阀系统.doc
,LNG气站及槽车紧急切断阀系统,其他/通用,.docx,法律标准\标准\LNG\LNG气站及槽车紧急切断阀系统.docx
,LNG液化天然气项目危险有害因素的辨识,其他/通用,.doc,标准\燃气资料\LNG液化天然气项目危险有害因素的辨识.doc
,LNG液化天然气项目危险有害因素的辨识,其他/通用,.docx,标准\燃气资料\LNG液化天然气项目危险有害因素的辨识.docx
,LNG瓶组气化站无人值守技术及管理模式,其他/通用,.pdf,法律标准\标准\LNG\LNG瓶组气化站无人值守技术及管理模式.pdf
,LNG讲稿,其他/通用,.docx,LNG\LNG讲稿.docx
,MC 50598 MSDS,其他/通用,.doc,新标准\MC 50598 MSDS.doc
,MC 50598 MSDS,其他/通用,.docx,新标准\MC 50598 MSDS.docx
,MC 6088-803-5C MSDS,其他/通用,.doc,新标准\MC 6088-803-5C MSDS.doc
,MC 6088-803-5C MSDS,其他/通用,.docx,新标准\MC 6088-803-5C MSDS.docx
,MC 6875-801  MSDS,其他/通用,.doc,新标准\MC 6875-801  MSDS.doc
,MC 6875-801  MSDS,其他/通用,.docx,新标准\MC 6875-801  MSDS.docx
,NBT 31073-2015 风电场工程劳动安全与工业卫生验收规程,其他/通用,.rar,111111\NBT 31073-2015 风电场工程劳动安全与工业卫生验收规程.rar
,NBT 31073-2015 风电场工程劳动安全与工业卫生验收规程,其他/通用,.pdf,111111\NBT 31073-2015 风电场工程劳动安全与工业卫生验收规程\NBT 31073-2015 风电场工程劳动安全与工业卫生验收规程.pdf
,NBT 33002-2018 电动汽车交流充电桩技术条件,其他/通用,.pdf,电动汽车\NBT 33002-2018 电动汽车交流充电桩技术条件.pdf
,NBT 33006-2013 电动汽车电池箱更换设备通用技术要求,其他/通用,.pdf,电池\NBT 33006-2013 电动汽车电池箱更换设备通用技术要求.pdf
,NBT 33024-2016 电动汽车用动力锂离子蓄电池检测规范,其他/通用,.pdf,电池\NBT 33024-2016 电动汽车用动力锂离子蓄电池检测规范.pdf
,NB_T 10113-2018 光伏发电站技术监督导则,其他/通用,.pdf,光伏\NB_T 10113-2018 光伏发电站技术监督导则.pdf
,NB_T 10635-2021 光伏发电站光伏组件技术监督规程,其他/通用,.pdf,光伏\NB_T 10635-2021 光伏发电站光伏组件技术监督规程.pdf
,NB_T 10642-2021 光伏发电站支架技术要求,其他/通用,.pdf,光伏\NB_T 10642-2021 光伏发电站支架技术要求.pdf
,NB_T 10686-2021 光伏预装式变电站技术规范,其他/通用,.pdf,光伏\NB_T 10686-2021 光伏预装式变电站技术规范.pdf
,NB_T 10689-2021 电动助力用蓄电池充（换）电设备技术规范 第1部分：充电桩,其他/通用,.pdf,锂电池资料\电池\NB_T 10689-2021 电动助力用蓄电池充（换）电设备技术规范 第1部分：充电桩.pdf
,NB_T 10689-2021 电动助力用蓄电池充（换）电设备技术规范 第1部分：充电桩,其他/通用,.docx,锂电池资料\电池其他\新建文件夹\NB_T 10689-2021 电动助力用蓄电池充（换）电设备技术规范 第1部分：充电桩.docx
,NB∕T 10114-2018 光伏发电站绝缘技术监督规程,其他/通用,.pdf,光伏\NB∕T 10114-2018 光伏发电站绝缘技术监督规程.pdf
,NB∕T 10115-2018 光伏支架结构设计规程,其他/通用,.pdf,光伏\NB∕T 10115-2018 光伏支架结构设计规程.pdf
,NB∕T 10690-2021 电动助力用蓄电池充（换）电设备技术规范　第2部分：充（换）电柜,其他/通用,.pdf,锂电池资料\电池\NB∕T 10690-2021 电动助力用蓄电池充（换）电设备技术规范　第2部分：充（换）电柜.pdf
,NB∕T 10690-2021 电动助力用蓄电池充（换）电设备技术规范　第2部分：充（换）电柜,其他/通用,.docx,锂电池资料\电池其他\新建文件夹\NB∕T 10690-2021 电动助力用蓄电池充（换）电设备技术规范　第2部分：充（换）电柜.docx
,NB∕T 42091-2016 电化学储能电站用锂离子电池技术规范,其他/通用,.pdf,锂电池资料\电池\NB∕T 42091-2016 电化学储能电站用锂离子电池技术规范.pdf
,NB∕T 42091-2016 电化学储能电站用锂离子电池技术规范,其他/通用,.docx,锂电池资料\电池其他\新建文件夹\NB∕T 42091-2016 电化学储能电站用锂离子电池技术规范.docx
,O1CN01IgIq8b1UtOpcQ6S68_!!0-amp,其他/通用,.jpg,111111\O1CN01IgIq8b1UtOpcQ6S68_!!0-amp.jpg
,P020080423503416564742,其他/通用,.xls,法律标准\法律法规\淘汰设备目录\P020080423503416564742.xls
,P020220218420121976497,其他/通用,.doc,新标准\P020220218420121976497.doc
,P020220218420121976497,其他/通用,.docx,新标准\P020220218420121976497.docx
,QGDW 758-2012 电力系统通信光缆安装工艺规范,其他/通用,.xdf,法律标准\标准\线路\QGDW 758-2012 电力系统通信光缆安装工艺规范.xdf
,QSY1129-2007  安全帽生产与使用管理规范,其他/通用,.pdf,法律标准\标准\中油标准\QSY1129-2007  安全帽生产与使用管理规范.pdf
,QSY1217-2009  HSE作业指导书编写指南,其他/通用,.pdf,法律标准\标准\中油标准\QSY1217-2009  HSE作业指导书编写指南.pdf
,QSY1234-2009  HSE培训管理规范,其他/通用,.pdf,法律标准\标准\中油标准\QSY1234-2009  HSE培训管理规范.pdf
,QSY1235-2009  行为安全观察与沟通管理规范,其他/通用,.pdf,法律标准\标准\中油标准\QSY1235-2009  行为安全观察与沟通管理规范.pdf
,QSY1237-2009  工艺和设备变更管理规范,其他/通用,.pdf,法律标准\标准\中油标准\QSY1237-2009  工艺和设备变更管理规范.pdf
,QSY1238-2009  工作前安全分析管理规范,其他/通用,.pdf,法律标准\标准\中油标准\QSY1238-2009  工作前安全分析管理规范.pdf
,QSY1239-2009  工作循环分析管理规范,其他/通用,.pdf,法律标准\标准\中油标准\QSY1239-2009  工作循环分析管理规范.pdf
,QSY1240-2009  作业许可管理规范,其他/通用,.pdf,法律标准\标准\中油标准\QSY1240-2009  作业许可管理规范.pdf
,QSY1241-2009  动火作业安全管理规范,其他/通用,.pdf,法律标准\标准\中油标准\QSY1241-2009  动火作业安全管理规范.pdf
,QSY1243-2009  管线打开安全管理规范,其他/通用,.pdf,法律标准\标准\中油标准\QSY1243-2009  管线打开安全管理规范.pdf
,QSY1245-2009  启动前安全检查管理规范,其他/通用,.pdf,法律标准\标准\中油标准\QSY1245-2009  启动前安全检查管理规范.pdf
,QSY1247-2009  挖掘作业安全管理规范,其他/通用,.pdf,法律标准\标准\中油标准\QSY1247-2009  挖掘作业安全管理规范.pdf
,QSY1361-2011  办公区域安全管理规范,其他/通用,.pdf,法律标准\标准\中油标准\QSY1361-2011  办公区域安全管理规范.pdf
,QSY1362-2011  工艺危害分析管理规范,其他/通用,.pdf,法律标准\标准\中油标准\QSY1362-2011  工艺危害分析管理规范.pdf
,QSY1363-2011  工艺安全信息管理规范,其他/通用,.pdf,法律标准\标准\中油标准\QSY1363-2011  工艺安全信息管理规范.pdf
,QSY1364-2011  危险与可操作性分析技术指南,其他/通用,.pdf,法律标准\标准\中油标准\QSY1364-2011  危险与可操作性分析技术指南.pdf
,QSY1366-2011  氮气使用安全管理规范,其他/通用,.pdf,法律标准\标准\中油标准\QSY1366-2011  氮气使用安全管理规范.pdf
,QSY1367-2011  通用工器具管理规范,其他/通用,.pdf,法律标准\标准\中油标准\QSY1367-2011  通用工器具管理规范.pdf
,QSY1368-2011  电动气动工具安全管理规范,其他/通用,.pdf,法律标准\标准\中油标准\QSY1368-2011  电动气动工具安全管理规范.pdf
,QSY1370-2011  便携式梯子使用安全管理规范,其他/通用,.pdf,法律标准\标准\中油标准\QSY1370-2011  便携式梯子使用安全管理规范.pdf
,QSY1421-2011 上锁挂牌管理规范,其他/通用,.pdf,法律标准\标准\中油标准\QSY1421-2011 上锁挂牌管理规范.pdf
,QSY1516-2012  设施完整性管理规范,其他/通用,.pdf,法律标准\标准\中油标准\QSY1516-2012  设施完整性管理规范.pdf
,Q∕GDW 1152.1-2014 电力系统污区分级与外绝缘选择标准 第1部分：交流系统,其他/通用,.pdf,新标准\电力线路\Q∕GDW 1152.1-2014 电力系统污区分级与外绝缘选择标准 第1部分：交流系统.pdf
,Q∕GDW 1152.2-2014 电力系统污区分级与外绝缘选择标准 第2部分：直流系统,其他/通用,.pdf,新标准\电力线路\Q∕GDW 1152.2-2014 电力系统污区分级与外绝缘选择标准 第2部分：直流系统.pdf
,RS 34 44 二段火20033795&809&835 ,其他/通用,.pdf,新标准\RS 34 44 二段火20033795&809&835 .pdf
,S01-D0101-01-初步设计说明书,其他/通用,.pdf,新标准\S01-D0101-01-初步设计说明书.pdf
,SBJ 01-1988 商业仓库设计规范(试行),其他/通用,.pdf,新标准\物流标准\SBJ 01-1988 商业仓库设计规范(试行).pdf
,SBT 10290-1997 粮食定量包装机,其他/通用,.pdf,粮食加工\SBT 10290-1997 粮食定量包装机.pdf
,SBT 10390-2004 成品油零售企业管理技术规范,其他/通用,.pdf,法律标准\标准\爆炸\SBT 10390-2004 成品油零售企业管理技术规范.pdf
,SBT 10487-2008 畜禽屠宰加工设备 猪输送机,其他/通用,.pdf,法律标准\标准\设备设施\屠宰\SBT 10487-2008 畜禽屠宰加工设备 猪输送机.pdf
,SBT 10977-2013 仓储作业规范,其他/通用,.rar,新标准\物流标准\SBT 10977-2013 仓储作业规范.rar
,SD 251-1988 全国地方小型火力发电厂 汽轮机组运行规程（试行）,其他/通用,.pdf,垃圾发电补充2\SD 251-1988 全国地方小型火力发电厂 汽轮机组运行规程（试行）.pdf
,SHS 03049-2004 振动筛维护检修规程,其他/通用,.rar,新标准\SHS 03049-2004 振动筛维护检修规程.rar
,SHS 03049-2004 振动筛维护检修规程,其他/通用,.pdf,新标准\SHS 03049-2004 振动筛维护检修规程\SHS 03049-2004 振动筛维护检修规程.pdf
,SHS 05024-2004 煤气发生炉维护检修规程,其他/通用,.pdf,法律标准\标准\燃气\煤气\SHS 05024-2004 煤气发生炉维护检修规程.pdf
,SHS 09007-2004,其他/通用,.xdf,法律标准\标准\污水\SHS 09007-2004.xdf
,SHT 3007-2014 石油化工储运系统罐区设计规范,其他/通用,.pdf,法律标准\标准\安全管理\设计\SHT 3007-2014 石油化工储运系统罐区设计规范.pdf
,SHT_3043-2014_石油化工设备管道钢结构表面色和标志规定,其他/通用,.pdf,新文件包\补充法规\SHT_3043-2014_石油化工设备管道钢结构表面色和标志规定.pdf
,SY∕T+0524-2024+导热油加热炉系统规范,其他/通用,.pdf,安全标准\SY∕T+0524-2024+导热油加热炉系统规范.pdf
,T BSTAUM 001-2017 小型液化天然气气化站技术规程,其他/通用,.rar,法律标准\标准\T BSTAUM 001-2017 小型液化天然气气化站技术规程.rar
,T SPSTS 009-2018 电动汽车充换电用锂离子电池安全性要求与测试方法,其他/通用,.pdf,锂电池资料\电池\T SPSTS 009-2018 电动汽车充换电用锂离子电池安全性要求与测试方法.pdf
,T SPSTS 009-2018 电动汽车充换电用锂离子电池安全性要求与测试方法,其他/通用,.docx,锂电池资料\电池其他\新建文件夹\T SPSTS 009-2018 电动汽车充换电用锂离子电池安全性要求与测试方法.docx
,T SPSTS 009-2018 电动汽车充换电用锂离子电池安全性要求与测试方法 (1),其他/通用,.docx,锂电池资料\电池其他\新建文件夹\T SPSTS 009-2018 电动汽车充换电用锂离子电池安全性要求与测试方法 (1).docx
,TCEC 172-2018 电力储能用锂离子电池安全要求及试验方法,其他/通用,.docx,锂电池资料\电池其他\新建文件夹\TCEC 172-2018 电力储能用锂离子电池安全要求及试验方法.docx
,TCIAPS0002—2017锂离子电池企业安全生产规范,其他/通用,.pdf,电池\TCIAPS0002—2017锂离子电池企业安全生产规范.pdf
,TSG ZF001-2006 安全阀安全技术监察规程,其他/通用,.pdf,新文件包\补充法规\TSG ZF001-2006 安全阀安全技术监察规程.pdf
,TSG ZF003-2011 爆破片装置安全技术监察规程,其他/通用,.pdf,法律标准\标准\爆破片\TSG ZF003-2011 爆破片装置安全技术监察规程.pdf
,TSG-ZF001-2006安全阀安全技术监察规程,其他/通用,.pdf,标准123\TSG-ZF001-2006安全阀安全技术监察规程.pdf
,TSGZF003-2011爆破片装置安全技术监察规程清晰版_,其他/通用,.pdf,法律标准\标准\爆破片\TSGZF003-2011爆破片装置安全技术监察规程清晰版_.pdf
,TXYXCLM 0001—2022锂离子电池回收利用 回收及修复磷酸铁锂,其他/通用,.pdf,电池\TXYXCLM 0001—2022锂离子电池回收利用 回收及修复磷酸铁锂.pdf
,T_CCAS 014.7-2022 水泥企业安全管理导则 第7部分：水泥工厂承包商安全管理,其他/通用,.pdf,111111\T_CCAS 014.7-2022 水泥企业安全管理导则 第7部分：水泥工厂承包商安全管理.pdf
,T_CCSAS 026-2023,其他/通用,.pdf,新标准\标准\T_CCSAS 026-2023.pdf
,T_CI 234-2023 变压吸附（PSA）高纯制氮机,其他/通用,.pdf,111111\T_CI 234-2023 变压吸附（PSA）高纯制氮机.pdf
,T_CNFMA A003-2021,其他/通用,.pdf,新标准\T_CNFMA A003-2021.pdf
,T_CRIA 16006-2019 TBM波形挡边输送带,其他/通用,.pdf,输送带（机）\T_CRIA 16006-2019 TBM波形挡边输送带.pdf
,T_CRIA 16007-2019 TBM织物芯输送带,其他/通用,.pdf,输送带（机）\T_CRIA 16007-2019 TBM织物芯输送带.pdf
,T_CWAN 0081-2023 激光焊接机器人系统通用技术条件,其他/通用,.pdf,锂电池资料\电池\T_CWAN 0081-2023 激光焊接机器人系统通用技术条件.pdf
,T_CWAN 0081-2023 激光焊接机器人系统通用技术条件,其他/通用,.docx,锂电池资料\电池其他\新建文件夹\T_CWAN 0081-2023 激光焊接机器人系统通用技术条件.docx
,T_GSEA 003-2019 分布式光伏发电系统运营安全规程,其他/通用,.pdf,光伏\T_GSEA 003-2019 分布式光伏发电系统运营安全规程.pdf
,T_JQZN 001-2025 静电喷塑生产线安全措施验收规范,其他/通用,.pdf,安全标准\T_JQZN 001-2025 静电喷塑生产线安全措施验收规范.pdf
,T_JSCTS 4-2021 城市客车用动力蓄电池系统安全技术要求,其他/通用,.pdf,锂电池资料\电池\T_JSCTS 4-2021 城市客车用动力蓄电池系统安全技术要求.pdf
,T_JSCTS 4-2021 城市客车用动力蓄电池系统安全技术要求,其他/通用,.docx,锂电池资料\电池其他\新建文件夹\T_JSCTS 4-2021 城市客车用动力蓄电池系统安全技术要求.docx
,T∕CSAE 116-2019 电动汽车用锂离子蓄电池 单体拆解技术规范,其他/通用,.pdf,电池\T∕CSAE 116-2019 电动汽车用锂离子蓄电池 单体拆解技术规范.pdf
,T∕CSPSTC 16-2018 工业园区安全生产管理基本要求,其他/通用,.pdf,新标准\T∕CSPSTC 16-2018 工业园区安全生产管理基本要求.pdf
,T∕CSPSTC 17-2018 企业安全生产双重预防机制建设规范,其他/通用,.pdf,新标准\T∕CSPSTC 17-2018 企业安全生产双重预防机制建设规范.pdf
,T／BSTAUM 001-2017 小型液化天然气气化站技术规程,其他/通用,.xdf,法律标准\标准\燃气\T／BSTAUM 001-2017 小型液化天然气气化站技术规程.xdf
,W020190813592898951376,其他/通用,.pdf,法律标准\标准\新建文件夹\W020190813592898951376.pdf
,W020200415588314641843,其他/通用,.doc,新标准\新增\W020200415588314641843.doc
,W020200415588314641843,其他/通用,.docx,新标准\新增\W020200415588314641843.docx
,W020200415588314655925,其他/通用,.doc,新标准\新增\W020200415588314655925.doc
,W020200415588314655925,其他/通用,.docx,新标准\新增\W020200415588314655925.docx
,W020210107367370103117,其他/通用,.pdf,新标准\W020210107367370103117.pdf
,W020220805451554674380,其他/通用,.pdf,新标准\W020220805451554674380.pdf
,[高清版] SHS 01024-2004 罗茨鼓风机维护检修规程,其他/通用,.xdf,法律标准\标准\污水\[高清版] SHS 01024-2004 罗茨鼓风机维护检修规程.xdf
,"a215dace61958b3592c6dccdc9991ea3_u=2076217737,1558215906&fm=253&fmt=auto&app=138&f=JPEG_w=440&h=500",其他/通用,.webp,"新建文件夹\a215dace61958b3592c6dccdc9991ea3_u=2076217737,1558215906&fm=253&fmt=auto&app=138&f=JPEG_w=440&h=500.webp"
,a39f4497407bfac4fa8c374e06a66742_640_wx_fmt=png&wxfrom=5&wx_lazy=1&wx_co=1,其他/通用,.png,新标准\中频炉\a39f4497407bfac4fa8c374e06a66742_640_wx_fmt=png&wxfrom=5&wx_lazy=1&wx_co=1.png
,bz_05DE2D6918C7AC5D20230220_www.bzfxw.com,其他/通用,.pdf,电池\bz_05DE2D6918C7AC5D20230220_www.bzfxw.com.pdf
,bz_0AE021EB25ABC23A20211202_www.bzfxw.com,其他/通用,.pdf,新标准\bz_0AE021EB25ABC23A20211202_www.bzfxw.com.pdf
,bz_1E1B5C4719ED0C1020220606_www.bzfxw.com,其他/通用,.pdf,电池\bz_1E1B5C4719ED0C1020220606_www.bzfxw.com.pdf
,bz_35A11D3E6145D89A20220610_www.bzfxw.com,其他/通用,.pdf,新标准\bz_35A11D3E6145D89A20220610_www.bzfxw.com.pdf
,bz_396B1EFCAC416EBC20220519_www.bzfxw.com,其他/通用,.pdf,新标准\电力线路\bz_396B1EFCAC416EBC20220519_www.bzfxw.com.pdf
,bz_418DA305378039AA20230418_www.bzfxw.com,其他/通用,.pdf,新标准\bz_418DA305378039AA20230418_www.bzfxw.com.pdf
,bz_4B0E2AC7B2D9A45A20220305_www.bzfxw.com,其他/通用,.pdf,新标准\电力线路\bz_4B0E2AC7B2D9A45A20220305_www.bzfxw.com.pdf
,bz_52CDC887B63FEDF820220606_www.bzfxw.com,其他/通用,.pdf,新标准\新增\bz_52CDC887B63FEDF820220606_www.bzfxw.com.pdf
,bz_5E1CA389ED5F929F20220513_www.bzfxw.com,其他/通用,.pdf,新标准\电力线路\bz_5E1CA389ED5F929F20220513_www.bzfxw.com.pdf
,bz_5E8C1EE5D1F8A0F820211006_www.bzfxw.com,其他/通用,.pdf,电池\bz_5E8C1EE5D1F8A0F820211006_www.bzfxw.com.pdf
,bz_81EDCBDD4CF9B0AD20230406_www.bzfxw.com,其他/通用,.pdf,标准\bz_81EDCBDD4CF9B0AD20230406_www.bzfxw.com.pdf
,bz_9354C3474F88B39A20220316_www.bzfxw.com,其他/通用,.pdf,电池\bz_9354C3474F88B39A20220316_www.bzfxw.com.pdf
,bz_9752256306CF2FE220220704_www.bzfxw.com,其他/通用,.docx,111111\bz_9752256306CF2FE220220704_www.bzfxw.com.docx
,bz_9752256306CF2FE220220704_www.bzfxw.com,其他/通用,.pdf,新建文件夹\bz_9752256306CF2FE220220704_www.bzfxw.com.pdf
,bz_AFCF17C66FAB86AD20230307_www.bzfxw.com,其他/通用,.pdf,电池\bz_AFCF17C66FAB86AD20230307_www.bzfxw.com.pdf
,bz_B463A31C3AF6CC9220230331_www.bzfxw.com,其他/通用,.pdf,111111\bz_B463A31C3AF6CC9220230331_www.bzfxw.com.pdf
,bz_BDEBB42C40CC7B3B20221230_www.bzfxw.com,其他/通用,.pdf,电池\bz_BDEBB42C40CC7B3B20221230_www.bzfxw.com.pdf
,bz_C4ED3D9FA7715A8320211223_www.bzfxw.com,其他/通用,.pdf,新标准\bz_C4ED3D9FA7715A8320211223_www.bzfxw.com.pdf
,bz_C6F540DA7B6108EB20230304_www.bzfxw.com,其他/通用,.pdf,标准\bz_C6F540DA7B6108EB20230304_www.bzfxw.com.pdf
,bz_CD198A2B0182BD1E20220824_www.bzfxw.com,其他/通用,.pdf,电池\bz_CD198A2B0182BD1E20220824_www.bzfxw.com.pdf
,bz_D56A2A4672385DED20230308_www.bzfxw.com,其他/通用,.pdf,新建文件夹\bz_D56A2A4672385DED20230308_www.bzfxw.com.pdf
,bz_D9CE9453FDCFD9D520220328_www.bzfxw.com,其他/通用,.pdf,电池\bz_D9CE9453FDCFD9D520220328_www.bzfxw.com.pdf
,bz_DCAF360B28830D7F20220513_www.bzfxw.com,其他/通用,.pdf,新标准\电力线路\bz_DCAF360B28830D7F20220513_www.bzfxw.com.pdf
,bz_E3EF1175D7B7821820220520_www.bzfxw.com,其他/通用,.pdf,新标准\电力线路\bz_E3EF1175D7B7821820220520_www.bzfxw.com.pdf
,bz_E55CC74659311C8020221028_www.bzfxw.com,其他/通用,.pdf,新标准\bz_E55CC74659311C8020221028_www.bzfxw.com.pdf
,bz_FBA735D0159E7CBE20221026_www.bzfxw.com,其他/通用,.pdf,新标准\bz_FBA735D0159E7CBE20221026_www.bzfxw.com.pdf
,d89f6176dadf19726d72983bb58d37dc_b_3994498_201812190852352945,其他/通用,.jpg,法律标准\标准\中频炉\d89f6176dadf19726d72983bb58d37dc_b_3994498_201812190852352945.jpg
,e1fb8d1068ae1c73bd62c469b275080b,其他/通用,.jpeg,水泥\e1fb8d1068ae1c73bd62c469b275080b.jpeg
,f281ee832762b1a76b5642b24ad9277d,其他/通用,.mp4,新标准\饲料标准\f281ee832762b1a76b5642b24ad9277d.mp4
,f3b0357bb76818bf620fa4325e416d50,其他/通用,.mp4,LNG\f3b0357bb76818bf620fa4325e416d50.mp4
,new_tdx_v7.59,其他/通用,.exe,111111\newjyexpcyb\new_tdx_v7.59.exe
,newjyexpcyb,其他/通用,.zip,111111\newjyexpcyb.zip
,src=http___file01.sg560.com_upimg01_2013_12_10_11141178362131.jpg&refer=http___file01.sg560.webp,其他/通用,.jpg,法律标准\标准\中频炉\src=http___file01.sg560.com_upimg01_2013_12_10_11141178362131.jpg&refer=http___file01.sg560.webp.jpg
,src=http___i01.c.aliimg.com_img_ibank_2011_816_004_470400618_101421575.jpg&refer=http___i01.c.aliimg.webp,其他/通用,.jpg,法律标准\标准\中频炉\src=http___i01.c.aliimg.com_img_ibank_2011_816_004_470400618_101421575.jpg&refer=http___i01.c.aliimg.webp.jpg
,src=http___img.alicdn.com_i3_2209099044977_O1CN01vRxBOQ1xHUZlc2AZN-1878526418.jpg&refer=http___img.alicdn.webp,其他/通用,.jpg,111111\src=http___img.alicdn.com_i3_2209099044977_O1CN01vRxBOQ1xHUZlc2AZN-1878526418.jpg&refer=http___img.alicdn.webp.jpg
,src=http___img16.hc360.cn_16_busin_169_674_b_16-169674646.jpg&refer=http___img16.hc360.webp,其他/通用,.jpg,法律标准\标准\中频炉\src=http___img16.hc360.cn_16_busin_169_674_b_16-169674646.jpg&refer=http___img16.hc360.webp.jpg
,"u=272641257,2926494379&fm=253&fmt=auto&app=138&f=JPEG.webp",其他/通用,.jpg,"标准\玻璃\u=272641257,2926494379&fm=253&fmt=auto&app=138&f=JPEG.webp.jpg"
,userID,其他/通用,,法律标准\标准\userID
,xx化工硫酸储罐区安全管理措施,其他/通用,.xdf,法律标准\标准\酸\xx化工硫酸储罐区安全管理措施.xdf
,“两型三新”设计实施方案,其他/通用,.pdf,新标准\电力线路\“两型三新”设计实施方案.pdf
,“锂电池5条”重点内容检查表-锂电池安全生产日常检查表,其他/通用,.docx,锂电池资料\锂电池检查\电池危害及检查表\“锂电池5条”重点内容检查表-锂电池安全生产日常检查表.docx
,《中华人民共和国安全生产法》2020修正前后三版本对照表,其他/通用,.docx,法律标准\法律法规\《中华人民共和国安全生产法》2020修正前后三版本对照表.docx
,《关于对中央安全生产考核巡查发现我省问题举一反三深入整改落实的通知》,其他/通用,.pdf,111111\《关于对中央安全生产考核巡查发现我省问题举一反三深入整改落实的通知》.pdf
,《城镇燃气管理条例》2016年修订本(国务院第666号令),其他/通用,.docx,法律标准\法律法规\燃气\《城镇燃气管理条例》2016年修订本(国务院第666号令).docx
,《安全生产管理制度汇编》-商贸行业-商场、酒店业等,其他/通用,.doc,法律标准\法律法规\燃气\文件-杂货铺\《安全生产管理制度汇编》-商贸行业-商场、酒店业等.doc
,《安全生产管理制度汇编》-商贸行业-商场、酒店业等,其他/通用,.docx,法律标准\法律法规\燃气\文件-杂货铺\《安全生产管理制度汇编》-商贸行业-商场、酒店业等.docx
,《建设工程安全生产管理条例》,其他/通用,.pdf,法律标准\法律法规\建设工程\《建设工程安全生产管理条例》.pdf
,《建设工程质量管理条例》,其他/通用,.pdf,法律标准\法律法规\《建设工程质量管理条例》.pdf
,《水泥企业安全生产标准化评定标准》,其他/通用,.doc,法律标准\标准\水泥\《水泥企业安全生产标准化评定标准》.doc
,《水泥企业安全生产标准化评定标准》,其他/通用,.docx,法律标准\标准\水泥\《水泥企业安全生产标准化评定标准》.docx
,《淘汰落后生产能力、工艺和产品的目录》第一、二、三批,其他/通用,.doc,法律标准\法律法规\淘汰设备目录\《淘汰落后生产能力、工艺和产品的目录》第一、二、三批.doc
,《淘汰落后生产能力、工艺和产品的目录》第一、二、三批,其他/通用,.docx,法律标准\法律法规\淘汰设备目录\《淘汰落后生产能力、工艺和产品的目录》第一、二、三批.docx
,《照明设计手册》第三版,其他/通用,.pdf,法律标准\标准\安全管理\设计\《照明设计手册》第三版.pdf
,《照明设计手册》第二版,其他/通用,.pdf,法律标准\标准\安全管理\设计\《照明设计手册》第二版.pdf
,《特种作业人员安全技术培训考核管理规定》解析.,其他/通用,.doc,法律标准\法律法规\《特种作业人员安全技术培训考核管理规定》解析..doc
,《特种作业人员安全技术培训考核管理规定》解析.,其他/通用,.docx,法律标准\法律法规\《特种作业人员安全技术培训考核管理规定》解析..docx
,《电池生产企业安全检查表》,其他/通用,.doc,锂电池资料\锂电池检查\《电池生产企业安全检查表》.doc
,《电池生产企业安全检查表》,其他/通用,.docx,锂电池资料\锂电池检查\《电池生产企业安全检查表》.docx
,《石材圆盘切锯机》建材行业标准(JC／T827-2011-2012年7月1日实施),其他/通用,.pdf,法律标准\标准\石材加工\《石材圆盘切锯机》建材行业标准(JC／T827-2011-2012年7月1日实施).pdf
,【04】燃气安全检查表,其他/通用,.doc,111111\【04】燃气安全检查表.doc
,【04】燃气安全检查表,其他/通用,.docx,111111\【04】燃气安全检查表.docx
,【05】燃气安全检查重点,其他/通用,.pptx,111111\【05】燃气安全检查重点.pptx
,【农贸市场研究院】标准化农贸市场管理制度,其他/通用,.doc,法律标准\标准\商场\菜市场\【农贸市场研究院】标准化农贸市场管理制度.doc
,【农贸市场研究院】标准化农贸市场管理制度,其他/通用,.docx,法律标准\标准\商场\菜市场\【农贸市场研究院】标准化农贸市场管理制度.docx
,【精品】杜瓦瓶说明书,其他/通用,.pdf,法律标准\标准\杜瓦罐\【精品】杜瓦瓶说明书.pdf
,一人一档模板,其他/通用,.rar,新文件包\一人一档模板.rar
,三专两闭锁,其他/通用,.docx,法律标准\法律法规\其他参考\三专两闭锁.docx
,三相四线制和三相五线制的区别,其他/通用,.doc,法律标准\标准\三相四线制和三相五线制的区别.doc
,三相四线制和三相五线制的区别,其他/通用,.docx,法律标准\标准\三相四线制和三相五线制的区别.docx
,三融检查表--含制冷-速冻-重大-冷库-LNG,其他/通用,.docx,法律标准\标准\饲料\三融检查表--含制冷-速冻-重大-冷库-LNG.docx
,下载.webp,其他/通用,.jpg,新建文件夹\下载.webp.jpg
,下载1.webp,其他/通用,.jpg,新建文件夹\下载1.webp.jpg
,不可调节的液化石油器减压阀图片,其他/通用,.jpg,新建文件夹\不可调节的液化石油器减压阀图片.jpg
,不锈钢波纹管图片,其他/通用,.png,新建文件夹\不锈钢波纹管图片.png
,中共河北省委办公厅河北省人民政府办公厅关于进一步加强企业安全生产工作的意见,其他/通用,.doc,法律标准\法律法规\标准化\中共河北省委办公厅河北省人民政府办公厅关于进一步加强企业安全生产工作的意见.doc
,中共河北省委办公厅河北省人民政府办公厅关于进一步加强企业安全生产工作的意见,其他/通用,.docx,法律标准\法律法规\标准化\中共河北省委办公厅河北省人民政府办公厅关于进一步加强企业安全生产工作的意见.docx
,中华人民共和国公安部令,其他/通用,.docx,111111\中华人民共和国公安部令.docx
,中华人民共和国劳动-主席令[2007]65号,其他/通用,.doc,法律标准\法律法规\中华人民共和国劳动-主席令[2007]65号.doc
,中华人民共和国劳动-主席令[2007]65号,其他/通用,.docx,法律标准\法律法规\中华人民共和国劳动-主席令[2007]65号.docx
,中华人民共和国劳动合同法中华人民共和国主席令第六十五号,其他/通用,.docx,法律标准\法律法规\中华人民共和国劳动合同法中华人民共和国主席令第六十五号.docx
,中华人民共和国合同法,其他/通用,.docx,法律标准\法律法规\中华人民共和国合同法.docx
,中华人民共和国大气污染防治法-主席令[2016]31号,其他/通用,.doc,法律标准\法律法规\环境保护法律法规\中华人民共和国大气污染防治法-主席令[2016]31号.doc
,中华人民共和国大气污染防治法-主席令[2016]31号,其他/通用,.docx,法律标准\法律法规\环境保护法律法规\中华人民共和国大气污染防治法-主席令[2016]31号.docx
,中华人民共和国大气污染防治法主席令[2000]32号,其他/通用,.doc,法律标准\法律法规\环境保护法律法规\中华人民共和国大气污染防治法主席令[2000]32号.doc
,中华人民共和国大气污染防治法主席令[2000]32号,其他/通用,.docx,法律标准\法律法规\环境保护法律法规\中华人民共和国大气污染防治法主席令[2000]32号.docx
,中华人民共和国安全生产法,其他/通用,.docx,法律标准\标准\中华人民共和国安全生产法.docx
,中华人民共和国安全生产法-主席令[2014]13号,其他/通用,.doc,法律标准\法律法规\中华人民共和国安全生产法-主席令[2014]13号.doc
,中华人民共和国安全生产法-主席令[2014]13号,其他/通用,.docx,法律标准\法律法规\中华人民共和国安全生产法-主席令[2014]13号.docx
,中华人民共和国安全生产法（2021版）,其他/通用,.docx,新标准\中华人民共和国安全生产法（2021版）.docx
,中华人民共和国工业产品生产许可证管理条例2005,其他/通用,.doc,法律标准\法律法规\中华人民共和国工业产品生产许可证管理条例2005.doc
,中华人民共和国工业产品生产许可证管理条例2005,其他/通用,.docx,法律标准\法律法规\中华人民共和国工业产品生产许可证管理条例2005.docx
,中华人民共和国未成年人保护法-主席令[1991]50号,其他/通用,.doc,法律标准\法律法规\中华人民共和国未成年人保护法-主席令[1991]50号.doc
,中华人民共和国未成年人保护法-主席令[1991]50号,其他/通用,.docx,法律标准\法律法规\中华人民共和国未成年人保护法-主席令[1991]50号.docx
,中华人民共和国标准化法,其他/通用,.docx,法律标准\标准法\中华人民共和国标准化法.docx
,中华人民共和国标准化法-主席令[1988]11号,其他/通用,.doc,法律标准\法律法规\中华人民共和国标准化法-主席令[1988]11号.doc
,中华人民共和国标准化法-主席令[1988]11号,其他/通用,.docx,法律标准\法律法规\中华人民共和国标准化法-主席令[1988]11号.docx
,中华人民共和国标准化法实施条例1990,其他/通用,.doc,法律标准\法律法规\中华人民共和国标准化法实施条例1990.doc
,中华人民共和国标准化法实施条例1990,其他/通用,.docx,法律标准\法律法规\中华人民共和国标准化法实施条例1990.docx
,中华人民共和国水污染防治法(2017年6月27日第二次修正),其他/通用,.docx,法律标准\法律法规\环境保护法律法规\中华人民共和国水污染防治法(2017年6月27日第二次修正).docx
,中华人民共和国水污染防治法主席令[2008]87号,其他/通用,.docx,法律标准\法律法规\环境保护法律法规\中华人民共和国水污染防治法主席令[2008]87号.docx
,中华人民共和国水污染防治法实施细则2000,其他/通用,.doc,法律标准\法律法规\环境保护法律法规\中华人民共和国水污染防治法实施细则2000.doc
,中华人民共和国水污染防治法实施细则2000,其他/通用,.docx,法律标准\法律法规\环境保护法律法规\中华人民共和国水污染防治法实施细则2000.docx
,中华人民共和国水法（2016年7月修订）,其他/通用,.docx,法律标准\法律法规\环境保护法律法规\中华人民共和国水法（2016年7月修订）.docx
,中华人民共和国环境保护法-主席令[2015]9号,其他/通用,.doc,法律标准\法律法规\环境保护法律法规\中华人民共和国环境保护法-主席令[2015]9号.doc
,中华人民共和国环境保护法-主席令[2015]9号,其他/通用,.docx,法律标准\法律法规\环境保护法律法规\中华人民共和国环境保护法-主席令[2015]9号.docx
,中华人民共和国环境保护法2015年1月1日施行,其他/通用,.docx,法律标准\法律法规\环境保护法律法规\中华人民共和国环境保护法2015年1月1日施行.docx
,中华人民共和国环境保护税法实施条例2018年1月1日起施行,其他/通用,.docx,法律标准\法律法规\环境保护法律法规\中华人民共和国环境保护税法实施条例2018年1月1日起施行.docx
,中华人民共和国石油天然气管道保护法,其他/通用,.doc,法律标准\标准\参考资料\中华人民共和国石油天然气管道保护法.doc
,中华人民共和国石油天然气管道保护法,其他/通用,.docx,法律标准\标准\参考资料\中华人民共和国石油天然气管道保护法.docx
,中华人民共和国突发事件应对法-[主席令[2007]69号,其他/通用,.docx,法律标准\法律法规\中华人民共和国突发事件应对法-[主席令[2007]69号.docx
,中华人民共和国计量法-主席令[2014],其他/通用,.doc,法律标准\法律法规\中华人民共和国计量法-主席令[2014].doc
,中华人民共和国计量法-主席令[2014],其他/通用,.docx,法律标准\法律法规\中华人民共和国计量法-主席令[2014].docx
,中华人民共和国计量法实施细则1987,其他/通用,.doc,法律标准\法律法规\中华人民共和国计量法实施细则1987.doc
,中华人民共和国计量法实施细则1987,其他/通用,.docx,法律标准\法律法规\中华人民共和国计量法实施细则1987.docx
,中华人民共和国食品安全法-主席令[2015]21号,其他/通用,.doc,法律标准\法律法规\中华人民共和国食品安全法-主席令[2015]21号.doc
,中华人民共和国食品安全法-主席令[2015]21号,其他/通用,.docx,法律标准\法律法规\中华人民共和国食品安全法-主席令[2015]21号.docx
,中国石油天然气集团公司6项安全生产制度办法,其他/通用,.docx,法律标准\法律法规\集团规章\中国石油天然气集团公司6项安全生产制度办法.docx
,中国石油天然气集团公司HSE咨询师管理办法-安全[2015]258号,其他/通用,.doc,法律标准\法律法规\集团规章\中国石油天然气集团公司HSE咨询师管理办法-安全[2015]258号.doc
,中国石油天然气集团公司HSE咨询师管理办法-安全[2015]258号,其他/通用,.docx,法律标准\法律法规\集团规章\中国石油天然气集团公司HSE咨询师管理办法-安全[2015]258号.docx
,中国石油天然气集团公司HSE培训管理办法-人事[2009]35号,其他/通用,.pdf,法律标准\法律法规\集团规章\中国石油天然气集团公司HSE培训管理办法-人事[2009]35号.pdf
,中国石油天然气集团公司HSE审核员注册管理暂行规定-质安字[2000]第113号,其他/通用,.doc,法律标准\法律法规\集团规章\中国石油天然气集团公司HSE审核员注册管理暂行规定-质安字[2000]第113号.doc
,中国石油天然气集团公司HSE审核员注册管理暂行规定-质安字[2000]第113号,其他/通用,.docx,法律标准\法律法规\集团规章\中国石油天然气集团公司HSE审核员注册管理暂行规定-质安字[2000]第113号.docx
,中国石油天然气集团公司《安全监督资格证书》管理办法-质安字〔2004〕26号,其他/通用,.doc,法律标准\法律法规\集团规章\中国石油天然气集团公司《安全监督资格证书》管理办法-质安字〔2004〕26号.doc
,中国石油天然气集团公司《安全监督资格证书》管理办法-质安字〔2004〕26号,其他/通用,.docx,法律标准\法律法规\集团规章\中国石油天然气集团公司《安全监督资格证书》管理办法-质安字〔2004〕26号.docx
,中国石油天然气集团公司企业领导人员定点联系关键生产装置和要害部位（单位）管理办法-中油质安字〔2006〕740号,其他/通用,.doc,法律标准\法律法规\集团规章\中国石油天然气集团公司企业领导人员定点联系关键生产装置和要害部位（单位）管理办法-中油质安字〔2006〕740号.doc
,中国石油天然气集团公司企业领导人员定点联系关键生产装置和要害部位（单位）管理办法-中油质安字〔2006〕740号,其他/通用,.docx,法律标准\法律法规\集团规章\中国石油天然气集团公司企业领导人员定点联系关键生产装置和要害部位（单位）管理办法-中油质安字〔2006〕740号.docx
,中国石油天然气集团公司作业许可管理规定,其他/通用,.doc,法律标准\法律法规\集团规章\中国石油天然气集团公司作业许可管理规定.doc
,中国石油天然气集团公司作业许可管理规定,其他/通用,.docx,法律标准\法律法规\集团规章\中国石油天然气集团公司作业许可管理规定.docx
,中国石油天然气集团公司关于装置和要害部位（单位）安全管理办法-中油质安字〔1999〕第267号,其他/通用,.doc,法律标准\法律法规\集团规章\中国石油天然气集团公司关于装置和要害部位（单位）安全管理办法-中油质安字〔1999〕第267号.doc
,中国石油天然气集团公司关于装置和要害部位（单位）安全管理办法-中油质安字〔1999〕第267号,其他/通用,.docx,法律标准\法律法规\集团规章\中国石油天然气集团公司关于装置和要害部位（单位）安全管理办法-中油质安字〔1999〕第267号.docx
,中国石油天然气集团公司动火作业安全管理办法-安全[2014]86号,其他/通用,.doc,法律标准\法律法规\集团规章\中国石油天然气集团公司动火作业安全管理办法-安全[2014]86号.doc
,中国石油天然气集团公司动火作业安全管理办法-安全[2014]86号,其他/通用,.docx,法律标准\法律法规\集团规章\中国石油天然气集团公司动火作业安全管理办法-安全[2014]86号.docx
,中国石油天然气集团公司危险与可操作性分析工作管理规定-安全〔2010〕765号,其他/通用,.doc,法律标准\法律法规\集团规章\中国石油天然气集团公司危险与可操作性分析工作管理规定-安全〔2010〕765号.doc
,中国石油天然气集团公司危险与可操作性分析工作管理规定-安全〔2010〕765号,其他/通用,.docx,法律标准\法律法规\集团规章\中国石油天然气集团公司危险与可操作性分析工作管理规定-安全〔2010〕765号.docx
,中国石油天然气集团公司反违章禁令-中油安[2008]58号,其他/通用,.doc,法律标准\法律法规\集团规章\中国石油天然气集团公司反违章禁令-中油安[2008]58号.doc
,中国石油天然气集团公司反违章禁令-中油安[2008]58号,其他/通用,.docx,法律标准\法律法规\集团规章\中国石油天然气集团公司反违章禁令-中油安[2008]58号.docx
,中国石油天然气集团公司员工安全环保履职考评管理办法-中油安[2014]482号,其他/通用,.doc,法律标准\法律法规\集团规章\中国石油天然气集团公司员工安全环保履职考评管理办法-中油安[2014]482号.doc
,中国石油天然气集团公司员工安全环保履职考评管理办法-中油安[2014]482号,其他/通用,.docx,法律标准\法律法规\集团规章\中国石油天然气集团公司员工安全环保履职考评管理办法-中油安[2014]482号.docx
,中国石油天然气集团公司基层班组安全活动管理规定-安全[2015]258号,其他/通用,.doc,法律标准\法律法规\集团规章\中国石油天然气集团公司基层班组安全活动管理规定-安全[2015]258号.doc
,中国石油天然气集团公司基层班组安全活动管理规定-安全[2015]258号,其他/通用,.docx,法律标准\法律法规\集团规章\中国石油天然气集团公司基层班组安全活动管理规定-安全[2015]258号.docx
,中国石油天然气集团公司基层站队HSE标准化建设工作实施意见,其他/通用,.doc,法律标准\法律法规\集团规章\中国石油天然气集团公司基层站队HSE标准化建设工作实施意见.doc
,中国石油天然气集团公司基层站队HSE标准化建设工作实施意见,其他/通用,.docx,法律标准\法律法规\集团规章\中国石油天然气集团公司基层站队HSE标准化建设工作实施意见.docx
,中国石油天然气集团公司安全台账管理办法-质安字〔2000〕第123号,其他/通用,.doc,法律标准\法律法规\集团规章\中国石油天然气集团公司安全台账管理办法-质安字〔2000〕第123号.doc
,中国石油天然气集团公司安全台账管理办法-质安字〔2000〕第123号,其他/通用,.docx,法律标准\法律法规\集团规章\中国石油天然气集团公司安全台账管理办法-质安字〔2000〕第123号.docx
,中国石油天然气集团公司安全环保巡视工作管理办法-安字〔2007〕40号,其他/通用,.doc,法律标准\法律法规\集团规章\中国石油天然气集团公司安全环保巡视工作管理办法-安字〔2007〕40号.doc
,中国石油天然气集团公司安全环保巡视工作管理办法-安字〔2007〕40号,其他/通用,.docx,法律标准\法律法规\集团规章\中国石油天然气集团公司安全环保巡视工作管理办法-安字〔2007〕40号.docx
,中国石油天然气集团公司安全生产保证基金管理办法-中油质安字〔2005〕617号,其他/通用,.doc,法律标准\法律法规\集团规章\中国石油天然气集团公司安全生产保证基金管理办法-中油质安字〔2005〕617号.doc
,中国石油天然气集团公司安全生产保证基金管理办法-中油质安字〔2005〕617号,其他/通用,.docx,法律标准\法律法规\集团规章\中国石油天然气集团公司安全生产保证基金管理办法-中油质安字〔2005〕617号.docx
,中国石油天然气集团公司安全生产和环境保护指标考核细则-人事[2014]204号,其他/通用,.doc,法律标准\法律法规\集团规章\中国石油天然气集团公司安全生产和环境保护指标考核细则-人事[2014]204号.doc
,中国石油天然气集团公司安全生产和环境保护指标考核细则-人事[2014]204号,其他/通用,.docx,法律标准\法律法规\集团规章\中国石油天然气集团公司安全生产和环境保护指标考核细则-人事[2014]204号.docx
,中国石油天然气集团公司安全生产管理规定,其他/通用,.doc,法律标准\法律法规\集团规章\中国石油天然气集团公司安全生产管理规定.doc
,中国石油天然气集团公司安全生产管理规定,其他/通用,.docx,法律标准\法律法规\集团规章\中国石油天然气集团公司安全生产管理规定.docx
,中国石油天然气集团公司安全生产管理规定-中油质安字〔2004〕672号,其他/通用,.doc,法律标准\法律法规\集团规章\中国石油天然气集团公司安全生产管理规定-中油质安字〔2004〕672号.doc
,中国石油天然气集团公司安全生产管理规定-中油质安字〔2004〕672号,其他/通用,.docx,法律标准\法律法规\集团规章\中国石油天然气集团公司安全生产管理规定-中油质安字〔2004〕672号.docx
,中国石油天然气集团公司安全生产考核评比办法-中油质安字〔2005〕648号,其他/通用,.doc,法律标准\法律法规\集团规章\中国石油天然气集团公司安全生产考核评比办法-中油质安字〔2005〕648号.doc
,中国石油天然气集团公司安全生产考核评比办法-中油质安字〔2005〕648号,其他/通用,.docx,法律标准\法律法规\集团规章\中国石油天然气集团公司安全生产考核评比办法-中油质安字〔2005〕648号.docx
,中国石油天然气集团公司安全监督管理办法-中油安〔2010〕287号,其他/通用,.doc,法律标准\法律法规\集团规章\中国石油天然气集团公司安全监督管理办法-中油安〔2010〕287号.doc
,中国石油天然气集团公司安全监督管理办法-中油安〔2010〕287号,其他/通用,.docx,法律标准\法律法规\集团规章\中国石油天然气集团公司安全监督管理办法-中油安〔2010〕287号.docx
,中国石油天然气集团公司安全目视化管理规范-安全〔2009〕552号,其他/通用,.doc,法律标准\法律法规\集团规章\中国石油天然气集团公司安全目视化管理规范-安全〔2009〕552号.doc
,中国石油天然气集团公司安全目视化管理规范-安全〔2009〕552号,其他/通用,.docx,法律标准\法律法规\集团规章\中国石油天然气集团公司安全目视化管理规范-安全〔2009〕552号.docx
,中国石油天然气集团公司安全科技管理办法-中油质安字〔1999〕第194号,其他/通用,.doc,法律标准\法律法规\集团规章\中国石油天然气集团公司安全科技管理办法-中油质安字〔1999〕第194号.doc
,中国石油天然气集团公司安全科技管理办法-中油质安字〔1999〕第194号,其他/通用,.docx,法律标准\法律法规\集团规章\中国石油天然气集团公司安全科技管理办法-中油质安字〔1999〕第194号.docx
,中国石油天然气集团公司建设项目安全设施竣工验收管理暂行办法-安全[2015]171号,其他/通用,.doc,法律标准\法律法规\集团规章\中国石油天然气集团公司建设项目安全设施竣工验收管理暂行办法-安全[2015]171号.doc
,中国石油天然气集团公司建设项目安全设施竣工验收管理暂行办法-安全[2015]171号,其他/通用,.docx,法律标准\法律法规\集团规章\中国石油天然气集团公司建设项目安全设施竣工验收管理暂行办法-安全[2015]171号.docx
,中国石油天然气集团公司总部安全生产与环境保护管理职责规定-中油安[2014]14号,其他/通用,.doc,法律标准\法律法规\集团规章\中国石油天然气集团公司总部安全生产与环境保护管理职责规定-中油安[2014]14号.doc
,中国石油天然气集团公司总部安全生产与环境保护管理职责规定-中油安[2014]14号,其他/通用,.docx,法律标准\法律法规\集团规章\中国石油天然气集团公司总部安全生产与环境保护管理职责规定-中油安[2014]14号.docx
,中国石油天然气集团公司承包商安全监督管理办法-中油安〔2013〕483号,其他/通用,.doc,法律标准\法律法规\集团规章\中国石油天然气集团公司承包商安全监督管理办法-中油安〔2013〕483号.doc
,中国石油天然气集团公司承包商安全监督管理办法-中油安〔2013〕483号,其他/通用,.docx,法律标准\法律法规\集团规章\中国石油天然气集团公司承包商安全监督管理办法-中油安〔2013〕483号.docx
,中国石油天然气集团公司承包租赁安全管理办法,其他/通用,.doc,法律标准\法律法规\集团规章\中国石油天然气集团公司承包租赁安全管理办法.doc
,中国石油天然气集团公司承包租赁安全管理办法,其他/通用,.docx,法律标准\法律法规\集团规章\中国石油天然气集团公司承包租赁安全管理办法.docx
,中国石油天然气集团公司承包租赁安全管理办法-中油质安字〔2005〕406号,其他/通用,.doc,法律标准\法律法规\集团规章\中国石油天然气集团公司承包租赁安全管理办法-中油质安字〔2005〕406号.doc
,中国石油天然气集团公司承包租赁安全管理办法-中油质安字〔2005〕406号,其他/通用,.docx,法律标准\法律法规\集团规章\中国石油天然气集团公司承包租赁安全管理办法-中油质安字〔2005〕406号.docx
,中国石油天然气集团公司民用爆炸物品安全管理办法-中油质安字〔2005〕406号,其他/通用,.doc,法律标准\法律法规\集团规章\中国石油天然气集团公司民用爆炸物品安全管理办法-中油质安字〔2005〕406号.doc
,中国石油天然气集团公司民用爆炸物品安全管理办法-中油质安字〔2005〕406号,其他/通用,.docx,法律标准\法律法规\集团规章\中国石油天然气集团公司民用爆炸物品安全管理办法-中油质安字〔2005〕406号.docx
,中国石油天然气集团公司注册安全工程师管理暂行办法-人事〔2012〕320号,其他/通用,.doc,法律标准\法律法规\集团规章\中国石油天然气集团公司注册安全工程师管理暂行办法-人事〔2012〕320号.doc
,中国石油天然气集团公司注册安全工程师管理暂行办法-人事〔2012〕320号,其他/通用,.docx,法律标准\法律法规\集团规章\中国石油天然气集团公司注册安全工程师管理暂行办法-人事〔2012〕320号.docx
,中国石油天然气集团公司燃气业务安全监督管理办法-中油安[2015]176号,其他/通用,.doc,法律标准\法律法规\集团规章\中国石油天然气集团公司燃气业务安全监督管理办法-中油安[2015]176号.doc
,中国石油天然气集团公司燃气业务安全监督管理办法-中油安[2015]176号,其他/通用,.docx,法律标准\法律法规\集团规章\中国石油天然气集团公司燃气业务安全监督管理办法-中油安[2015]176号.docx
,中国石油天然气集团公司环境保护先进集体和个人评选奖励办法中油质安字〔2006〕745 号,其他/通用,.doc,法律标准\法律法规\集团规章\中国石油天然气集团公司环境保护先进集体和个人评选奖励办法中油质安字〔2006〕745 号.doc
,中国石油天然气集团公司环境保护先进集体和个人评选奖励办法中油质安字〔2006〕745 号,其他/通用,.docx,法律标准\法律法规\集团规章\中国石油天然气集团公司环境保护先进集体和个人评选奖励办法中油质安字〔2006〕745 号.docx
,中国石油天然气集团公司环境保护违纪违规行为处分规定（试行）中油质安字[2006]745号,其他/通用,.doc,法律标准\法律法规\集团规章\中国石油天然气集团公司环境保护违纪违规行为处分规定（试行）中油质安字[2006]745号.doc
,中国石油天然气集团公司环境保护违纪违规行为处分规定（试行）中油质安字[2006]745号,其他/通用,.docx,法律标准\法律法规\集团规章\中国石油天然气集团公司环境保护违纪违规行为处分规定（试行）中油质安字[2006]745号.docx
,中国石油天然气集团公司生产安全事件管理办法,其他/通用,.doc,法律标准\法律法规\集团规章\中国石油天然气集团公司生产安全事件管理办法.doc
,中国石油天然气集团公司生产安全事件管理办法,其他/通用,.docx,法律标准\法律法规\集团规章\中国石油天然气集团公司生产安全事件管理办法.docx
,中国石油天然气集团公司百万工时安全统计管理办法,其他/通用,.doc,法律标准\法律法规\集团规章\中国石油天然气集团公司百万工时安全统计管理办法.doc
,中国石油天然气集团公司百万工时安全统计管理办法,其他/通用,.docx,法律标准\法律法规\集团规章\中国石油天然气集团公司百万工时安全统计管理办法.docx
,中国石油天然气集团公司重大危险源管理办法-中油质安字〔2006〕740号,其他/通用,.doc,法律标准\法律法规\集团规章\中国石油天然气集团公司重大危险源管理办法-中油质安字〔2006〕740号.doc
,中国石油天然气集团公司重大危险源管理办法-中油质安字〔2006〕740号,其他/通用,.docx,法律标准\法律法规\集团规章\中国石油天然气集团公司重大危险源管理办法-中油质安字〔2006〕740号.docx
,中国石油天然气集团集团公司承包商安全管理禁令-中油安[2015]359号,其他/通用,.doc,法律标准\法律法规\集团规章\中国石油天然气集团集团公司承包商安全管理禁令-中油安[2015]359号.doc
,中国石油天然气集团集团公司承包商安全管理禁令-中油安[2015]359号,其他/通用,.docx,法律标准\法律法规\集团规章\中国石油天然气集团集团公司承包商安全管理禁令-中油安[2015]359号.docx
,中国石油装备安全体验中心管理暂行规定-制造函[2015]5号,其他/通用,.doc,法律标准\法律法规\集团规章\中国石油装备安全体验中心管理暂行规定-制造函[2015]5号.doc
,中国石油装备安全体验中心管理暂行规定-制造函[2015]5号,其他/通用,.docx,法律标准\法律法规\集团规章\中国石油装备安全体验中心管理暂行规定-制造函[2015]5号.docx
,中频炉检查表(1),其他/通用,.docx,法律标准\标准\中频炉\中频炉检查表(1).docx
,中频炉说明书,其他/通用,.zip,法律标准\标准\中频炉\中频炉说明书.zip
,中频电炉知识,其他/通用,.doc,新标准\中频电炉知识.doc
,中频电炉知识,其他/通用,.docx,新标准\中频电炉知识.docx
,中频设备检验大纲,其他/通用,.doc,法律标准\标准\中频设备检验大纲.doc
,中频设备检验大纲,其他/通用,.docx,法律标准\标准\中频设备检验大纲.docx
,九小场所,其他/通用,.xls,安全标准\九小场所.xls
,二级标准化制度审查意见,其他/通用,.jpg,新文件包\二级标准化制度审查意见.jpg
,亚威华.CNG减压撬工艺介绍,其他/通用,.docx,标准\燃气资料\亚威华.CNG减压撬工艺介绍.docx
,产业结构调整指导目录（2011年本，2013年修正）,其他/通用,.doc,法律标准\法律法规\产业结构\产业结构调整指导目录（2011年本，2013年修正）.doc
,产业结构调整指导目录（2011年本，2013年修正）,其他/通用,.docx,法律标准\法律法规\产业结构\产业结构调整指导目录（2011年本，2013年修正）.docx
,产业结构调整指导目录（2019年本）,其他/通用,.pdf,新文件包\产业结构调整指导目录（2019年本）.pdf
,什么是强制性标准和推荐性标准,其他/通用,.docx,法律标准\标准法\什么是强制性标准和推荐性标准.docx
,从业人员档案,其他/通用,.docx,新文件包\从业人员档案.docx
,仪表图形符号详解,其他/通用,.ppt,标准\燃气资料\仪表图形符号详解.ppt
,企业《燃气设计标准》,其他/通用,.docx,法律标准\标准\安全管理\设计\企业《燃气设计标准》.docx
,企业安全生产标准化建设定级办法,其他/通用,.docx,法律标准\标准\企业安全生产标准化建设定级办法.docx
,企业安全生产标准化自评报告,其他/通用,.doc,新标准\新增\企业安全生产标准化自评报告.doc
,企业安全生产标准化自评报告,其他/通用,.docx,新标准\新增\企业安全生产标准化自评报告.docx
,企业安全生产标准化评审单位的通知,其他/通用,.doc,法律标准\法律法规\标准化\企业安全生产标准化评审单位的通知.doc
,企业安全生产标准化评审单位的通知,其他/通用,.docx,法律标准\法律法规\标准化\企业安全生产标准化评审单位的通知.docx
,企业安全生产标准化评审收费参考标准.（省协会试行文件）,其他/通用,.pdf,新文件包\企业安全生产标准化评审收费参考标准.（省协会试行文件）.pdf
,企业安全生产费用提取和使用管理办法-财企〔2012〕16号,其他/通用,.doc,法律标准\法律法规\企业安全生产费用提取和使用管理办法-财企〔2012〕16号.doc
,企业安全生产费用提取和使用管理办法-财企〔2012〕16号,其他/通用,.docx,法律标准\法律法规\企业安全生产费用提取和使用管理办法-财企〔2012〕16号.docx
,会议纪要,其他/通用,.pdf,新文件包\会议纪要.pdf
,伸缩式喷漆房方案,其他/通用,.docx,新标准\伸缩式喷漆房方案.docx
,伸缩移动喷漆房方案设计的,其他/通用,.doc,新标准\伸缩移动喷漆房方案设计的.doc
,伸缩移动喷漆房方案设计的,其他/通用,.docx,新标准\伸缩移动喷漆房方案设计的.docx
,低压绝缘胶鞋,其他/通用,.doc,法律标准\标准\参考资料\低压绝缘胶鞋.doc
,低压绝缘胶鞋,其他/通用,.docx,法律标准\标准\参考资料\低压绝缘胶鞋.docx
,低温液体气化器危险源辨识,其他/通用,.docx,法律标准\标准\低温液体气化器危险源辨识.docx
,住房和城乡建设部办公厅关于加快排查整改燃气橡胶软管安全隐患的通知,其他/通用,.docx,新建文件夹\住房和城乡建设部办公厅关于加快排查整改燃气橡胶软管安全隐患的通知.docx
,住房和城乡建设部等部门关于加强,其他/通用,.docx,新建文件夹\住房和城乡建设部等部门关于加强.docx
,住房城乡建设部关于印发城镇燃气经营 安全重大隐患判定标准的通知-图片版,其他/通用,.pdf,新建文件夹\住房城乡建设部关于印发城镇燃气经营 安全重大隐患判定标准的通知-图片版.pdf
,住房城乡建设部关于印发城镇燃气经营安全重大隐患判定标准的通知,其他/通用,.docx,新建文件夹\住房城乡建设部关于印发城镇燃气经营安全重大隐患判定标准的通知.docx
,住房城乡建设部关于印发城镇燃气经营安全重大隐患判定标准的通知,其他/通用,.docx,补充标准\住房城乡建设部关于印发城镇燃气经营安全重大隐患判定标准的通知.docx
,住房城乡建设部关于印发城镇燃气经营安全重大隐患判定标准的通知建城规,其他/通用,.docx,新建文件夹\住房城乡建设部关于印发城镇燃气经营安全重大隐患判定标准的通知建城规.docx
,体育场所开放条件与技术要求,其他/通用,.doc,法律标准\标准\体育\体育场所开放条件与技术要求.doc
,体育场所开放条件与技术要求,其他/通用,.docx,法律标准\标准\体育\体育场所开放条件与技术要求.docx
,体育标准体系建设,其他/通用,.rar,法律标准\标准\体育标准体系建设.rar
,使用甲醇燃料（环保油）餐饮场所的安全规定,其他/通用,.pptx,课件\使用甲醇燃料（环保油）餐饮场所的安全规定.pptx
,使用说明,其他/通用,.txt,111111\newjyexpcyb\使用说明.txt
,光伏制造行业规范公告管理暂行办法(2021年本),其他/通用,.pdf,新标准\电力线路\光伏制造行业规范公告管理暂行办法(2021年本).pdf
,光伏制造行业规范条件(2021年本),其他/通用,.pdf,新标准\电力线路\光伏制造行业规范条件(2021年本).pdf
,光伏发电工程质量监督检查大纲 国能安全[2016]102号,其他/通用,.rar,新标准\电力线路\光伏发电工程质量监督检查大纲 国能安全[2016]102号.rar
,光伏电站接入电网测试规程_1,其他/通用,.rar,新标准\电力线路\光伏电站接入电网测试规程_1.rar
,光伏行业安全生产指导手册（最终）,其他/通用,.docx,电力\能源手册  承德\光伏行业安全生产指导手册（最终）.docx
,全国城镇燃气安全专项整治启动,其他/通用,.docx,新建文件夹\全国城镇燃气安全专项整治启动.docx
,全国城镇燃气安全专项整治燃气管理部门专项方案,其他/通用,.docx,新建文件夹\全国城镇燃气安全专项整治燃气管理部门专项方案.docx
,全电熔玻璃循环水,其他/通用,.jpg,标准\玻璃\全电熔玻璃循环水.jpg
,全电熔玻璃炉窑,其他/通用,.docx,标准\玻璃\全电熔玻璃炉窑.docx
,全电熔玻璃窑,其他/通用,.doc,标准\玻璃\全电熔玻璃窑.doc
,全电熔玻璃窑,其他/通用,.docx,标准\玻璃\全电熔玻璃窑.docx
,全电熔玻璃窑,其他/通用,.pdf,标准123\全电熔玻璃窑.pdf
,公共体育场馆建设标准,其他/通用,.doc,法律标准\标准\体育\公共体育场馆建设标准.doc
,公共体育场馆建设标准,其他/通用,.docx,法律标准\标准\体育\公共体育场馆建设标准.docx
,公共文化体育设施条例,其他/通用,.doc,法律标准\标准\体育\公共文化体育设施条例.doc
,公共文化体育设施条例,其他/通用,.docx,法律标准\标准\体育\公共文化体育设施条例.docx
,关于《国家电网公司输变电工程提高使用寿命设计指导意见》对结构设计的影响之探讨,其他/通用,.pdf,新标准\电力线路\关于《国家电网公司输变电工程提高使用寿命设计指导意见》对结构设计的影响之探讨.pdf
,关于修改燃气经营许可管理办法的通知建城规,其他/通用,.docx,新建文件夹\关于修改燃气经营许可管理办法的通知建城规.docx
,关于全市禁止非法生产,其他/通用,.docx,法律标准\标准\醇基燃料\关于全市禁止非法生产.docx
,关于加强企业安全生产诚信体系建设的指导意见-安委〔2014〕8号,其他/通用,.docx,法律标准\法律法规\关于加强企业安全生产诚信体系建设的指导意见-安委〔2014〕8号.docx
,关于加强建设项目安全设施“三同时”工作的通知的通知,其他/通用,.doc,法律标准\法律法规\燃气\文件-杂货铺\关于加强建设项目安全设施“三同时”工作的通知的通知.doc
,关于加强建设项目安全设施“三同时”工作的通知的通知,其他/通用,.docx,法律标准\法律法规\燃气\文件-杂货铺\关于加强建设项目安全设施“三同时”工作的通知的通知.docx
,关于加强行业建设项目安全设施“三同时”监管工作的文件,其他/通用,.doc,法律标准\法律法规\燃气\文件-杂货铺\关于加强行业建设项目安全设施“三同时”监管工作的文件.doc
,关于加强行业建设项目安全设施“三同时”监管工作的文件,其他/通用,.docx,法律标准\法律法规\燃气\文件-杂货铺\关于加强行业建设项目安全设施“三同时”监管工作的文件.docx
,关于加强醇基燃料液体安全监管的通知义安办,其他/通用,.docx,法律标准\标准\醇基燃料\关于加强醇基燃料液体安全监管的通知义安办.docx
,关于印发《承德市工商贸行业安全生产三级标准化监管工作实施细则》的通知(1),其他/通用,.docx,新法规\关于印发《承德市工商贸行业安全生产三级标准化监管工作实施细则》的通知(1).docx
,关于印发《河北省企业安全生产费用提取和、使用监督管理办法》的通知,其他/通用,.doc,法律标准\法律法规\关于印发《河北省企业安全生产费用提取和、使用监督管理办法》的通知.doc
,关于印发《河北省企业安全生产费用提取和、使用监督管理办法》的通知,其他/通用,.docx,法律标准\法律法规\关于印发《河北省企业安全生产费用提取和、使用监督管理办法》的通知.docx
,关于印发企业安全生产责任体系五落实五到位规定的通知-安监总办〔2015〕27号,其他/通用,.docx,法律标准\法律法规\关于印发企业安全生产责任体系五落实五到位规定的通知-安监总办〔2015〕27号.docx
,关于印发全省涉氨制冷企业液氨使用专项治理实施方案的通知,其他/通用,.doc,法律标准\法律法规\涉氨\关于印发全省涉氨制冷企业液氨使用专项治理实施方案的通知.doc
,关于印发全省涉氨制冷企业液氨使用专项治理实施方案的通知,其他/通用,.docx,法律标准\法律法规\涉氨\关于印发全省涉氨制冷企业液氨使用专项治理实施方案的通知.docx
,关于印发天津市安全生产标准化建设实施方案的通知,其他/通用,.doc,法律标准\法律法规\天津法规\关于印发天津市安全生产标准化建设实施方案的通知.doc
,关于印发天津市安全生产标准化建设实施方案的通知,其他/通用,.docx,法律标准\法律法规\天津法规\关于印发天津市安全生产标准化建设实施方案的通知.docx
,关于天然气管道与电力电缆间距相关规定(个人整理使用-仅供参考),其他/通用,.doc,法律标准\标准\燃气\关于天然气管道与电力电缆间距相关规定(个人整理使用-仅供参考).doc
,关于天然气管道与电力电缆间距相关规定(个人整理使用-仅供参考),其他/通用,.docx,法律标准\标准\燃气\关于天然气管道与电力电缆间距相关规定(个人整理使用-仅供参考).docx
,关于开展安全质量标准化活动的指导意见,其他/通用,.doc,法律标准\法律法规\标准化\关于开展安全质量标准化活动的指导意见.doc
,关于开展安全质量标准化活动的指导意见,其他/通用,.docx,法律标准\法律法规\标准化\关于开展安全质量标准化活动的指导意见.docx
,关于开展重大危险源监督管理工作的指导意见(2004年56号令),其他/通用,.doc,法律标准\法律法规\标准化\关于开展重大危险源监督管理工作的指导意见(2004年56号令).doc
,关于开展重大危险源监督管理工作的指导意见(2004年56号令),其他/通用,.docx,法律标准\法律法规\标准化\关于开展重大危险源监督管理工作的指导意见(2004年56号令).docx
,关于报送208年度安全生产标准化创建达标企业专项资金奖励的通知1,其他/通用,.png,法律标准\法律法规\天津法规\关于报送208年度安全生产标准化创建达标企业专项资金奖励的通知1.png
,关于报送208年度安全生产标准化创建达标企业专项资金奖励的通知2,其他/通用,.png,法律标准\法律法规\天津法规\关于报送208年度安全生产标准化创建达标企业专项资金奖励的通知2.png
,关于电动机配置戈兰的说明,其他/通用,.pdf,法律标准\标准\关于电动机配置戈兰的说明.pdf
,关于白酒制造企业安全生产监管工作,其他/通用,.docx,新文件包\2021.6月以后\关于白酒制造企业安全生产监管工作.docx
,关于落实建设工程安全生产监理责任的若干意见,其他/通用,.doc,新法规\关于落实建设工程安全生产监理责任的若干意见.doc
,关于落实建设工程安全生产监理责任的若干意见,其他/通用,.docx,新法规\关于落实建设工程安全生产监理责任的若干意见.docx
,关于规范企业安全生产标准化咨询工作的通知津安协标,其他/通用,.doc,法律标准\法律法规\天津法规\关于规范企业安全生产标准化咨询工作的通知津安协标.doc
,关于规范企业安全生产标准化咨询工作的通知津安协标,其他/通用,.docx,法律标准\法律法规\天津法规\关于规范企业安全生产标准化咨询工作的通知津安协标.docx
,关于转发《关于燃气安全许可有关问题的复函》的通知,其他/通用,.pdf,法律标准\标准\燃气\关于转发《关于燃气安全许可有关问题的复函》的通知.pdf
,关于进一步加强企业安全生产工作的通知-国发【2010】23号文件,其他/通用,.doc,法律标准\法律法规\关于进一步加强企业安全生产工作的通知-国发【2010】23号文件.doc
,关于进一步加强企业安全生产工作的通知-国发【2010】23号文件,其他/通用,.docx,法律标准\法律法规\关于进一步加强企业安全生产工作的通知-国发【2010】23号文件.docx
,关于进一步加强和规范全省重大危险源监管,其他/通用,.docx,法律标准\标准\危险源\关于进一步加强和规范全省重大危险源监管.docx
,关于进一步加强和规范全省重大危险源监管工作的通知河北省安全生产监督管理局,其他/通用,.docx,法律标准\标准\危险源\关于进一步加强和规范全省重大危险源监管工作的通知河北省安全生产监督管理局.docx
,关于进一步规范安全生产标准化相关申报材料的通知津安协标1【2018】3号,其他/通用,.png,法律标准\法律法规\天津法规\关于进一步规范安全生产标准化相关申报材料的通知津安协标1【2018】3号.png
,关于进一步规范安全生产标准化相关申报材料的通知津安协标2【2018】3号,其他/通用,.png,法律标准\法律法规\天津法规\关于进一步规范安全生产标准化相关申报材料的通知津安协标2【2018】3号.png
,关于醇基燃料安全监管有关问题的复1,其他/通用,.docx,法律标准\标准\醇基燃料\关于醇基燃料安全监管有关问题的复1.docx
,关于醇基燃料安全监管有关问题的复函,其他/通用,.docx,法律标准\标准\醇基燃料\关于醇基燃料安全监管有关问题的复函.docx
,关于集中开展醇基液体燃料安全专项整治的通知,其他/通用,.docx,法律标准\标准\醇基燃料\关于集中开展醇基液体燃料安全专项整治的通知.docx
,关于颁发强制检定的工作计量器具实施检定的有关规定,其他/通用,.docx,法律标准\标准\污水\关于颁发强制检定的工作计量器具实施检定的有关规定.docx
,兴兴木加工IMG_20200503_084712,其他/通用,.jpg,法律标准\标准\木材加工\兴兴木加工\兴兴木加工IMG_20200503_084712.jpg
,兴兴木加工IMG_20200503_085604,其他/通用,.jpg,法律标准\标准\木材加工\兴兴木加工\兴兴木加工IMG_20200503_085604.jpg
,兴兴木加工IMG_20200503_085840,其他/通用,.jpg,法律标准\标准\木材加工\兴兴木加工\兴兴木加工IMG_20200503_085840.jpg
,兴兴木加工IMG_20200503_090912,其他/通用,.jpg,法律标准\标准\木材加工\兴兴木加工\兴兴木加工IMG_20200503_090912.jpg
,兴兴木加工IMG_20200503_091034,其他/通用,.jpg,法律标准\标准\木材加工\兴兴木加工\兴兴木加工IMG_20200503_091034.jpg
,兴兴木加工IMG_20200503_091112,其他/通用,.jpg,法律标准\标准\木材加工\兴兴木加工\兴兴木加工IMG_20200503_091112.jpg
,兴兴木加工IMG_20200503_091150,其他/通用,.jpg,法律标准\标准\木材加工\兴兴木加工\兴兴木加工IMG_20200503_091150.jpg
,兴兴木加工IMG_20200503_091603,其他/通用,.jpg,法律标准\标准\木材加工\兴兴木加工\兴兴木加工IMG_20200503_091603.jpg
,兴兴木加工IMG_20200503_091812,其他/通用,.jpg,法律标准\标准\木材加工\兴兴木加工\兴兴木加工IMG_20200503_091812.jpg
,兴兴木加工IMG_20200503_091838,其他/通用,.jpg,法律标准\标准\木材加工\兴兴木加工\兴兴木加工IMG_20200503_091838.jpg
,兴兴木加工IMG_20200503_091932,其他/通用,.jpg,法律标准\标准\木材加工\兴兴木加工\兴兴木加工IMG_20200503_091932.jpg
,兴兴木加工IMG_20200503_092829,其他/通用,.jpg,法律标准\标准\木材加工\兴兴木加工\兴兴木加工IMG_20200503_092829.jpg
,兴兴木加工IMG_20200503_092934,其他/通用,.jpg,法律标准\标准\木材加工\兴兴木加工\兴兴木加工IMG_20200503_092934.jpg
,兴兴木加工IMG_20200503_092941,其他/通用,.jpg,法律标准\标准\木材加工\兴兴木加工\兴兴木加工IMG_20200503_092941.jpg
,兴兴木加工IMG_20200503_093109,其他/通用,.jpg,法律标准\标准\木材加工\兴兴木加工\兴兴木加工IMG_20200503_093109.jpg
,兴兴木加工IMG_20200503_093308,其他/通用,.jpg,法律标准\标准\木材加工\兴兴木加工\兴兴木加工IMG_20200503_093308.jpg
,兴兴木加工IMG_20200503_093704,其他/通用,.jpg,法律标准\标准\木材加工\兴兴木加工\兴兴木加工IMG_20200503_093704.jpg
,兴兴木加工IMG_20200503_093753,其他/通用,.jpg,法律标准\标准\木材加工\兴兴木加工\兴兴木加工IMG_20200503_093753.jpg
,兴兴木加工IMG_20200503_094011,其他/通用,.jpg,法律标准\标准\木材加工\兴兴木加工\兴兴木加工IMG_20200503_094011.jpg
,兴兴木加工IMG_20200503_094038,其他/通用,.jpg,法律标准\标准\木材加工\兴兴木加工\兴兴木加工IMG_20200503_094038.jpg
,兴兴木加工IMG_20200503_094300,其他/通用,.jpg,法律标准\标准\木材加工\兴兴木加工\兴兴木加工IMG_20200503_094300.jpg
,兴兴木加工IMG_20200503_094431,其他/通用,.jpg,法律标准\标准\木材加工\兴兴木加工\兴兴木加工IMG_20200503_094431.jpg
,兴兴木加工IMG_20200503_094528,其他/通用,.jpg,法律标准\标准\木材加工\兴兴木加工\兴兴木加工IMG_20200503_094528.jpg
,兴兴木加工IMG_20200503_095540,其他/通用,.jpg,法律标准\标准\木材加工\兴兴木加工\兴兴木加工IMG_20200503_095540.jpg
,兴兴木加工IMG_20200503_095615,其他/通用,.jpg,法律标准\标准\木材加工\兴兴木加工\兴兴木加工IMG_20200503_095615.jpg
,兴兴木加工IMG_20200503_095633,其他/通用,.jpg,法律标准\标准\木材加工\兴兴木加工\兴兴木加工IMG_20200503_095633.jpg
,兴兴木加工IMG_20200503_100336,其他/通用,.jpg,法律标准\标准\木材加工\兴兴木加工\兴兴木加工IMG_20200503_100336.jpg
,兴兴木加工IMG_20200503_100425,其他/通用,.jpg,法律标准\标准\木材加工\兴兴木加工\兴兴木加工IMG_20200503_100425.jpg
,兴兴木加工IMG_20200503_100626,其他/通用,.jpg,法律标准\标准\木材加工\兴兴木加工\兴兴木加工IMG_20200503_100626.jpg
,冀安协【2018】37号 (1)(1),其他/通用,.doc,法律标准\法律法规\燃气\文件-杂货铺\冀安协【2018】37号 (1)(1).doc
,冀安协【2018】37号 (1)(1),其他/通用,.docx,法律标准\法律法规\燃气\文件-杂货铺\冀安协【2018】37号 (1)(1).docx
,农副食品加工业卫生防护距离 第1部分 屠宰及肉类加工业,其他/通用,.xdf,法律标准\标准\安全管理\农副食品加工业卫生防护距离 第1部分 屠宰及肉类加工业.xdf
,冷库设计规范,其他/通用,.pdf,法律标准\标准\冷库设计规范.pdf
,劳保用品使用标准——防尘口罩、防毒面具,其他/通用,.docx,法律标准\法律法规\其他参考\劳保用品使用标准——防尘口罩、防毒面具.docx
,劳动保障监察条例2004,其他/通用,.doc,法律标准\法律法规\劳动保障监察条例2004.doc
,劳动保障监察条例2004,其他/通用,.docx,法律标准\法律法规\劳动保障监察条例2004.docx
,劳动密集型加工企业安全生产八条规定,其他/通用,.docx,法律标准\法律法规\劳动密集型加工企业安全生产八条规定.docx
,化工仪表图形符号详解干货,其他/通用,.pdf,新标准\新增\化工仪表图形符号详解干货.pdf
,化工工艺流程图符号图例,其他/通用,.ppt,标准\燃气资料\化工工艺流程图符号图例.ppt
,化工建设项目安全设计管理导则,其他/通用,.xdf,法律标准\标准\安全管理\设计\化工建设项目安全设计管理导则.xdf
,化工经营企业安全生产标准化评定标准,其他/通用,.doc,法律标准\标准\新建文件夹\化工经营企业安全生产标准化评定标准.doc
,化工经营企业安全生产标准化评定标准,其他/通用,.docx,法律标准\标准\新建文件夹\化工经营企业安全生产标准化评定标准.docx
,化工行业常用符号,其他/通用,.xls,标准\燃气资料\化工行业常用符号.xls
,化工设计常用管道仪表流程图物料代号和缩写词中国石化,其他/通用,.docx,标准\燃气资料\化工设计常用管道仪表流程图物料代号和缩写词中国石化.docx
,北京安全生产等级评定--旅游景区,其他/通用,.pdf,法律标准\标准\北京安全生产等级评定技术规范\北京安全生产等级评定--旅游景区.pdf
,北京安全生产等级评定--景区,其他/通用,.pdf,法律标准\标准\北京安全生产等级评定技术规范\北京安全生产等级评定--景区.pdf
,北京安全生产等级评定--木材加工,其他/通用,.pdf,法律标准\标准\北京安全生产等级评定技术规范\北京安全生产等级评定--木材加工.pdf
,北京安全生产等级评定--酒类制造,其他/通用,.pdf,法律标准\标准\北京安全生产等级评定技术规范\北京安全生产等级评定--酒类制造.pdf
,北京安全生产等级评定技术污水处理,其他/通用,.pdf,法律标准\标准\北京安全生产等级评定技术规范\北京安全生产等级评定技术污水处理.pdf
,北京安全生产等级评定技术规范 第63部分：燃气和水力发电企业,其他/通用,.pdf,法律标准\标准\北京安全生产等级评定技术规范\北京安全生产等级评定技术规范 第63部分：燃气和水力发电企业.pdf
,医用中心供氧系统通用技术条件,其他/通用,.doc,法律标准\标准\设备设施\医用\医用中心供氧系统通用技术条件.doc
,医用中心供氧系统通用技术条件,其他/通用,.docx,法律标准\标准\设备设施\医用\医用中心供氧系统通用技术条件.docx
,升降机,其他/通用,.docx,标准\升降机\升降机.docx
,南通市锂电池生产企业全流程安全技术规范,其他/通用,.docx,锂电池资料\锂电池检查\南通市锂电池生产企业全流程安全技术规范.docx
,危险危害因素必须向企业员工公示,其他/通用,.doc,法律标准\法律法规\危险危害因素必须向企业员工公示.doc
,危险危害因素必须向企业员工公示,其他/通用,.docx,法律标准\法律法规\危险危害因素必须向企业员工公示.docx
,危险废物贮存污染控制标准,其他/通用,.docx,法律标准\标准\危险废物贮存污染控制标准.docx
,卷扬机排绳器与限位装置,其他/通用,.docx,法律标准\标准\水泥\卷扬机排绳器与限位装置.docx
,卷扬机排绳器与限位装置,其他/通用,.pdf,法律标准\标准\水泥\卷扬机排绳器与限位装置.pdf
,压力表分类检验周期,其他/通用,.doc,法律标准\标准\压力表分类检验周期.doc
,压力表分类检验周期,其他/通用,.docx,法律标准\标准\压力表分类检验周期.docx
,叉车检验检测报告,其他/通用,.doc,111111\叉车检验检测报告.doc
,叉车检验检测报告,其他/通用,.docx,111111\叉车检验检测报告.docx
,双桥区一厂一策统计1111,其他/通用,.doc,新文件包\双桥区一厂一策统计1111.doc
,双桥区一厂一策统计1111,其他/通用,.docx,新文件包\双桥区一厂一策统计1111.docx
,双重预防机制对企业安全管理提升的意义,其他/通用,.docx,新标准\新增\双重预防机制对企业安全管理提升的意义.docx
,双重预防机制对企业安全管理提升的意义,其他/通用,.pdf,新标准\新增\双重预防机制对企业安全管理提升的意义.pdf
,取水许可和水资源费征收管理条例2006,其他/通用,.doc,法律标准\法律法规\环境保护法律法规\取水许可和水资源费征收管理条例2006.doc
,取水许可和水资源费征收管理条例2006,其他/通用,.docx,法律标准\法律法规\环境保护法律法规\取水许可和水资源费征收管理条例2006.docx
,各类防护指南,其他/通用,.doc,法律标准\法律法规\各类防护指南.doc
,各类防护指南,其他/通用,.docx,法律标准\法律法规\各类防护指南.docx
,吊运熔融金属安全规程,其他/通用,.pdf,法律标准\标准\吊运熔融金属安全规程.pdf
,呼吸防护 压缩空气呼吸器安全使用维护技术规范,其他/通用,.pdf,安全标准\呼吸防护 压缩空气呼吸器安全使用维护技术规范.pdf
,商务部标准化菜市场设置与管理规范,其他/通用,.doc,法律标准\标准\商场\菜市场\商务部标准化菜市场设置与管理规范.doc
,商务部标准化菜市场设置与管理规范,其他/通用,.docx,法律标准\标准\商场\菜市场\商务部标准化菜市场设置与管理规范.docx
,喷涂作业相关不符合,其他/通用,.docx,新文件包\喷涂作业相关不符合.docx
,回火1,其他/通用,.jpg,新建文件夹\回火1.jpg
,固体废物鉴别导则(2006.4),其他/通用,.doc,法律标准\法律法规\环境保护法律法规\固体废物鉴别导则(2006.4).doc
,固体废物鉴别导则(2006.4),其他/通用,.docx,法律标准\法律法规\环境保护法律法规\固体废物鉴别导则(2006.4).docx
,固体废物鉴别导则国家环保总局公告 2006年 第11号,其他/通用,.pdf,法律标准\法律法规\环境保护法律法规\固体废物鉴别导则国家环保总局公告 2006年 第11号.pdf
,国务院令第591号,其他/通用,.docx,法律标准\法律法规\燃气\文件-杂货铺\国务院令第591号.docx
,国务院关于取消和下放一批行政审批项目等事项的决定 国发[2013]19号,其他/通用,.doc,法律标准\法律法规\行政许可规范\国务院关于取消和下放一批行政审批项目等事项的决定 国发[2013]19号.doc
,国务院关于取消和下放一批行政审批项目等事项的决定 国发[2013]19号,其他/通用,.docx,法律标准\法律法规\行政许可规范\国务院关于取消和下放一批行政审批项目等事项的决定 国发[2013]19号.docx
,国务院关于取消和调整一批行政审批项目的事项的决定 国发[2015]11号,其他/通用,.doc,法律标准\法律法规\行政许可规范\国务院关于取消和调整一批行政审批项目的事项的决定 国发[2015]11号.doc
,国务院关于取消和调整一批行政审批项目的事项的决定 国发[2015]11号,其他/通用,.docx,法律标准\法律法规\行政许可规范\国务院关于取消和调整一批行政审批项目的事项的决定 国发[2015]11号.docx
,国务院关于取消和调整一批行政审批项目等事项的决定 国发[2014]27号,其他/通用,.doc,法律标准\法律法规\行政许可规范\国务院关于取消和调整一批行政审批项目等事项的决定 国发[2014]27号.doc
,国务院关于取消和调整一批行政审批项目等事项的决定 国发[2014]27号,其他/通用,.docx,法律标准\法律法规\行政许可规范\国务院关于取消和调整一批行政审批项目等事项的决定 国发[2014]27号.docx
,国务院关于取消和调整一批行政审批项目等事项的决定 国发[2014]50号,其他/通用,.doc,法律标准\法律法规\行政许可规范\国务院关于取消和调整一批行政审批项目等事项的决定 国发[2014]50号.doc
,国务院关于取消和调整一批行政审批项目等事项的决定 国发[2014]50号,其他/通用,.docx,法律标准\法律法规\行政许可规范\国务院关于取消和调整一批行政审批项目等事项的决定 国发[2014]50号.docx
,国务院关于取消非行政许可审批事项的决-国发[2015]27号,其他/通用,.doc,法律标准\法律法规\行政许可规范\国务院关于取消非行政许可审批事项的决-国发[2015]27号.doc
,国务院关于取消非行政许可审批事项的决-国发[2015]27号,其他/通用,.docx,法律标准\法律法规\行政许可规范\国务院关于取消非行政许可审批事项的决-国发[2015]27号.docx
,国务院关于环境保护工作的决定1984,其他/通用,.doc,法律标准\法律法规\环境保护法律法规\国务院关于环境保护工作的决定1984.doc
,国务院关于环境保护工作的决定1984,其他/通用,.docx,法律标准\法律法规\环境保护法律法规\国务院关于环境保护工作的决定1984.docx
,国务院关于第一批清理规范89项国务院部门行政审批中介服务事项的决定,其他/通用,.doc,法律标准\法律法规\行政许可规范\国务院关于第一批清理规范89项国务院部门行政审批中介服务事项的决定.doc
,国务院关于第一批清理规范89项国务院部门行政审批中介服务事项的决定,其他/通用,.docx,法律标准\法律法规\行政许可规范\国务院关于第一批清理规范89项国务院部门行政审批中介服务事项的决定.docx
,国务院关于第三批清理规范,其他/通用,.docx,新法规\国务院关于第三批清理规范.docx
,国务院关于第三批清理规范国务院部门行政审批中介服务事项的决定 国发[2017]8号,其他/通用,.doc,法律标准\法律法规\行政许可规范\国务院关于第三批清理规范国务院部门行政审批中介服务事项的决定 国发[2017]8号.doc
,国务院关于第三批清理规范国务院部门行政审批中介服务事项的决定 国发[2017]8号,其他/通用,.docx,法律标准\法律法规\行政许可规范\国务院关于第三批清理规范国务院部门行政审批中介服务事项的决定 国发[2017]8号.docx
,国务院关于第二批取消152项中央指定地方实施行政审批事项的决定国发[2016]9号,其他/通用,.doc,法律标准\法律法规\行政许可规范\国务院关于第二批取消152项中央指定地方实施行政审批事项的决定国发[2016]9号.doc
,国务院关于第二批取消152项中央指定地方实施行政审批事项的决定国发[2016]9号,其他/通用,.docx,法律标准\法律法规\行政许可规范\国务院关于第二批取消152项中央指定地方实施行政审批事项的决定国发[2016]9号.docx
,国务院关于进一步加强企业安全生产工作的通知国发23号文,其他/通用,.doc,法律标准\法律法规\标准化\国务院关于进一步加强企业安全生产工作的通知国发23号文.doc
,国务院关于进一步加强企业安全生产工作的通知国发23号文,其他/通用,.docx,法律标准\法律法规\标准化\国务院关于进一步加强企业安全生产工作的通知国发23号文.docx
,国务院关于进一步加强安全生产工作的决定,其他/通用,.doc,法律标准\法律法规\国务院关于进一步加强安全生产工作的决定.doc
,国务院关于进一步加强安全生产工作的决定,其他/通用,.docx,法律标准\法律法规\国务院关于进一步加强安全生产工作的决定.docx
,国务院关于进一步加强安全生产工作的决定,其他/通用,.doc,法律标准\法律法规\标准化\国务院关于进一步加强安全生产工作的决定.doc
,国务院关于进一步加强安全生产工作的决定,其他/通用,.docx,法律标准\法律法规\标准化\国务院关于进一步加强安全生产工作的决定.docx
,国务院关于进一步加强环境保护工作的决定,其他/通用,.doc,法律标准\法律法规\环境保护法律法规\国务院关于进一步加强环境保护工作的决定.doc
,国务院关于进一步加强环境保护工作的决定,其他/通用,.docx,法律标准\法律法规\环境保护法律法规\国务院关于进一步加强环境保护工作的决定.docx
,国务院办公厅关于加强节能标准化工作的意见2015,其他/通用,.docx,法律标准\法律法规\国务院办公厅关于加强节能标准化工作的意见2015.docx
,国务院办公厅关于深化安全生产专项整治工作的通知,其他/通用,.doc,法律标准\法律法规\国务院办公厅关于深化安全生产专项整治工作的通知.doc
,国务院办公厅关于深化安全生产专项整治工作的通知,其他/通用,.docx,法律标准\法律法规\国务院办公厅关于深化安全生产专项整治工作的通知.docx
,国务院办公厅关于进一步推进安全生产“三项行动”的通知2009,其他/通用,.doc,法律标准\法律法规\国务院办公厅关于进一步推进安全生产“三项行动”的通知2009.doc
,国务院办公厅关于进一步推进安全生产“三项行动”的通知2009,其他/通用,.docx,法律标准\法律法规\国务院办公厅关于进一步推进安全生产“三项行动”的通知2009.docx
,国务院安全生产委员会关于印发《全国城镇燃气安全专项整治工作方案》的通知,其他/通用,.docx,新建文件夹\国务院安全生产委员会关于印发《全国城镇燃气安全专项整治工作方案》的通知.docx
,国务院安委会关于深入开展企业安全生产标准化建设的指导意见,其他/通用,.doc,法律标准\法律法规\标准化\国务院安委会关于深入开展企业安全生产标准化建设的指导意见.doc
,国务院安委会关于深入开展企业安全生产标准化建设的指导意见,其他/通用,.docx,法律标准\法律法规\标准化\国务院安委会关于深入开展企业安全生产标准化建设的指导意见.docx
,国务院安委会关于深入开展涉氨制冷企业-液氨使用专项治理的通知,其他/通用,.doc,法律标准\法律法规\涉氨\国务院安委会关于深入开展涉氨制冷企业-液氨使用专项治理的通知.doc
,国务院安委会关于深入开展涉氨制冷企业-液氨使用专项治理的通知,其他/通用,.docx,法律标准\法律法规\涉氨\国务院安委会关于深入开展涉氨制冷企业-液氨使用专项治理的通知.docx
,国务院安委会关于深入开展餐饮场所燃气安全专项治理的通知安委,其他/通用,.docx,新建文件夹\国务院安委会关于深入开展餐饮场所燃气安全专项治理的通知安委.docx
,国务院安委会办公室关于涉氨制冷企业液氨使用专项治理工作情况的通报安委办,其他/通用,.docx,法律标准\法律法规\燃气\文件-杂货铺\国务院安委会办公室关于涉氨制冷企业液氨使用专项治理工作情况的通报安委办.docx
,国安监局36号-建设项目安全设施“三同时”监督管理办法-2015年5月1日,其他/通用,.docx,法律标准\法律法规\燃气\文件-杂货铺\国安监局36号-建设项目安全设施“三同时”监督管理办法-2015年5月1日.docx
,国家体育总局关于印发,其他/通用,.docx,法律标准\法律法规\燃气\文件-杂货铺\国家体育总局关于印发.docx
,国家安全生产监督管理总局令 第59号,其他/通用,.docx,法律标准\法律法规\燃气\文件-杂货铺\国家安全生产监督管理总局令 第59号.docx
,国家安全生产监督管理总局第36号令-经国家局77号令修改后版本,其他/通用,.doc,新文件包\国家安全生产监督管理总局第36号令-经国家局77号令修改后版本.doc
,国家安全生产监督管理总局第36号令-经国家局77号令修改后版本,其他/通用,.docx,新文件包\国家安全生产监督管理总局第36号令-经国家局77号令修改后版本.docx
,国家安全生产监督管理总局第36号令-经国家局77号令修改后版本,其他/通用,.doc,法律标准\法律法规\燃气\文件-杂货铺\国家安全生产监督管理总局第36号令-经国家局77号令修改后版本.doc
,国家安全生产监督管理总局第36号令-经国家局77号令修改后版本,其他/通用,.docx,法律标准\法律法规\燃气\文件-杂货铺\国家安全生产监督管理总局第36号令-经国家局77号令修改后版本.docx
,国家安全监管总局关于修改和废止部分规章及规范性文件的决定,其他/通用,.docx,新文件包\2021.6月以后\国家安全监管总局关于修改和废止部分规章及规范性文件的决定.docx
,国家安全监管总局关于修改和废止部分规章及规范性文件的决定   安监总局令89号,其他/通用,.docx,法律标准\法律法规\国家安全监管总局关于修改和废止部分规章及规范性文件的决定   安监总局令89号.docx
,国家安全监管总局关于修改生产经营单位安全培训规定等11件规章的决定安监总局令第63号,其他/通用,.doc,法律标准\法律法规\培训\国家安全监管总局关于修改生产经营单位安全培训规定等11件规章的决定安监总局令第63号.doc
,国家安全监管总局关于修改生产经营单位安全培训规定等11件规章的决定安监总局令第63号,其他/通用,.docx,法律标准\法律法规\培训\国家安全监管总局关于修改生产经营单位安全培训规定等11件规章的决定安监总局令第63号.docx
,国家安全监管总局关于做好特种作业做好特种作业(电工)整合工作有关事项的通知,其他/通用,.docx,法律标准\法律法规\国家安全监管总局关于做好特种作业做好特种作业(电工)整合工作有关事项的通知.docx
,国家安全监管总局关于做好特种作业电工整合工作有关事项的通知,其他/通用,.docx,法律标准\标准\新建文件夹\国家安全监管总局关于做好特种作业电工整合工作有关事项的通知.docx
,国家安全监管总局关于印发企业安全生产标准化评审工作管理办法,其他/通用,.docx,法律标准\法律法规\国家安全监管总局关于印发企业安全生产标准化评审工作管理办法.docx
,国家安全监管总局关于印发企业安全生产标准化评审工作管理办法,其他/通用,.doc,法律标准\法律法规\标准化\国家安全监管总局关于印发企业安全生产标准化评审工作管理办法.doc
,国家安全监管总局关于印发企业安全生产标准化评审工作管理办法,其他/通用,.docx,法律标准\法律法规\标准化\国家安全监管总局关于印发企业安全生产标准化评审工作管理办法.docx
,国家安全监管总局关于宣布失效一批安全生产文件的通知安监总办2016 13号,其他/通用,.docx,法律标准\法律法规\国家安全监管总局关于宣布失效一批安全生产文件的通知安监总办2016 13号.docx
,国家安监总局77号令,其他/通用,.docx,法律标准\法律法规\燃气\文件-杂货铺\国家安监总局77号令.docx
,国家安监总局令1-64号-目录,其他/通用,.doc,法律标准\法律法规\其他参考\国家安监总局令1-64号-目录.doc
,国家安监总局令1-64号-目录,其他/通用,.docx,法律标准\法律法规\其他参考\国家安监总局令1-64号-目录.docx
,国家电网公司光伏电站接入电网技术规定(试行) 国家电网发展[2009]747号,其他/通用,.rar,新标准\电力线路\国家电网公司光伏电站接入电网技术规定(试行) 国家电网发展[2009]747号.rar
,国家电网公司电力安全工作规程2009,其他/通用,.rar,新标准\电力线路\国家电网公司电力安全工作规程2009.rar
,国家电网公司输变电工程工艺标准库,其他/通用,.rar,新标准\电力线路\国家电网公司输变电工程工艺标准库.rar
,国家电网基建〔2006〕699号—关于印发《国家电网公司工程建设质量管理规定(试行)》的通知,其他/通用,.pdf,法律标准\标准\线路\国家电网基建〔2006〕699号—关于印发《国家电网公司工程建设质量管理规定(试行)》的通知.pdf
,国家能源局关于印发《电力二次系统安全管理若干规定》的通知__国能发安全规〔2022〕92号,其他/通用,.doc,电力\国家能源局关于印发《电力二次系统安全管理若干规定》的通知__国能发安全规〔2022〕92号.doc
,国家能源局关于印发《电力二次系统安全管理若干规定》的通知__国能发安全规〔2022〕92号,其他/通用,.docx,电力\国家能源局关于印发《电力二次系统安全管理若干规定》的通知__国能发安全规〔2022〕92号.docx
,国网（基建2）173-2019国家电网有限公司基建安全管理规定,其他/通用,.pdf,新标准\电力线路\国网（基建2）173-2019国家电网有限公司基建安全管理规定.pdf
,土十条-国发[2016]31号,其他/通用,.doc,法律标准\法律法规\环境保护法律法规\土十条-国发[2016]31号.doc
,土十条-国发[2016]31号,其他/通用,.docx,法律标准\法律法规\环境保护法律法规\土十条-国发[2016]31号.docx
,在省政府2号令专项执法行动动员会上的讲话,其他/通用,.docx,法律标准\法律法规\培训\天津所用法规\天津政策\在省政府2号令专项执法行动动员会上的讲话.docx
,地方标准管理办法,其他/通用,.doc,法律标准\法律法规\地方标准管理办法.doc
,地方标准管理办法,其他/通用,.docx,法律标准\法律法规\地方标准管理办法.docx
,地标 中频炉安全使用技术规范,其他/通用,.pdf,新标准\地标 中频炉安全使用技术规范.pdf
,城市污水处理厂管道和设备色标,其他/通用,.xdf,法律标准\标准\污水\城市污水处理厂管道和设备色标.xdf
,城市污水处理工程项目建设标准(修订),其他/通用,.xdf,法律标准\标准\法规标准补充\城市污水处理工程项目建设标准(修订).xdf
,城镇污水排入排水管网许可管理办法,其他/通用,.docx,法律标准\法律法规\环境保护法律法规\城镇污水排入排水管网许可管理办法.docx
,城镇燃气设计规范50025-2006（2020修订）,其他/通用,.pdf,法律标准\标准\燃气\城镇燃气\城镇燃气设计规范50025-2006（2020修订）.pdf
,堆垛机变频器参数汇总表V0.8（更新施耐德变频器参数路径）,其他/通用,.xls,安全标准\堆垛机\3.变频器参数表\堆垛机变频器参数汇总表V0.8（更新施耐德变频器参数路径）.xls
,堆垛机维护手册(1),其他/通用,.pdf,安全标准\堆垛机\堆垛机维护手册(1).pdf
,大吨位玻璃电熔炉的漏料防护系统,其他/通用,.pdf,法律标准\标准\玻璃\玻璃1\大吨位玻璃电熔炉的漏料防护系统.pdf
,天津市企业安全生产标准化评审工作暂行管理办法,其他/通用,.docx,法律标准\法律法规\培训\天津所用法规\天津政策\天津市企业安全生产标准化评审工作暂行管理办法.docx
,天津市企业安全生产标准化评审工作暂行管理办法,其他/通用,.doc,法律标准\法律法规\天津法规\天津市企业安全生产标准化评审工作暂行管理办法.doc
,天津市企业安全生产标准化评审工作暂行管理办法,其他/通用,.docx,法律标准\法律法规\天津法规\天津市企业安全生产标准化评审工作暂行管理办法.docx
,天津市关于其他行业安全生产标准化评审工作管理办法的通知,其他/通用,.docx,法律标准\法律法规\培训\天津所用法规\天津政策\天津市关于其他行业安全生产标准化评审工作管理办法的通知.docx
,天津市安全生产条例,其他/通用,.doc,法律标准\法律法规\天津法规\天津市安全生产条例.doc
,天津市安全生产条例,其他/通用,.docx,法律标准\法律法规\天津法规\天津市安全生产条例.docx
,天津市安全生产条例2017年1月1日执行,其他/通用,.docx,法律标准\法律法规\天津法规\天津市安全生产条例2017年1月1日执行.docx
,天津市安全生产标准化初步审核标准.docx,其他/通用,.docx,法律标准\法律法规\天津法规\天津市安全生产标准化初步审核标准.docx.docx
,天津市安全生产标准化评审材料报送模板.rar,其他/通用,.rar,法律标准\法律法规\天津法规\天津市安全生产标准化评审材料报送模板.rar.rar
,天津市安全生产管理规定,其他/通用,.doc,法律标准\法律法规\天津法规\天津市安全生产管理规定.doc
,天津市安全生产管理规定,其他/通用,.docx,法律标准\法律法规\天津法规\天津市安全生产管理规定.docx
,天津市经济和信息化委员会关于印发,其他/通用,.doc,法律标准\法律法规\河北省\天津市经济和信息化委员会关于印发.doc
,天津市经济和信息化委员会关于印发,其他/通用,.docx,法律标准\法律法规\河北省\天津市经济和信息化委员会关于印发.docx
,天津市集贸市场管理办法,其他/通用,.docx,法律标准\标准\商场\天津市集贸市场管理办法.docx
,天然气相关法规及标准,其他/通用,.doc,法律标准\标准\燃气\天然气相关法规及标准.doc
,天然气相关法规及标准,其他/通用,.docx,法律标准\标准\燃气\天然气相关法规及标准.docx
,天然气长输管道行业安全生产指导手册（最终）,其他/通用,.docx,电力\能源手册  承德\天然气长输管道行业安全生产指导手册（最终）.docx
,姜文源-《消规》疑问问题改定版,其他/通用,.pptx,法律标准\法律法规\其他参考\姜文源-《消规》疑问问题改定版.pptx
,安全培训机构基本条件,其他/通用,.pdf,法律标准\标准\安全培训机构基本条件.pdf
,安全教育培训档案,其他/通用,.doc,法律标准\法律法规\培训\安全教育培训档案.doc
,安全教育培训档案,其他/通用,.docx,法律标准\法律法规\培训\安全教育培训档案.docx
,安全生产培训管理办法,其他/通用,.docx,新文件包\安全生产培训管理办法.docx
,安全生产培训管理办法 安监总局令第44号,其他/通用,.doc,法律标准\法律法规\培训\安全生产培训管理办法 安监总局令第44号.doc
,安全生产培训管理办法 安监总局令第44号,其他/通用,.docx,法律标准\法律法规\培训\安全生产培训管理办法 安监总局令第44号.docx
,安全生产标准化咨询人员名单,其他/通用,.docx,法律标准\法律法规\天津法规\安全生产标准化咨询人员名单.docx
,安全生产标准化咨询人员名单2,其他/通用,.doc,法律标准\法律法规\天津法规\安全生产标准化咨询人员名单2.doc
,安全生产标准化咨询人员名单2,其他/通用,.docx,法律标准\法律法规\天津法规\安全生产标准化咨询人员名单2.docx
,安全生产标准化咨询单位名单,其他/通用,.docx,法律标准\法律法规\天津法规\安全生产标准化咨询单位名单.docx
,安全生产标准化咨询单位名单1,其他/通用,.doc,法律标准\法律法规\天津法规\安全生产标准化咨询单位名单1.doc
,安全生产标准化咨询单位名单1,其他/通用,.docx,法律标准\法律法规\天津法规\安全生产标准化咨询单位名单1.docx
,安全生产法,其他/通用,.doc,新法规\安全生产法.doc
,安全生产法,其他/通用,.docx,新法规\安全生产法.docx
,安全生产法,其他/通用,.docx,法律标准\标准\新建文件夹\安全生产法.docx
,安全生产法律法规全书（2023版）,其他/通用,.docx,新法规\安全生产法律法规全书（2023版）.docx
,安全生产法律法规汇编,其他/通用,.doc,新文件包\安全生产法律法规汇编.doc
,安全生产法律法规汇编,其他/通用,.docx,新文件包\安全生产法律法规汇编.docx
,安全生产等级评定技术规范第65部分污水处理企业,其他/通用,.xdf,法律标准\标准\污水\安全生产等级评定技术规范第65部分污水处理企业.xdf
,安全生产许可证条例-国务院令[2004]397号,其他/通用,.doc,法律标准\法律法规\安全生产许可证条例-国务院令[2004]397号.doc
,安全生产许可证条例-国务院令[2004]397号,其他/通用,.docx,法律标准\法律法规\安全生产许可证条例-国务院令[2004]397号.docx
,安全生产费用提取和使用管理办法财资〔2022〕136号全文,其他/通用,.docx,安全标准\安全生产费用提取和使用管理办法财资〔2022〕136号全文.docx
,安全监管部门中央指定地方实施行政审批事项目录,其他/通用,.doc,法律标准\法律法规\行政许可规范\安全监管部门中央指定地方实施行政审批事项目录.doc
,安全监管部门中央指定地方实施行政审批事项目录,其他/通用,.docx,法律标准\法律法规\行政许可规范\安全监管部门中央指定地方实施行政审批事项目录.docx
,安全色和安全标志,其他/通用,.pdf,安全标准\安全色和安全标志.pdf
,安全警示标志大全,其他/通用,.doc,法律标准\标准\安全警示标志大全.doc
,安全警示标志大全,其他/通用,.docx,法律标准\标准\安全警示标志大全.docx
,安全警示标志大全 (1),其他/通用,.doc,法律标准\标准\安全警示标志大全 (1).doc
,安全警示标志大全 (1),其他/通用,.docx,法律标准\标准\安全警示标志大全 (1).docx
,安全警示标识涉及的法规标准汇总,其他/通用,.doc,法律标准\标准\安全警示标识涉及的法规标准汇总.doc
,安全警示标识涉及的法规标准汇总,其他/通用,.docx,法律标准\标准\安全警示标识涉及的法规标准汇总.docx
,安全门开关结构动作原理分析,其他/通用,.pdf,111111\安全门开关结构动作原理分析.pdf
,安全阀进出口管道设计,其他/通用,.doc,新文件包\补充法规\安全阀进出口管道设计.doc
,安全阀进出口管道设计,其他/通用,.docx,新文件包\补充法规\安全阀进出口管道设计.docx
,安监总局36号和77号令的对比,其他/通用,.doc,法律标准\法律法规\燃气\文件-杂货铺\安监总局36号和77号令的对比.doc
,安监总局36号和77号令的对比,其他/通用,.docx,法律标准\法律法规\燃气\文件-杂货铺\安监总局36号和77号令的对比.docx
,安监总局40号令——重大危险源分级方法,其他/通用,.doc,法律标准\标准\危险源\安监总局40号令——重大危险源分级方法.doc
,安监总局40号令——重大危险源分级方法,其他/通用,.docx,法律标准\标准\危险源\安监总局40号令——重大危险源分级方法.docx
,室内消火栓及室外消火栓的布置间距和要求,其他/通用,.doc,法律标准\标准\室内消火栓及室外消火栓的布置间距和要求.doc
,室内消火栓及室外消火栓的布置间距和要求,其他/通用,.docx,法律标准\标准\室内消火栓及室外消火栓的布置间距和要求.docx
,对TSG ZF001-2006《安全阀安全技术监察规程》的修订意见,其他/通用,.rar,新文件包\补充法规\对TSG ZF001-2006《安全阀安全技术监察规程》的修订意见.rar
,封面,其他/通用,.jpg,法律标准\标准\中频炉\中频炉说明书\封面.jpg
,小型LNG气化站工艺设计简介,其他/通用,.rar,法律标准\标准\LNG\小型LNG气化站工艺设计简介.rar
,山东省环境保护厅关于醇基燃料使用范围和执行标准有关问题的复函,其他/通用,.pdf,法律标准\标准\醇基燃料\山东省环境保护厅关于醇基燃料使用范围和执行标准有关问题的复函.pdf
,山东省轻工行业企业柴油储存和使用安全指南,其他/通用,.docx,111111\山东省轻工行业企业柴油储存和使用安全指南.docx
,工业企业卫生防护距离标准汇总表(2012版),其他/通用,.docx,法律标准\法律法规\燃气\文件-杂货铺\工业企业卫生防护距离标准汇总表(2012版).docx
,工业企业常见安全隐患整改对应依据标准,其他/通用,.docx,安全标准\工业企业常见安全隐患整改对应依据标准.docx
,工业企业燃气使用安全基本要求指引,其他/通用,.docx,补充标准\工业企业燃气使用安全基本要求指引.docx
,工业机器人安全作业规范,其他/通用,.pptx,机器人\工业机器人安全作业规范.pptx
,工业机器人安全操作规范,其他/通用,.pdf,机器人\工业机器人安全操作规范.pdf
,工业机器人安全防护装置,其他/通用,.docx,机器人\工业机器人安全防护装置.docx
,工业盐酸安全技术说明,其他/通用,.doc,法律标准\标准\酸\工业盐酸安全技术说明.doc
,工业盐酸安全技术说明,其他/通用,.docx,法律标准\标准\酸\工业盐酸安全技术说明.docx
,工商贸行业双重预防机制建设工作方案（2019年9月）(2),其他/通用,.doc,新文件包\工商贸行业双重预防机制建设工作方案（2019年9月）(2).doc
,工商贸行业双重预防机制建设工作方案（2019年9月）(2),其他/通用,.docx,新文件包\工商贸行业双重预防机制建设工作方案（2019年9月）(2).docx
,市场监管总局关于调整,其他/通用,.docx,法律标准\标准\计量\市场监管总局关于调整.docx
,市安全监管局关于修改天津市建设项目安全设施三同时监督管理暂行办法的通知,其他/通用,.docx,法律标准\法律法规\天津法规\市安全监管局关于修改天津市建设项目安全设施三同时监督管理暂行办法的通知.docx
,市安全监管局关于印发天津市安全生产行政审批事项事中事后监管暂行办法的通知,其他/通用,.docx,法律标准\法律法规\培训\天津所用法规\天津政策\市安全监管局关于印发天津市安全生产行政审批事项事中事后监管暂行办法的通知.docx
,市安全监管局关于废止部分文件的通知,其他/通用,.docx,法律标准\法律法规\培训\天津所用法规\天津政策\市安全监管局关于废止部分文件的通知.docx
,市安全监管局关于废止部分行政规范性文件的通知,其他/通用,.docx,法律标准\法律法规\培训\天津所用法规\天津政策\市安全监管局关于废止部分行政规范性文件的通知.docx
,市安全监管局关于开展2018年安全工程专业技术职称评审工作的通知,其他/通用,.docx,法律标准\法律法规\培训\天津所用法规\天津政策\市安全监管局关于开展2018年安全工程专业技术职称评审工作的通知.docx
,市安全监管局转发,其他/通用,.docx,法律标准\法律法规\培训\天津所用法规\天津政策\市安全监管局转发.docx
,市安委会办公室关于做好2018年度预防硫化氢中毒工作的通知,其他/通用,.docx,法律标准\法律法规\培训\天津所用法规\天津政策\市安委会办公室关于做好2018年度预防硫化氢中毒工作的通知.docx
,市安委会办公室关于做好2018年度预防硫化氢中毒工作的通知,其他/通用,.docx,法律标准\法律法规\天津法规\市安委会办公室关于做好2018年度预防硫化氢中毒工作的通知.docx
,市安委会办公室转发国务院安委会办公室关于开展涉氨制冷企业液氨使用专项治理验收工作的通知,其他/通用,.docx,法律标准\法律法规\培训\天津所用法规\天津政策\市安委会办公室转发国务院安委会办公室关于开展涉氨制冷企业液氨使用专项治理验收工作的通知.docx
,市安委会办公室转发国务院安委会办公室关于涉氨制冷企业液氨使用专项治理工作情况的通报的通知,其他/通用,.docx,法律标准\法律法规\培训\天津所用法规\天津政策\市安委会办公室转发国务院安委会办公室关于涉氨制冷企业液氨使用专项治理工作情况的通报的通知.docx
,市安委会办公室转发国务院安委办关于明查暗访福建省涉氨制冷企业液氨使用专项治理情况的通报和关于明查暗访湖南省涉氨制冷企业液氨使用专项治理情况的通报的通知津安办,其他/通用,.docx,法律标准\法律法规\培训\天津所用法规\天津政策\市安委会办公室转发国务院安委办关于明查暗访福建省涉氨制冷企业液氨使用专项治理情况的通报和关于明查暗访湖南省涉氨制冷企业液氨使用专项治理情况的通报的通知津安办.docx
,带你走进神秘的“LNG气化站”,其他/通用,.docx,LNG\带你走进神秘的“LNG气化站”.docx
,带你走进神秘的“LNG气化站”,其他/通用,.pdf,LNG\带你走进神秘的“LNG气化站”.pdf
,废旧动力电池回收利用 拆解处理规范,其他/通用,.pdf,锂电池资料\电池\废旧动力电池回收利用 拆解处理规范.pdf
,废旧动力电池回收利用 拆解处理规范,其他/通用,.docx,锂电池资料\电池其他\新建文件夹\废旧动力电池回收利用 拆解处理规范.docx
,建材行业较大危险因素辨识与防范指导手册(1),其他/通用,.docx,111111\新建文件夹 (2)(1)\新建文件夹 (2)\建材行业较大危险因素辨识与防范指导手册(1).docx
,建材行业较大危险因素辨识与防范指导手册(1)(1),其他/通用,.pdf,水泥\建材行业较大危险因素辨识与防范指导手册(1)(1).pdf
,建标 142-2010 生活垃圾焚烧处理工程项目建设标准,其他/通用,.rar,垃圾焚烧\垃圾发电补充1\建标 142-2010 生活垃圾焚烧处理工程项目建设标准.rar
,建标 148-2010 小城镇污水处理工程建设标准,其他/通用,.rar,新标准\建标 148-2010 小城镇污水处理工程建设标准.rar
,建标 148-2010 小城镇污水处理工程建设标准,其他/通用,.pdf,新标准\建标 148-2010 小城镇污水处理工程建设标准\建标 148-2010 小城镇污水处理工程建设标准.pdf
,建标151-2011：城镇液化天然气厂站建设标准,其他/通用,.xdf,法律标准\标准\重大危险源\建标151-2011：城镇液化天然气厂站建设标准.xdf
,建标[2001]77-号城市污水处理工程项目建设标准,其他/通用,.pdf,法律标准\标准\污水\建标[2001]77-号城市污水处理工程项目建设标准.pdf
,建标_148-2010_小城镇污水处理工程建设标准(附条文说明),其他/通用,.xdf,法律标准\标准\法规标准补充\建标_148-2010_小城镇污水处理工程建设标准(附条文说明).xdf
,建设工程安全生产管理条例 中华人民共和国国务院令第393号,其他/通用,.docx,法律标准\法律法规\建设工程安全生产管理条例 中华人民共和国国务院令第393号.docx
,建设工程安全生产管理条例条文释义定稿版,其他/通用,.docx,新标准\新增\建设工程安全生产管理条例条文释义定稿版.docx
,建设项目安全设施“三同时”监督管理办法(77号令),其他/通用,.pdf,法律标准\法律法规\燃气\文件-杂货铺\建设项目安全设施“三同时”监督管理办法(77号令).pdf
,建设项目安全设施“三同时”监督管理办法(总局令第36号),其他/通用,.doc,法律标准\法律法规\燃气\文件-杂货铺\建设项目安全设施“三同时”监督管理办法(总局令第36号).doc
,建设项目安全设施“三同时”监督管理办法(总局令第36号),其他/通用,.docx,法律标准\法律法规\燃气\文件-杂货铺\建设项目安全设施“三同时”监督管理办法(总局令第36号).docx
,建设项目安全设施“三同时”监督管理办法(根据77号令修改),其他/通用,.doc,法律标准\法律法规\燃气\文件-杂货铺\建设项目安全设施“三同时”监督管理办法(根据77号令修改).doc
,建设项目安全设施“三同时”监督管理办法(根据77号令修改),其他/通用,.docx,法律标准\法律法规\燃气\文件-杂货铺\建设项目安全设施“三同时”监督管理办法(根据77号令修改).docx
,建设项目安全设施“三同时”监督管理暂行办法-安监总局令[2010]3-号,其他/通用,.docx,法律标准\法律法规\建设项目安全设施“三同时”监督管理暂行办法-安监总局令[2010]3-号.docx
,强制性国家标准管理办法,其他/通用,.doc,法律标准\法律法规\强制性国家标准管理办法.doc
,强制性国家标准管理办法,其他/通用,.docx,法律标准\法律法规\强制性国家标准管理办法.docx
,强制检定计量,其他/通用,.docx,新标准\强制检定计量.docx
,强制计量目录2020,其他/通用,.pdf,新法规\强制计量目录2020.pdf
,强检目录,其他/通用,.pdf,新标准\强检目录.pdf
,录像14_20200617213124,其他/通用,.mp4,法律标准\标准\法规标准补充\录像14_20200617213124.mp4
,御道口-塞罕坝220kV线路工程初步设计资料(1),其他/通用,.rar,新标准\电力线路\工程设计\御道口-塞罕坝220kV线路工程初步设计资料(1).rar
,微信图片_20191106074529,其他/通用,.jpg,法律标准\标准\皮带\微信图片_20191106074529.jpg
,微信图片_201911060745291,其他/通用,.jpg,法律标准\标准\皮带\微信图片_201911060745291.jpg
,微信图片_20191106074530,其他/通用,.jpg,法律标准\标准\皮带\微信图片_20191106074530.jpg
,成都市菜市场标准化建设标准,其他/通用,.docx,法律标准\标准\商场\菜市场\成都市菜市场标准化建设标准.docx
,成都市菜市场标准化建设标准(88号文),其他/通用,.doc,法律标准\标准\商场\菜市场\成都市菜市场标准化建设标准(88号文).doc
,成都市菜市场标准化建设标准(88号文),其他/通用,.docx,法律标准\标准\商场\菜市场\成都市菜市场标准化建设标准(88号文).docx
,我对新版《建规》《水消规》部分条文的理解,其他/通用,.ppt,法律标准\法律法规\其他参考\我对新版《建规》《水消规》部分条文的理解.ppt
,承大水泥现场问题汇总（王强）(1),其他/通用,.doc,法律标准\标准\中频炉\中频炉说明书\承大水泥现场问题汇总（王强）(1).doc
,承大水泥现场问题汇总（王强）(1),其他/通用,.docx,法律标准\标准\中频炉\中频炉说明书\承大水泥现场问题汇总（王强）(1).docx
,承市安办字[2019]52号,其他/通用,.doc,新文件包\承市安办字[2019]52号.doc
,承市安办字[2019]52号,其他/通用,.docx,新文件包\承市安办字[2019]52号.docx
,承德市工商贸行业安全生产三级标准化,其他/通用,.docx,新法规\承德市工商贸行业安全生产三级标准化.docx
,承德江钻自评表(1),其他/通用,.doc,新标准\新增\承德江钻自评表(1).doc
,承德江钻自评表(1),其他/通用,.docx,新标准\新增\承德江钻自评表(1).docx
,某某企业,其他/通用,.docx,法律标准\标准\垃圾\新建文件夹\某某企业.docx
,承德高新区安全生产监管责任清单承高管字〔2025〕9号,其他/通用,.pdf,安全标准\承德高新区安全生产监管责任清单承高管字〔2025〕9号.pdf
,抛丸机技术条件,其他/通用,.pdf,111111\抛丸机技术条件.pdf
,抽水蓄能发电行业安全生产指导手册（最终）,其他/通用,.docx,电力\能源手册  承德\抽水蓄能发电行业安全生产指导手册（最终）.docx
,排污单位环境管理台账及排污许可证执行报告技术规范 总则,其他/通用,.docx,法律标准\法律法规\环境保护法律法规\排污单位环境管理台账及排污许可证执行报告技术规范 总则.docx
,排污许可管理办法2018年1月10日施行,其他/通用,.docx,法律标准\法律法规\环境保护法律法规\排污许可管理办法2018年1月10日施行.docx
,排污许可管理条例国务院令736,其他/通用,.pdf,新文件包\排污许可管理条例国务院令736.pdf
,排污费征收使用管理条例2003,其他/通用,.doc,法律标准\法律法规\环境保护法律法规\排污费征收使用管理条例2003.doc
,排污费征收使用管理条例2003,其他/通用,.docx,法律标准\法律法规\环境保护法律法规\排污费征收使用管理条例2003.docx
,探测器.webp,其他/通用,.jpg,新建文件夹\探测器.webp.jpg
,探测器1.webp,其他/通用,.jpg,新建文件夹\探测器1.webp.jpg
,插床安全操作规程,其他/通用,.doc,新标准\插床安全操作规程.doc
,插床安全操作规程,其他/通用,.docx,新标准\插床安全操作规程.docx
,插床工安全技术操作规程,其他/通用,.docx,新标准\插床工安全技术操作规程.docx
,撬装注意事项,其他/通用,.docx,新标准\撬装\撬装注意事项.docx
,文件1：关于协同开展工业企业涉重点环保设施和项目安全治理工作的通知（冀环执法函 〔2022〕726号）,其他/通用,.pdf,新标准\文件1：关于协同开展工业企业涉重点环保设施和项目安全治理工作的通知（冀环执法函 〔2022〕726号）.pdf
,文档1,其他/通用,.docx,法律标准\标准\汇流排\文档1.docx
,斜井和斜坡道是怎么区分的,其他/通用,.doc,法律标准\法律法规\其他参考\斜井和斜坡道是怎么区分的.doc
,斜井和斜坡道是怎么区分的,其他/通用,.docx,法律标准\法律法规\其他参考\斜井和斜坡道是怎么区分的.docx
,新型气烧石灰竖窑的开发与应用,其他/通用,.pdf,法律标准\标准\石灰\新型气烧石灰竖窑的开发与应用.pdf
,新建 Microsoft Word 文档,其他/通用,.docx,新标准\中频炉\新建 Microsoft Word 文档.docx
,新建 Microsoft Word 文档,其他/通用,.doc,法律标准\标准\设备设施\涂装作业\新建 Microsoft Word 文档.doc
,新建 Microsoft Word 文档,其他/通用,.docx,法律标准\标准\设备设施\涂装作业\新建 Microsoft Word 文档.docx
,新建文件夹 (2)(1),其他/通用,.zip,111111\新建文件夹 (2)(1).zip
,新版本SRM操作手册V1.0_单工位,其他/通用,.pdf,安全标准\堆垛机\2.操作手册\新版本SRM操作手册V1.0_单工位.pdf
,新版盐酸安全技术说明书,其他/通用,.doc,法律标准\标准\酸\新版盐酸安全技术说明书.doc
,新版盐酸安全技术说明书,其他/通用,.docx,法律标准\标准\酸\新版盐酸安全技术说明书.docx
,某某企业石灰窑,其他/通用,.doc,法律标准\标准\石灰\某某企业石灰窑.doc
,某某企业石灰窑,其他/通用,.docx,法律标准\标准\石灰\某某企业石灰窑.docx
,新能源动力电池检测实验室建设规划要求,其他/通用,.docx,锂电池资料\电池其他\新能源动力电池检测实验室建设规划要求.docx
,新能源汽车动力电池综合利用管理办法,其他/通用,.docx,锂电池资料\电池\新能源汽车动力电池综合利用管理办法.docx
,新能源汽车动力蓄电池回收服务网点建设和运营指南,其他/通用,.pdf,锂电池资料\电池\新能源汽车动力蓄电池回收服务网点建设和运营指南.pdf
,新能源汽车动力蓄电池回收服务网点建设和运营指南,其他/通用,.docx,锂电池资料\电池其他\新建文件夹\新能源汽车动力蓄电池回收服务网点建设和运营指南.docx
,无心磨床作业指导书,其他/通用,.doc,新标准\无心磨床作业指导书.doc
,无心磨床作业指导书,其他/通用,.docx,新标准\无心磨床作业指导书.docx
,无心磨床操作规程,其他/通用,.doc,新标准\无心磨床操作规程.doc
,无心磨床操作规程,其他/通用,.docx,新标准\无心磨床操作规程.docx
,无心磨床操作规程,其他/通用,.ppt,新标准\无心磨床操作规程.ppt
,明确了,其他/通用,.docx,新建文件夹\明确了.docx
,更多资料访问 - 标准分享网,其他/通用,.mht,111111\HGT 21608-2012 液体装卸臂工程技术要求\更多资料访问 - 标准分享网.mht
,更多资料访问 - 标准分享网,其他/通用,.mht,新建文件夹 (2)\GB 50322-2011 粮食钢板筒仓设计规范\更多资料访问 - 标准分享网.mht
,更多资料访问 - 标准分享网,其他/通用,.mht,新建文件夹 (2)\JBT 9800-2011 装配式金属筒仓\更多资料访问 - 标准分享网.mht
,更多资料访问 - 标准分享网,其他/通用,.mht,新标准\GB 16914-2012 燃气燃烧器具安全技术条件\更多资料访问 - 标准分享网.mht
,更多资料访问 - 标准分享网,其他/通用,.mht,新标准\GB 7251.1-2013 低压成套开关设备和控制设备 第1部分总则\更多资料访问 - 标准分享网.mht
,更多资料访问 - 标准分享网,其他/通用,.mht,新标准\GBT 14048.19-2013 低压开关设备和控制设备 第5-7部分：控制电路电器和开关元件 用于带模拟输出的接近设备的要求\更多资料访问 - 标准分享网.mht
,更多资料访问 - 标准分享网,其他/通用,.mht,新标准\GBT 29781-2013 电动汽车充电站通用要求\更多资料访问 - 标准分享网.mht
,更多资料访问 - 标准分享网,其他/通用,.mht,标准\GB 50884-2013 钢筒仓技术规范\更多资料访问 - 标准分享网.mht
,更多资料访问 - 标准分享网,其他/通用,.mht,标准\升降机\GB 28755-2012 简易升降机安全规程\更多资料访问 - 标准分享网.mht
,更多资料访问 - 标准分享网,其他/通用,.mht,标准\新建文件夹\HGT 2527-2011 工业氨基磺酸\更多资料访问 - 标准分享网.mht
,更多软件下载,其他/通用,.url,111111\newjyexpcyb\更多软件下载.url
,机器人安全作业指导书,其他/通用,.doc,机器人\机器人安全作业指导书.doc
,机器人安全作业指导书,其他/通用,.docx,机器人\机器人安全作业指导书.docx
,机器人安全规范,其他/通用,.doc,机器人\机器人安全规范.doc
,机器人安全规范,其他/通用,.docx,机器人\机器人安全规范.docx
,机器人安全门,其他/通用,.docx,机器人\机器人安全门.docx
,机器人安全防护解决方案,其他/通用,.pdf,机器人\机器人安全防护解决方案.pdf
,机器人系统安全防护,其他/通用,.pptx,机器人\机器人系统安全防护.pptx
,杜瓦瓶使用说明书,其他/通用,.doc,法律标准\标准\杜瓦罐\杜瓦瓶使用说明书.doc
,杜瓦瓶使用说明书,其他/通用,.docx,法律标准\标准\杜瓦罐\杜瓦瓶使用说明书.docx
,杜瓦瓶结构,其他/通用,.docx,法律标准\标准\杜瓦瓶结构.docx
,杜瓦罐使用说明,其他/通用,.wps,法律标准\标准\杜瓦罐\杜瓦罐使用说明.wps
,杜瓦罐供气系统的使用操作规程,其他/通用,.doc,法律标准\标准\杜瓦罐\杜瓦罐供气系统的使用操作规程.doc
,杜瓦罐供气系统的使用操作规程,其他/通用,.docx,法律标准\标准\杜瓦罐\杜瓦罐供气系统的使用操作规程.docx
,杜瓦罐基础知识及操作规程[1],其他/通用,.doc,法律标准\标准\杜瓦罐\杜瓦罐基础知识及操作规程[1].doc
,杜瓦罐基础知识及操作规程[1],其他/通用,.docx,法律标准\标准\杜瓦罐\杜瓦罐基础知识及操作规程[1].docx
,柴油罐设计标准,其他/通用,.doc,法律标准\标准\新建文件夹\柴油罐设计标准.doc
,柴油罐设计标准,其他/通用,.docx,法律标准\标准\新建文件夹\柴油罐设计标准.docx
,标准化菜市场设置与管理规范,其他/通用,.doc,法律标准\标准\商场\菜市场\标准化菜市场设置与管理规范.doc
,标准化菜市场设置与管理规范,其他/通用,.docx,法律标准\标准\商场\菜市场\标准化菜市场设置与管理规范.docx
,标准化菜市场设置与管理规范 (1),其他/通用,.doc,法律标准\标准\商场\菜市场\标准化菜市场设置与管理规范 (1).doc
,标准化菜市场设置与管理规范 (1),其他/通用,.docx,法律标准\标准\商场\菜市场\标准化菜市场设置与管理规范 (1).docx
,标准化菜市场验收标准指南,其他/通用,.doc,法律标准\标准\商场\菜市场\标准化菜市场验收标准指南.doc
,标准化菜市场验收标准指南,其他/通用,.docx,法律标准\标准\商场\菜市场\标准化菜市场验收标准指南.docx
,标准文本格式说明,其他/通用,.txt,安全标准\标准文本格式说明.txt
,标准（2024.3.3下载）,其他/通用,.rar,新标准\标准\标准（2024.3.3下载）.rar
,正和炉料修改版,其他/通用,.zip,法律标准\标准\法规标准补充\正和炉料修改版.zip
,正和炉料安全设施报告7.8,其他/通用,.doc,法律标准\标准\法规标准补充\正和炉料安全设施报告7.8.doc
,正和炉料安全设施报告7.8,其他/通用,.docx,法律标准\标准\法规标准补充\正和炉料安全设施报告7.8.docx
,正和炉料安全设计附图3.8,其他/通用,.dwg,法律标准\标准\法规标准补充\正和炉料安全设计附图3.8.dwg
,正和炉料氢氧化钙总平面图(1),其他/通用,.pdf,法律标准\标准\法规标准补充\正和炉料氢氧化钙总平面图(1).pdf
,正和炉料氢氧化钙车间设备布置平面图(1),其他/通用,.pdf,法律标准\标准\法规标准补充\正和炉料氢氧化钙车间设备布置平面图(1).pdf
,正和炉料综合分析报告7.8,其他/通用,.docx,法律标准\标准\法规标准补充\正和炉料综合分析报告7.8.docx
,气十条国发[2013]37号,其他/通用,.doc,法律标准\法律法规\环境保护法律法规\气十条国发[2013]37号.doc
,气十条国发[2013]37号,其他/通用,.docx,法律标准\法律法规\环境保护法律法规\气十条国发[2013]37号.docx
,气烧石灰窑操作手册,其他/通用,.pdf,法律标准\标准\石灰\气烧石灰窑操作手册.pdf
,气瓶相关问题,其他/通用,.docx,法律标准\标准\气瓶相关问题.docx
,氢氧化钠安全技术说明书,其他/通用,.doc,法律标准\标准\酸\氢氧化钠安全技术说明书.doc
,氢氧化钠安全技术说明书,其他/通用,.docx,法律标准\标准\酸\氢氧化钠安全技术说明书.docx
,氧气站设计规范 TJ30-78(试行),其他/通用,.xdf,法律标准\标准\氧相关资料\氧气站设计规范 TJ30-78(试行).xdf
,氧气管道安装规范,其他/通用,.doc,法律标准\标准\汇流排\氧气管道安装规范.doc
,氧气管道安装规范,其他/通用,.docx,法律标准\标准\汇流排\氧气管道安装规范.docx
,氨制冷系统原理图,其他/通用,.dwg,法律标准\标准\氨制冷系统原理图.dwg
,氨制冷系统工作流程,其他/通用,.doc,新标准\制冷\氨制冷系统工作流程.doc
,氨制冷系统工作流程,其他/通用,.docx,新标准\制冷\氨制冷系统工作流程.docx
,氮气瓶安全操作规程,其他/通用,.doc,法律标准\法律法规\其他参考\氮气瓶安全操作规程.doc
,氮气瓶安全操作规程,其他/通用,.docx,法律标准\法律法规\其他参考\氮气瓶安全操作规程.docx
,水十条-国发[2015]17号,其他/通用,.doc,法律标准\法律法规\环境保护法律法规\水十条-国发[2015]17号.doc
,水十条-国发[2015]17号,其他/通用,.docx,法律标准\法律法规\环境保护法律法规\水十条-国发[2015]17号.docx
,水泥制造企业较大危险因素辨识及防范措施,其他/通用,.docx,111111\新建文件夹 (2)(1)\新建文件夹 (2)\水泥制造企业较大危险因素辨识及防范措施.docx
,水泥制造企业较大危险因素辨识及防范措施,其他/通用,.pdf,水泥\水泥制造企业较大危险因素辨识及防范措施.pdf
,水泥厂的一次风+二次风+三次风,其他/通用,.docx,水泥\水泥厂的一次风+二次风+三次风.docx
,水泥工厂窑炉维修安全规程（征求意见稿）和编制说明,其他/通用,.docx,水泥\水泥工厂窑炉维修安全规程（征求意见稿）和编制说明.docx
,水泥工厂预热器清堵安全规程（征求意见稿）和编制说明,其他/通用,.doc,水泥\水泥工厂预热器清堵安全规程（征求意见稿）和编制说明.doc
,水泥工厂预热器清堵安全规程（征求意见稿）和编制说明,其他/通用,.docx,水泥\水泥工厂预热器清堵安全规程（征求意见稿）和编制说明.docx
,水泥预分解窑煅烧技术及装备 [丁奇生，王亚丽，崔素萍等 编著] 2014年,其他/通用,.pdf,法律标准\标准\水泥\水泥预分解窑煅烧技术及装备 [丁奇生，王亚丽，崔素萍等 编著] 2014年.pdf
,水泥预分解窑煅烧技术及装备 [丁奇生，王亚丽，崔素萍等 编著] 2014年-001-086,其他/通用,.docx,法律标准\标准\水泥\水泥预分解窑煅烧技术及装备 [丁奇生，王亚丽，崔素萍等 编著] 2014年\水泥预分解窑煅烧技术及装备 [丁奇生，王亚丽，崔素萍等 编著] 2014年-001-086.docx
,水泥预分解窑煅烧技术及装备 [丁奇生，王亚丽，崔素萍等 编著] 2014年-001-086,其他/通用,.pdf,法律标准\标准\水泥\水泥预分解窑煅烧技术及装备 [丁奇生，王亚丽，崔素萍等 编著] 2014年\水泥预分解窑煅烧技术及装备 [丁奇生，王亚丽，崔素萍等 编著] 2014年-001-086.pdf
,水泥预分解窑煅烧技术及装备 [丁奇生，王亚丽，崔素萍等 编著] 2014年-087-172,其他/通用,.pdf,法律标准\标准\水泥\水泥预分解窑煅烧技术及装备 [丁奇生，王亚丽，崔素萍等 编著] 2014年\水泥预分解窑煅烧技术及装备 [丁奇生，王亚丽，崔素萍等 编著] 2014年-087-172.pdf
,水泥预分解窑煅烧技术及装备 [丁奇生，王亚丽，崔素萍等 编著] 2014年-173-258,其他/通用,.docx,法律标准\标准\水泥\水泥预分解窑煅烧技术及装备 [丁奇生，王亚丽，崔素萍等 编著] 2014年\水泥预分解窑煅烧技术及装备 [丁奇生，王亚丽，崔素萍等 编著] 2014年-173-258.docx
,水泥预分解窑煅烧技术及装备 [丁奇生，王亚丽，崔素萍等 编著] 2014年-173-258,其他/通用,.pdf,法律标准\标准\水泥\水泥预分解窑煅烧技术及装备 [丁奇生，王亚丽，崔素萍等 编著] 2014年\水泥预分解窑煅烧技术及装备 [丁奇生，王亚丽，崔素萍等 编著] 2014年-173-258.pdf
,水泥预分解窑煅烧技术及装备 [丁奇生，王亚丽，崔素萍等 编著] 2014年-259-344,其他/通用,.docx,法律标准\标准\水泥\水泥预分解窑煅烧技术及装备 [丁奇生，王亚丽，崔素萍等 编著] 2014年\水泥预分解窑煅烧技术及装备 [丁奇生，王亚丽，崔素萍等 编著] 2014年-259-344.docx
,水泥预分解窑煅烧技术及装备 [丁奇生，王亚丽，崔素萍等 编著] 2014年-259-344,其他/通用,.pdf,法律标准\标准\水泥\水泥预分解窑煅烧技术及装备 [丁奇生，王亚丽，崔素萍等 编著] 2014年\水泥预分解窑煅烧技术及装备 [丁奇生，王亚丽，崔素萍等 编著] 2014年-259-344.pdf
,水泥预分解窑煅烧技术及装备 [丁奇生，王亚丽，崔素萍等 编著] 2014年-345-346,其他/通用,.docx,法律标准\标准\水泥\水泥预分解窑煅烧技术及装备 [丁奇生，王亚丽，崔素萍等 编著] 2014年\水泥预分解窑煅烧技术及装备 [丁奇生，王亚丽，崔素萍等 编著] 2014年-345-346.docx
,水泥预分解窑煅烧技术及装备 [丁奇生，王亚丽，崔素萍等 编著] 2014年-345-346,其他/通用,.pdf,法律标准\标准\水泥\水泥预分解窑煅烧技术及装备 [丁奇生，王亚丽，崔素萍等 编著] 2014年\水泥预分解窑煅烧技术及装备 [丁奇生，王亚丽，崔素萍等 编著] 2014年-345-346.pdf
,污水,其他/通用,.zip,法律标准\标准\新建文件夹\污水.zip
,污水3,其他/通用,.zip,法律标准\标准\污水\污水3.zip
,污水处理厂安全检查内容,其他/通用,.docx,法律标准\标准\污水\污水处理厂安全检查内容.docx
,污水处理厂安全检查表,其他/通用,.xls,法律标准\标准\污水\污水处理厂安全检查表.xls
,污水处理厂安全检查要点清单(附相关标准规范),其他/通用,.docx,法律标准\标准\污水\污水处理厂安全检查要点清单(附相关标准规范).docx
,汽轮机、发电机安全检查表,其他/通用,.doc,法律标准\标准\余热\汽轮机、发电机安全检查表.doc
,汽轮机、发电机安全检查表,其他/通用,.docx,法律标准\标准\余热\汽轮机、发电机安全检查表.docx
,汽轮机油系统着火的原因主要是油系统漏油,其他/通用,.docx,法律标准\标准\余热\汽轮机油系统着火的原因主要是油系统漏油.docx
,某某企业选厂-控效附件,其他/通用,.doc,新法规\某某企业选厂-控效附件.doc
,某某企业选厂-控效附件,其他/通用,.docx,新法规\某某企业选厂-控效附件.docx
,河北省人民政府关于废止和修改部分省政府规章的决定2023,其他/通用,.pdf,新法规\河北省人民政府关于废止和修改部分省政府规章的决定2023.pdf
,河北省人民政府办公厅 关于印发河北省企业安全生产诚信管理 办法,其他/通用,.docx,法律标准\法律法规\河北省\河北省人民政府办公厅 关于印发河北省企业安全生产诚信管理 办法.docx
,河北省人民政府办公厅关于印发河北省2022年打击非法采矿专项行动实施方案的通知,其他/通用,.docx,111111\河北省人民政府办公厅关于印发河北省2022年打击非法采矿专项行动实施方案的通知.docx
,河北省城镇排水与污水处理管理办法,其他/通用,.doc,法律标准\法律法规\环境保护法律法规\河北省城镇排水与污水处理管理办法.doc
,河北省城镇排水与污水处理管理办法,其他/通用,.docx,法律标准\法律法规\环境保护法律法规\河北省城镇排水与污水处理管理办法.docx
,河北省大气污染防治条例2016.3.1,其他/通用,.doc,法律标准\法律法规\环境保护法律法规\河北省大气污染防治条例2016.3.1.doc
,河北省大气污染防治条例2016.3.1,其他/通用,.docx,法律标准\法律法规\环境保护法律法规\河北省大气污染防治条例2016.3.1.docx
,河北省安全生产培训管理规定、实施细则.doc,其他/通用,.doc,新法规\河北省安全生产培训管理规定、实施细则.doc.doc
,河北省安全生产培训管理规定、实施细则.doc,其他/通用,.docx,新法规\河北省安全生产培训管理规定、实施细则.doc.docx
,河北省安全生产委员会关于印发全省涉氨制冷企业液氨使用专项治理实施方案的通知,其他/通用,.docx,法律标准\法律法规\涉氨\河北省安全生产委员会关于印发全省涉氨制冷企业液氨使用专项治理实施方案的通知.docx
,河北省安全生产条例(2017年3月1日施行),其他/通用,.doc,法律标准\法律法规\河北省\河北省安全生产条例(2017年3月1日施行).doc
,河北省安全生产条例(2017年3月1日施行),其他/通用,.docx,法律标准\法律法规\河北省\河北省安全生产条例(2017年3月1日施行).docx
,河北省安全生产标准化建设实施意见,其他/通用,.docx,法律标准\法律法规\标准化\河北省安全生产标准化建设实施意见.docx
,河北省安全生产监督管理局关于公布规范性文件清理结果的通知,其他/通用,.docx,法律标准\法律法规\河北省安全生产监督管理局关于公布规范性文件清理结果的通知.docx
,河北省安全生产监督管理局权力清单,其他/通用,.xls,法律标准\法律法规\标准化\河北省安全生产监督管理局权力清单.xls
,河北省安全生产监督管理局责任清单,其他/通用,.doc,法律标准\法律法规\标准化\河北省安全生产监督管理局责任清单.doc
,河北省安全生产监督管理局责任清单,其他/通用,.docx,法律标准\法律法规\标准化\河北省安全生产监督管理局责任清单.docx
,河北省安全生产责任险实施细则,其他/通用,.pdf,新标准\新增\河北省安全生产责任险实施细则.pdf
,河北省工业企业挥发性有机物排放控制标准,其他/通用,.pdf,法律标准\标准\环境保护\河北省工业企业挥发性有机物排放控制标准.pdf
,河北省燃气管理条例,其他/通用,.docx,新建文件夹\河北省燃气管理条例.docx
,河北省燃气管理条例,其他/通用,.pdf,新建文件夹\河北省燃气管理条例.pdf
,河北省燃气管理条例,其他/通用,.doc,新文件包\河北省燃气管理条例.doc
,河北省燃气管理条例,其他/通用,.docx,新文件包\河北省燃气管理条例.docx
,河北省生产经营单位从业人员安全生产培训工作指南,其他/通用,.ppt,111111\河北省生产经营单位从业人员安全生产培训工作指南.ppt
,河北省达标排污许可实施细则,其他/通用,.pdf,法律标准\法律法规\环境保护法律法规\河北省达标排污许可实施细则.pdf
,河北省达标排污许可管理办法(试行)-地方政府令[2014]12号,其他/通用,.doc,法律标准\法律法规\环境保护法律法规\河北省达标排污许可管理办法(试行)-地方政府令[2014]12号.doc
,河北省达标排污许可管理办法(试行)-地方政府令[2014]12号,其他/通用,.docx,法律标准\法律法规\环境保护法律法规\河北省达标排污许可管理办法(试行)-地方政府令[2014]12号.docx
,河北省选矿厂带式输送机安全生产工作指导意见,其他/通用,.docx,法律标准\标准\皮带\河北省选矿厂带式输送机安全生产工作指导意见.docx
,河北省重大危险源分级评定办法,其他/通用,.doc,法律标准\法律法规\河北省\河北省重大危险源分级评定办法.doc
,河北省重大危险源分级评定办法,其他/通用,.docx,法律标准\法律法规\河北省\河北省重大危险源分级评定办法.docx
,河北省重大危险源分级评定办法(2013年9月1日实施),其他/通用,.doc,法律标准\法律法规\河北省\河北省重大危险源分级评定办法(2013年9月1日实施).doc
,河北省重大危险源分级评定办法(2013年9月1日实施),其他/通用,.docx,法律标准\法律法规\河北省\河北省重大危险源分级评定办法(2013年9月1日实施).docx
,河北省重大危险源监督管理规定,其他/通用,.docx,法律标准\标准\危险源\河北省重大危险源监督管理规定.docx
,油田常用火筒式加热炉简介,其他/通用,.doc,新标准\油田常用火筒式加热炉简介.doc
,油田常用火筒式加热炉简介,其他/通用,.docx,新标准\油田常用火筒式加热炉简介.docx
,油罐安全要求,其他/通用,.docx,法律标准\标准\油罐安全要求.docx
,泄爆面积计算书,其他/通用,.doc,法律标准\标准\泄爆面积计算书.doc
,泄爆面积计算书,其他/通用,.docx,法律标准\标准\泄爆面积计算书.docx
,注册安全工程师管理规定-安监总局令[2007]11号,其他/通用,.docx,法律标准\法律法规\注册安全工程师管理规定-安监总局令[2007]11号.docx
,津安监管四〔2011〕60号,其他/通用,.pdf,法律标准\法律法规\天津法规\津安监管四〔2011〕60号.pdf
,活性石灰焙烧工艺,其他/通用,.doc,法律标准\标准\石灰\活性石灰焙烧工艺.doc
,活性石灰焙烧工艺,其他/通用,.docx,法律标准\标准\石灰\活性石灰焙烧工艺.docx
,涂装作业安全规程 浸涂工艺安全,其他/通用,.xdf,法律标准\标准\设备设施\涂装作业\涂装作业安全规程 浸涂工艺安全.xdf
,涂装作业安全规程粉末静电喷涂工艺安全（征求意见稿）,其他/通用,.docx,新文件包\涂装作业安全规程粉末静电喷涂工艺安全（征求意见稿）.docx
,涉氨制冷企业安全隐患整治指南(1),其他/通用,.doc,法律标准\法律法规\涉氨\涉氨制冷企业安全隐患整治指南(1).doc
,涉氨制冷企业安全隐患整治指南(1),其他/通用,.docx,法律标准\法律法规\涉氨\涉氨制冷企业安全隐患整治指南(1).docx
,涉氨制冷企业液氨使用专项治理培训教材提纲,其他/通用,.doc,法律标准\法律法规\涉氨\涉氨制冷企业液氨使用专项治理培训教材提纲.doc
,涉氨制冷企业液氨使用专项治理培训教材提纲,其他/通用,.docx,法律标准\法律法规\涉氨\涉氨制冷企业液氨使用专项治理培训教材提纲.docx
,涉氨制冷企业液氨使用专项治理技术指导书,其他/通用,.pdf,111111\涉氨制冷企业液氨使用专项治理技术指导书.pdf
,涉氨制冷企业液氨使用专项治理技术指导书,其他/通用,.docx,法律标准\法律法规\涉氨\涉氨制冷企业液氨使用专项治理技术指导书.docx
,涉氨制冷企业液氨使用专项治理技术指导书（试行）,其他/通用,.pdf,安全标准\涉氨制冷企业液氨使用专项治理技术指导书（试行）.pdf
,液化天然气气化站安全检查表,其他/通用,.xdf,法律标准\标准\燃气\液化天然气气化站安全检查表.xdf
,液化气安全使用常识--ppt课件,其他/通用,.ppt,课件\液化气安全使用常识--ppt课件.ppt
,液化燃气煤气罐安全使用注意事项,其他/通用,.pptx,课件\液化燃气煤气罐安全使用注意事项.pptx
,液压升降机安全使用指南告知牌,其他/通用,.docx,标准\升降机\液压升降机安全使用指南告知牌.docx
,液氧储罐安全技术手册,其他/通用,.docx,法律标准\标准\液氧储罐安全技术手册.docx
,液氧危害告知牌,其他/通用,.doc,法律标准\标准\氧相关资料\液氧危害告知牌.doc
,液氧危害告知牌,其他/通用,.docx,法律标准\标准\氧相关资料\液氧危害告知牌.docx
,液氧杜瓦罐的操作流程,其他/通用,.doc,法律标准\标准\杜瓦罐\液氧杜瓦罐的操作流程.doc
,液氧杜瓦罐的操作流程,其他/通用,.docx,法律标准\标准\杜瓦罐\液氧杜瓦罐的操作流程.docx
,液氨整治相关文件,其他/通用,.doc,法律标准\法律法规\涉氨\液氨整治相关文件.doc
,液氨整治相关文件,其他/通用,.docx,法律标准\法律法规\涉氨\液氨整治相关文件.docx
,淘宝优惠券,其他/通用,.url,111111\newjyexpcyb\淘宝优惠券.url
,淘汰落后安全技术工艺、设备目录（2016年）安监总科技【2016】137号,其他/通用,.doc,法律标准\法律法规\淘汰设备目录\淘汰落后安全技术工艺、设备目录（2016年）安监总科技【2016】137号.doc
,淘汰落后安全技术工艺、设备目录（2016年）安监总科技【2016】137号,其他/通用,.docx,法律标准\法律法规\淘汰设备目录\淘汰落后安全技术工艺、设备目录（2016年）安监总科技【2016】137号.docx
,淘汰落后安全技术装备目录（2015年第一批）安监总科技【2015】75号】,其他/通用,.doc,法律标准\法律法规\淘汰设备目录\淘汰落后安全技术装备目录（2015年第一批）安监总科技【2015】75号】.doc
,淘汰落后安全技术装备目录（2015年第一批）安监总科技【2015】75号】,其他/通用,.docx,法律标准\法律法规\淘汰设备目录\淘汰落后安全技术装备目录（2015年第一批）安监总科技【2015】75号】.docx
,淘汰设备目录,其他/通用,.zip,法律标准\法律法规\淘汰设备目录.zip
,深圳市新能源汽车充电设施安全检查工作导则,其他/通用,.pdf,锂电池资料\锂电池检查\电池危害及检查表\深圳市新能源汽车充电设施安全检查工作导则.pdf
,深圳市锂电池专项检查表,其他/通用,.xlsx,锂电池资料\锂电池检查\深圳市锂电池专项检查表.xlsx
,深圳锂电池行业企业安全生产检查表,其他/通用,.xlsx,锂电池资料\锂电池检查\深圳锂电池行业企业安全生产检查表.xlsx
,渤海石油装备制造有限公司在用标准目录,其他/通用,.xls,法律标准\法律法规\渤海石油装备制造有限公司在用标准目录.xls
,渤海装备公司劳保用品配备方案,其他/通用,.doc,法律标准\标准\参考资料\渤海装备公司劳保用品配备方案.doc
,渤海装备公司劳保用品配备方案,其他/通用,.docx,法律标准\标准\参考资料\渤海装备公司劳保用品配备方案.docx
,渤海装备公司劳保用品配备标准（2008）,其他/通用,.doc,法律标准\标准\参考资料\渤海装备公司劳保用品配备标准（2008）.doc
,渤海装备公司劳保用品配备标准（2008）,其他/通用,.docx,法律标准\标准\参考资料\渤海装备公司劳保用品配备标准（2008）.docx
,渤海装备公司劳保用品配备标准（修改）,其他/通用,.doc,法律标准\标准\参考资料\渤海装备公司劳保用品配备标准（修改）.doc
,渤海装备公司劳保用品配备标准（修改）,其他/通用,.docx,法律标准\标准\参考资料\渤海装备公司劳保用品配备标准（修改）.docx
,漏炉报警,其他/通用,.docx,新标准\中频炉\漏炉报警.docx
,漏炉报警装置是坩埚感应电炉重要的保护装置,其他/通用,.docx,新标准\中频炉\漏炉报警装置是坩埚感应电炉重要的保护装置.docx
,火电行业安全生产指导手册（最终）,其他/通用,.docx,电力\能源手册  承德\火电行业安全生产指导手册（最终）.docx
,烘干锤式破碎机,其他/通用,.ppt,水泥\烘干锤式破碎机.ppt
,热处理工程师手册 第三版,其他/通用,.rar,法律标准\标准\安全管理\设计\热处理工程师手册 第三版.rar
,热河大厦地下车库技术报告,其他/通用,.doc,法律标准\标准\升降机\热河大厦地下车库技术报告.doc
,热河大厦地下车库技术报告,其他/通用,.docx,法律标准\标准\升降机\热河大厦地下车库技术报告.docx
,煤改气工程中LNG瓶组气化站的设计,其他/通用,.pdf,法律标准\标准\LNG\煤改气工程中LNG瓶组气化站的设计.pdf
,煤粉制备系统过程控事项,其他/通用,.doc,法律标准\标准\水泥\煤粉制备系统过程控事项.doc
,煤粉制备系统过程控事项,其他/通用,.docx,法律标准\标准\水泥\煤粉制备系统过程控事项.docx
,照明设计手册第三版pdf高清扫描版_11@127580,其他/通用,.exe,法律标准\标准\安全管理\设计\照明设计手册第三版pdf高清扫描版_11@127580.exe
,熄火保护装置图片,其他/通用,.png,新建文件夹\熄火保护装置图片.png
,熄火保护装置图片1.webp,其他/通用,.jpg,新建文件夹\熄火保护装置图片1.webp.jpg
,熔融金属吊运安全规程检查表,其他/通用,.xlsx,法律标准\标准\新建文件夹2\熔融金属吊运安全规程检查表.xlsx
,燃气基础知识-第五章-燃气设施,其他/通用,.ppt,新标准\新增\燃气基础知识-第五章-燃气设施.ppt
,燃气安全培训ppt课件,其他/通用,.pptx,课件\燃气安全培训ppt课件.pptx
,燃气安全培训ppt课件 (1),其他/通用,.pptx,课件\燃气安全培训ppt课件 (1).pptx
,燃气安全知识培训课件,其他/通用,.ppt,新建文件夹\燃气安全知识培训课件.ppt
,燃气燃烧器一般应包括的主要部件有,其他/通用,.docx,新标准\燃气燃烧器一般应包括的主要部件有.docx
,燃气燃烧器和燃烧器具用安全和控制装置　特殊要求　排气阀（征求意见稿）,其他/通用,.doc,新建文件夹\燃气燃烧器和燃烧器具用安全和控制装置　特殊要求　排气阀（征求意见稿）.doc
,燃气燃烧器和燃烧器具用安全和控制装置　特殊要求　排气阀（征求意见稿）,其他/通用,.docx,新建文件夹\燃气燃烧器和燃烧器具用安全和控制装置　特殊要求　排气阀（征求意见稿）.docx
,燃气爆炸多可怕,其他/通用,.gif,新建文件夹\燃气爆炸多可怕.gif
,燃气阀门未关紧导致燃气外泄发生爆燃,其他/通用,.gif,新建文件夹\燃气阀门未关紧导致燃气外泄发生爆燃.gif
,燃油(气)燃烧器安全技术规则(TSG ZB001-2008),其他/通用,.xdf,法律标准\标准\燃气\燃油(气)燃烧器安全技术规则(TSG ZB001-2008).xdf
,爆炸,其他/通用,.zip,法律标准\标准\爆炸\爆炸.zip
,爆炸危险区域的识别和划分-20121017,其他/通用,.ppt,法律标准\法律法规\其他参考\爆炸危险区域的识别和划分-20121017.ppt
,爆炸危险场所安全规定-劳部发[1995]56号,其他/通用,.pdf,法律标准\法律法规\爆炸危险场所安全规定-劳部发[1995]56号.pdf
,爆炸计算,其他/通用,.doc,爆炸资料\爆炸计算.doc
,爆炸计算,其他/通用,.docx,爆炸资料\爆炸计算.docx
,物业管理条例,其他/通用,.docx,法律标准\标准\升降机\物业管理条例.docx
,物流仓储配送中心成件物品连续垂直输送机.com,其他/通用,.pdf,新标准\物流标准\物流仓储配送中心成件物品连续垂直输送机.com.pdf
,特种作业人员安全技术培训考核管理规定安监总局令第30号,其他/通用,.doc,法律标准\法律法规\培训\特种作业人员安全技术培训考核管理规定安监总局令第30号.doc
,特种作业人员安全技术培训考核管理规定安监总局令第30号,其他/通用,.docx,法律标准\法律法规\培训\特种作业人员安全技术培训考核管理规定安监总局令第30号.docx
,特种作业目录修订说明,其他/通用,.doc,安全标准\特种作业目录修订说明.doc
,特种作业目录修订说明,其他/通用,.docx,安全标准\特种作业目录修订说明.docx
,特种作业（电工）目录对照表,其他/通用,.docx,法律标准\标准\新建文件夹\特种作业（电工）目录对照表.docx
,环保设施安全标准,其他/通用,.zip,新标准\环保设施安全标准.zip
,环境保护部关于废止部分规范性文件的公告,其他/通用,.docx,法律标准\法律法规\环境保护法律法规\环境保护部关于废止部分规范性文件的公告.docx
,环境法律法规及其他要求,其他/通用,.xls,法律标准\法律法规\环境保护法律法规\环境法律法规及其他要求.xls
,玻璃全电熔炉安全运行注意事项,其他/通用,.pdf,法律标准\标准\玻璃\玻璃1\玻璃全电熔炉安全运行注意事项.pdf
,玻璃工业窑炉-第四章电熔窑第四节电极选型与布置,其他/通用,.pptx,标准\玻璃\玻璃工业窑炉-第四章电熔窑第四节电极选型与布置.pptx
,玻璃熔化安全操作规程,其他/通用,.docx,法律标准\标准\玻璃\玻璃1\玻璃熔化安全操作规程.docx
,玻璃熔化操作与控制 [张丽霞 主编] 2012年,其他/通用,.rar,标准\玻璃\玻璃熔化操作与控制 [张丽霞 主编] 2012年.rar
,玻璃熔化操作与控制 [张丽霞 主编] 2012年,其他/通用,.pdf,标准\玻璃\玻璃熔化操作与控制 [张丽霞 主编] 2012年\玻璃熔化操作与控制 [张丽霞 主编] 2012年.pdf
,玻璃熔炉变压器的结构原理,其他/通用,.docx,标准\玻璃\玻璃熔炉变压器的结构原理.docx
,玻璃熔融炉安全操作规程,其他/通用,.docx,法律标准\标准\玻璃\玻璃1\玻璃熔融炉安全操作规程.docx
,玻璃电熔炉供货商带您了解玻璃电熔炉的特点及原理,其他/通用,.docx,法律标准\标准\玻璃\玻璃1\玻璃电熔炉供货商带您了解玻璃电熔炉的特点及原理.docx
,玻璃电熔炉冷却循环水系统的设计,其他/通用,.docx,标准\玻璃\玻璃电熔炉冷却循环水系统的设计.docx
,玻璃电熔炉技术 [陈金方 编] 2013年,其他/通用,.rar,标准\玻璃\玻璃电熔炉技术 [陈金方 编] 2013年.rar
,玻璃电熔炉技术 [陈金方 编] 2013年,其他/通用,.pdf,标准\玻璃\玻璃电熔炉技术 [陈金方 编] 2013年\玻璃电熔炉技术 [陈金方 编] 2013年.pdf
,玻璃电熔炉生产厂家告诉您使用玻璃电熔炉时应该注意哪些事项,其他/通用,.docx,法律标准\标准\玻璃\玻璃1\玻璃电熔炉生产厂家告诉您使用玻璃电熔炉时应该注意哪些事项.docx
,玻璃电熔炉设计,其他/通用,.doc,标准\玻璃\玻璃电熔炉设计.doc
,玻璃电熔炉设计,其他/通用,.docx,标准\玻璃\玻璃电熔炉设计.docx
,玻璃的电熔化,其他/通用,.ppt,标准\玻璃\玻璃的电熔化.ppt
,瑞气制氮机说明书新,其他/通用,.doc,新标准\瑞气制氮机说明书新.doc
,瑞气制氮机说明书新,其他/通用,.docx,新标准\瑞气制氮机说明书新.docx
,生产经营单位安全培训规定安监总局令第3号,其他/通用,.doc,法律标准\法律法规\培训\生产经营单位安全培训规定安监总局令第3号.doc
,生产经营单位安全培训规定安监总局令第3号,其他/通用,.docx,法律标准\法律法规\培训\生产经营单位安全培训规定安监总局令第3号.docx
,生产经营单位安全培训规定（安监总局令[2015]第80号）,其他/通用,.docx,法律标准\法律法规\培训\生产经营单位安全培训规定（安监总局令[2015]第80号）.docx
,生活垃圾焚烧企业安全生产标准化规范.docx,其他/通用,.docx,法律标准\标准\垃圾\生活垃圾焚烧企业安全生产标准化规范.docx.docx
,生活垃圾焚烧发电厂运行常见问题及解决方法,其他/通用,.pdf,垃圾焚烧\垃圾发电补充1\生活垃圾焚烧发电厂运行常见问题及解决方法.pdf
,电力安全隐患治理监督管理规定,其他/通用,.docx,电力\电力安全隐患治理监督管理规定.docx
,电力并网运行管理规定 国能发监管规〔2021〕60号,其他/通用,.rar,新标准\电力线路\电力并网运行管理规定 国能发监管规〔2021〕60号.rar
,电力建设工程现行管理文件及技术标准名录（2023版）,其他/通用,.pdf,电力\电力建设工程现行管理文件及技术标准名录（2023版）.pdf
,电力辅助服务管理办法 国能发监管规〔2021〕61号,其他/通用,.rar,新标准\电力线路\电力辅助服务管理办法 国能发监管规〔2021〕61号.rar
,电池企业安全检查重点内容2024.5.4,其他/通用,.docx,锂电池资料\锂电池检查\电池企业安全检查重点内容2024.5.4.docx
,电池企业安全生产主体责任清单,其他/通用,.png,锂电池资料\电池其他\电池企业安全生产主体责任清单.png
,白酒企业安全检查重点内容2021.3.13,其他/通用,.docx,新标准\白酒企业安全检查重点内容2021.3.13.docx
,白酒企业安全管理规范,其他/通用,.doc,法律标准\标准\白酒\白酒企业安全管理规范.doc
,白酒企业安全管理规范,其他/通用,.docx,法律标准\标准\白酒\白酒企业安全管理规范.docx
,白酒生产企业安全生产标准化评定标准,其他/通用,.doc,法律标准\标准\白酒\白酒生产企业安全生产标准化评定标准.doc
,白酒生产企业安全生产标准化评定标准,其他/通用,.docx,法律标准\标准\白酒\白酒生产企业安全生产标准化评定标准.docx
,百度文库-中频电炉知识文档集,其他/通用,.zip,新标准\中频炉\百度文库-中频电炉知识文档集.zip
,皮安全鞋,其他/通用,.doc,法律标准\标准\参考资料\皮安全鞋.doc
,皮安全鞋,其他/通用,.docx,法律标准\标准\参考资料\皮安全鞋.docx
,皮带机改善看板,其他/通用,.ppt,法律标准\标准\皮带\皮带机改善看板.ppt
,皮带通廊专项治理隐患汇总表,其他/通用,.xls,法律标准\标准\皮带\皮带通廊专项治理隐患汇总表.xls
,盐酸储罐技术规范书,其他/通用,.doc,法律标准\标准\酸\盐酸储罐技术规范书.doc
,盐酸储罐技术规范书,其他/通用,.docx,法律标准\标准\酸\盐酸储罐技术规范书.docx
,监管部门检查清单1册,其他/通用,.pdf,111111\监管部门检查清单1册.pdf
,监管部门检查清单2册,其他/通用,.pdf,111111\监管部门检查清单2册.pdf
,石材加工企业安全环保达标基本条件,其他/通用,.docx,法律标准\标准\石材加工企业安全环保达标基本条件.docx
,石油液化气瓶组间,其他/通用,.docx,标准\气流排\石油液化气瓶组间.docx
,石灰石的用途及生产线工艺流程,其他/通用,.docx,法律标准\标准\石灰\石灰石的用途及生产线工艺流程.docx
,石灰窑安全,其他/通用,.doc,法律标准\标准\石灰\石灰窑安全.doc
,石灰窑安全,其他/通用,.docx,法律标准\标准\石灰\石灰窑安全.docx
,石灰窑操作及安全规程,其他/通用,.doc,法律标准\标准\石灰\石灰窑操作及安全规程.doc
,石灰窑操作及安全规程,其他/通用,.docx,法律标准\标准\石灰\石灰窑操作及安全规程.docx
,石灰窑操作技术问题,其他/通用,.doc,法律标准\标准\石灰\石灰窑操作技术问题.doc
,石灰窑操作技术问题,其他/通用,.docx,法律标准\标准\石灰\石灰窑操作技术问题.docx
,石灰窑操作的理论基础,其他/通用,.doc,法律标准\标准\石灰\石灰窑操作的理论基础.doc
,石灰窑操作的理论基础,其他/通用,.docx,法律标准\标准\石灰\石灰窑操作的理论基础.docx
,石膏板企业安全生产标准化评定标准,其他/通用,.doc,111111\石膏板企业安全生产标准化评定标准.doc
,石膏板企业安全生产标准化评定标准,其他/通用,.docx,111111\石膏板企业安全生产标准化评定标准.docx
,硫酸储罐设计,其他/通用,.docx,法律标准\标准\酸\硫酸储罐设计.docx
,神源-塞罕坝220kV线路工程初设文件(1),其他/通用,.rar,新标准\电力线路\工程设计\神源-塞罕坝220kV线路工程初设文件(1).rar
,神源_塞罕坝220kV线路工程-初步设计说明书(3),其他/通用,.docx,新标准\电力线路\工程设计\神源_塞罕坝220kV线路工程-初步设计说明书(3).docx
,福建省医院安全生产标准化评定标准,其他/通用,.doc,法律标准\法律法规\燃气\文件-杂货铺\福建省医院安全生产标准化评定标准.doc
,福建省医院安全生产标准化评定标准,其他/通用,.docx,法律标准\法律法规\燃气\文件-杂货铺\福建省医院安全生产标准化评定标准.docx
,秋实,其他/通用,.zip,法律标准\标准\体育\秋实.zip
,窑尾预热器一般由五级预热器组成,其他/通用,.docx,水泥\窑尾预热器一般由五级预热器组成.docx
,纸面石膏板企业安全技术规程（征求意见稿）和编制说明,其他/通用,.doc,水泥\纸面石膏板企业安全技术规程（征求意见稿）和编制说明.doc
,纸面石膏板企业安全技术规程（征求意见稿）和编制说明,其他/通用,.docx,水泥\纸面石膏板企业安全技术规程（征求意见稿）和编制说明.docx
,给水排水规范大全（2015版）,其他/通用,.chm,法律标准\标准\给水排水规范大全（2015版）.chm
,能源手册  承德,其他/通用,.zip,电力\能源手册  承德.zip
,能量控制与动力上锁-,其他/通用,.pdf,111111\能量控制与动力上锁-.pdf
,自动导引车 设计通则,其他/通用,.pdf,安全标准\自动导引车 设计通则.pdf
,自然资源部关于规范和完善砂石开采管理的通知,其他/通用,.docx,111111\自然资源部关于规范和完善砂石开采管理的通知.docx
,舒适家居,其他/通用,.docx,新标准\新增\新建文件夹 (2)\舒适家居.docx
,蒸汽云爆炸后果预测,其他/通用,.pdf,爆炸资料\蒸汽云爆炸后果预测.pdf
,视频2,其他/通用,.mp4,法律标准\标准\法规标准补充\视频2.mp4
,视频3,其他/通用,.mp4,法律标准\标准\法规标准补充\视频3.mp4
,视频4,其他/通用,.mp4,法律标准\标准\法规标准补充\视频4.mp4
,讲评反馈--河北保定(6.2),其他/通用,.pptx,新法规\讲评反馈--河北保定(6.2).pptx
,设备的电缆引入装置失爆标准,其他/通用,.doc,法律标准\标准\爆炸\设备的电缆引入装置失爆标准.doc
,设备的电缆引入装置失爆标准,其他/通用,.docx,法律标准\标准\爆炸\设备的电缆引入装置失爆标准.docx
,说明,其他/通用,.txt,新文件包\一人一档模板\1主要负责人安全教育培训档案\说明.txt
,说明,其他/通用,.txt,新文件包\一人一档模板\2安全管理人员安全教育培训档案\说明.txt
,说明,其他/通用,.txt,新文件包\一人一档模板\3特种作业人员\说明.txt
,说明,其他/通用,.txt,新文件包\一人一档模板\4岗位工人安全教育培训档案\说明.txt
,说明书,其他/通用,.pdf,111111\说明书.pdf
,资料,其他/通用,.docx,新建文件夹\资料.docx
,某某企业,其他/通用,.docx,法律标准\标准\热（电）镀\某某企业.docx
,车用动力电池回收利用 通用要求,其他/通用,.xdf,111111\车用动力电池回收利用 通用要求.xdf
,车用动力电池回收利用 通用要求1,其他/通用,.xdf,111111\车用动力电池回收利用 通用要求1.xdf
,通用仓库等级,其他/通用,.pdf,新标准\物流标准\通用仓库等级.pdf
,避雷针滚球保护半径计算公式,其他/通用,.xls,111111\避雷针滚球保护半径计算公式.xls
,部分工业行业淘汰落后生产工艺装备和产品指导目录(2010年本),其他/通用,.doc,法律标准\法律法规\淘汰设备目录\部分工业行业淘汰落后生产工艺装备和产品指导目录(2010年本).doc
,部分工业行业淘汰落后生产工艺装备和产品指导目录(2010年本),其他/通用,.docx,法律标准\法律法规\淘汰设备目录\部分工业行业淘汰落后生产工艺装备和产品指导目录(2010年本).docx
,醇基燃料安全技术指南,其他/通用,.docx,新建文件夹\醇基燃料安全技术指南.docx
,重大隐患判断标准2023新旧对照,其他/通用,.doc,新法规\重大隐患判断标准2023新旧对照.doc
,重大隐患判断标准2023新旧对照,其他/通用,.docx,新法规\重大隐患判断标准2023新旧对照.docx
,钢八条解读,其他/通用,.docx,新标准\钢八条解读.docx
,钢制无缝气瓶相关信息,其他/通用,.doc,法律标准\标准\参考资料\钢制无缝气瓶相关信息.doc
,钢制无缝气瓶相关信息,其他/通用,.docx,法律标准\标准\参考资料\钢制无缝气瓶相关信息.docx
,铸铁机清理铁水罐结壳作业标准,其他/通用,.docx,新标准\中频炉\铸铁机清理铁水罐结壳作业标准.docx
,锂电,其他/通用,.pdf,111111\锂电.pdf
,锂电池生产企业安全规范,其他/通用,.docx,锂电池资料\电池其他\锂电池生产企业安全规范.docx
,锂电池行业规范条件（2015年本）,其他/通用,.pdf,锂电池资料\电池其他\锂电池行业规范条件（2015年本）.pdf
,锂离子电池三元材料工艺技术及生产应用 [王伟东 编著] 2015年,其他/通用,.pdf,电池\锂离子电池三元材料工艺技术及生产应用 [王伟东 编著] 2015年.pdf
,锂离子电池专项执法重点,其他/通用,.ppt,锂电池资料\锂电池检查\锂离子电池专项执法重点.ppt
,锂离子电池安全性原理、设计与测试 [杨德才 著] 2012年,其他/通用,.pdf,电池\锂离子电池安全性原理、设计与测试 [杨德才 著] 2012年.pdf
,锂离子电池生产企业安全防范对策措施,其他/通用,.doc,锂电池资料\电池其他\锂离子电池生产企业安全防范对策措施.doc
,锂离子电池生产企业安全防范对策措施,其他/通用,.docx,锂电池资料\电池其他\锂离子电池生产企业安全防范对策措施.docx
,锂离子电池生产加工行业企业安全检查表,其他/通用,.pdf,锂电池资料\锂电池检查\锂离子电池生产加工行业企业安全检查表.pdf
,锂离子电池生产加工行业企业安全检查表,其他/通用,.xdf,锂电池资料\锂电池检查\锂离子电池生产加工行业企业安全检查表.xdf
,锂离子电池生产安全讲座,其他/通用,.ppt,锂电池资料\电池其他\锂离子电池生产安全讲座.ppt
,锂离子电池行业规范公告管理办法（2021年本）,其他/通用,.wps,锂电池资料\电池其他\锂离子电池行业规范公告管理办法（2021年本）.wps
,锂离子电池行业规范条件（2021年本）,其他/通用,.wps,锂电池资料\电池其他\锂离子电池行业规范条件（2021年本）.wps
,锤式烘干机,其他/通用,.doc,111111\锤式烘干机.doc
,锤式烘干机,其他/通用,.docx,111111\锤式烘干机.docx
,阀图例,其他/通用,.gif,新标准\阀图例.gif
,阀门命名规则,其他/通用,.doc,新标准\新增\阀门命名规则.doc
,阀门命名规则,其他/通用,.docx,新标准\新增\阀门命名规则.docx
,阀门标示及颜色标准,其他/通用,.doc,新文件包\补充法规\阀门标示及颜色标准.doc
,阀门标示及颜色标准,其他/通用,.docx,新文件包\补充法规\阀门标示及颜色标准.docx
,附件,其他/通用,.rar,法律标准\标准\中频炉\附件.rar
,附件1全市项目审查表报审版,其他/通用,.xls,新法规\附件1全市项目审查表报审版.xls
,附件1全市项目审查表报审版(2),其他/通用,.xls,新法规\附件1全市项目审查表报审版(2).xls
,附件1：《锂离子电池存储使用安全规范》（送审稿）,其他/通用,.docx,锂电池资料\电池其他\附件1：《锂离子电池存储使用安全规范》（送审稿）.docx
,附件1：安全生产严重失信主体名单管理办法,其他/通用,.pdf,新法规\附件1：安全生产严重失信主体名单管理办法.pdf
,附件2 全市重复工时情况统计表,其他/通用,.xlsx,新法规\附件2 全市重复工时情况统计表.xlsx
,附件2：《锂离子电池存储使用安全规范》（送审稿）编制说明,其他/通用,.docx,锂电池资料\电池其他\附件2：《锂离子电池存储使用安全规范》（送审稿）编制说明.docx
,限值计算,其他/通用,.doc,法律标准\标准\新建文件夹\限值计算.doc
,限值计算,其他/通用,.docx,法律标准\标准\新建文件夹\限值计算.docx
,隐患整改单,其他/通用,.doc,法律标准\法律法规\其他参考\隐患整改单.doc
,隐患整改单,其他/通用,.docx,法律标准\法律法规\其他参考\隐患整改单.docx
,青岛市城镇与污水处理企业安全生产标准化考评,其他/通用,.doc,法律标准\标准\污水\青岛市城镇与污水处理企业安全生产标准化考评.doc
,青岛市城镇与污水处理企业安全生产标准化考评,其他/通用,.docx,法律标准\标准\污水\青岛市城镇与污水处理企业安全生产标准化考评.docx
,面粉厂生产工艺,其他/通用,.pdf,法律标准\标准\爆炸\面粉厂生产工艺.pdf
,预热器及分解炉系统简介,其他/通用,.doc,水泥\预热器及分解炉系统简介.doc
,预热器及分解炉系统简介,其他/通用,.docx,水泥\预热器及分解炉系统简介.docx
,风电行业安全生产指导手册（最终）,其他/通用,.docx,电力\能源手册  承德\风电行业安全生产指导手册（最终）.docx
,食品生产企业安全生产监督管理暂行规定2015年修改,其他/通用,.docx,法律标准\标准\北京安全生产等级评定技术规范\食品生产企业安全生产监督管理暂行规定2015年修改.docx
,餐饮场所使用燃气基本安全要求,其他/通用,.docx,新建文件夹\餐饮场所使用燃气基本安全要求.docx
,餐饮场所使用燃气的基本安全要求,其他/通用,.docx,新建文件夹\餐饮场所使用燃气的基本安全要求.docx
,餐饮场所燃气,其他/通用,.pptx,课件\餐饮场所燃气.pptx
,餐饮场所燃气安全检查知识(60页),其他/通用,.pptx,课件\餐饮场所燃气安全检查知识(60页).pptx
,饲料加工,其他/通用,.zip,111111\饲料加工.zip
,饲料厂厂房平面图,其他/通用,.dwg,法律标准\标准\饲料厂厂房平面图.dwg
,高新区(江海区)锂离子电池制造行业安全专项治理工作方案,其他/通用,.pdf,锂电池资料\锂电池检查\高新区(江海区)锂离子电池制造行业安全专项治理工作方案.pdf
,高温熔融金属作业安全执法检查表,其他/通用,.docx,111111\高温熔融金属作业安全执法检查表.docx
,高耗能落后机电设备(产品)淘汰目录(第一批),其他/通用,.pdf,法律标准\法律法规\淘汰设备目录\高耗能落后机电设备(产品)淘汰目录(第一批).pdf
,高耗能落后机电设备(产品)淘汰目录(第三批,其他/通用,.wps,法律标准\法律法规\淘汰设备目录\高耗能落后机电设备(产品)淘汰目录(第三批.wps
,高耗能落后机电设备(产品)淘汰目录(第二,其他/通用,.doc,法律标准\法律法规\淘汰设备目录\高耗能落后机电设备(产品)淘汰目录(第二.doc
,高耗能落后机电设备(产品)淘汰目录(第二,其他/通用,.docx,法律标准\法律法规\淘汰设备目录\高耗能落后机电设备(产品)淘汰目录(第二.docx
,高耗能落后机电设备（产品）淘汰目录（第四批））,其他/通用,.pdf,法律标准\法律法规\淘汰设备目录\高耗能落后机电设备（产品）淘汰目录（第四批））.pdf
,（冀安委办函〔2018〕69号）关于征求对《河北省重大危险源监督管理规定》修订意见建议的函,其他/通用,.doc,法律标准\法律法规\燃气\文件-杂货铺\（冀安委办函〔2018〕69号）关于征求对《河北省重大危险源监督管理规定》修订意见建议的函.doc
,（冀安委办函〔2018〕69号）关于征求对《河北省重大危险源监督管理规定》修订意见建议的函,其他/通用,.docx,法律标准\法律法规\燃气\文件-杂货铺\（冀安委办函〔2018〕69号）关于征求对《河北省重大危险源监督管理规定》修订意见建议的函.docx
,（正版） HG／T 30024-2018 合成盐酸安全技术规范,其他/通用,.xdf,法律标准\标准\酸\（正版） HG／T 30024-2018 合成盐酸安全技术规范.xdf
,（精）国家电网基建[2010]755号 国家电网公司新建输电线路防舞设计要求,其他/通用,.pdf,新标准\电力线路\（精）国家电网基建[2010]755号 国家电网公司新建输电线路防舞设计要求.pdf
,（邹）中频炉检查表,其他/通用,.docx,法律标准\标准\中频炉\（邹）中频炉检查表.docx
,（重要）锂离子电池工厂安全检查表,其他/通用,.pdf,锂电池资料\锂电池检查\（重要）锂离子电池工厂安全检查表.pdf
,（重要）锂离子电池工厂安全检查表,其他/通用,.xdf,锂电池资料\锂电池检查\（重要）锂离子电池工厂安全检查表.xdf
AQ-7011,AQ-7011-2018-高温熔融金属吊运安全规程,冶金工贸,.docx,新标准\冶金首鼎标准\AQ-7011-2018-高温熔融金属吊运安全规程.docx
AQ-7011,AQ-7011-2018-高温熔融金属吊运安全规程,冶金工贸,.docx,法律标准\标准\钢铁\AQ-7011-2018-高温熔融金属吊运安全规程.docx
AQ2060,AQ 2060-2016 金属冶炼单位主要负责人安全生产管理人员安全生产培训大纲,冶金工贸,.pdf,法律标准\标准\安全管理\AQ 2060-2016 金属冶炼单位主要负责人安全生产管理人员安全生产培训大纲.pdf
AQ7011,AQ7011-2018 高温熔融金属吊运安全规程,冶金工贸,.xdf,法律标准\标准\钢铁\AQ7011-2018 高温熔融金属吊运安全规程.xdf
AQ7016,AQ 7016-2025 铸造安全规范,冶金工贸,.pdf,安全标准\AQ 7016-2025 铸造安全规范.pdf
AQ7018,AQ 7018—2025 金属冶炼建设项目安全设施设计编制导则 ,冶金工贸,.pdf,安全标准\AQ 7018—2025 金属冶炼建设项目安全设施设计编制导则 .pdf
AQ7019,AQ 7019—2025 锑冶炼安全规范 ,冶金工贸,.pdf,安全标准\AQ 7019—2025 锑冶炼安全规范 .pdf
DB32,DB32_T 4264-2022 金属冶炼企业中频炉使用安全技术规范,冶金工贸,.pdf,111111\DB32_T 4264-2022 金属冶炼企业中频炉使用安全技术规范.pdf
DB50,DB50∕T 867.5-2019 安全生产技术规范 第5部分：黑色金属铸造企业,冶金工贸,.pdf,新标准\DB50∕T 867.5-2019 安全生产技术规范 第5部分：黑色金属铸造企业.pdf
DLT1253,DLT 1253-2013 电力电缆线路运行规程,冶金工贸,.pdf,新标准\冶金首鼎标准\DLT 1253-2013 电力电缆线路运行规程.pdf
GB22207,GB 22207-2008 容积式空气压缩机 安全要求,冶金工贸,.rtf,新标准\冶金首鼎标准\GB 22207-2008 容积式空气压缩机 安全要求.rtf
GB25683,GB 25683-2010 钢液浇包 安全要求,冶金工贸,.rar,法律标准\标准\冶金\GB 25683-2010 钢液浇包 安全要求.rar
GB25683,GB 25683-2010 钢液浇包 安全要求,冶金工贸,.xdf,法律标准\标准\钢铁\GB 25683-2010 钢液浇包 安全要求.xdf
GB28242,GB 28242-2012 螺旋压力机 安全技术要求,冶金工贸,.pdf,新标准\冶金首鼎标准\GB 28242-2012 螺旋压力机 安全技术要求.pdf
GB40159,GB 40159-2021 埋刮板输送机 安全规范,冶金工贸,.pdf,法律标准\标准\冶金\GB 40159-2021 埋刮板输送机 安全规范.pdf
GB40160,GB 40160-2021 升降工作平台安全规则,冶金工贸,.pdf,法律标准\标准\冶金\GB 40160-2021 升降工作平台安全规则.pdf
GB4053.2,GB 4053.2-2009 固定式钢梯及平台安全要求 第2部分：钢斜梯,冶金工贸,.pdf,新标准\冶金首鼎标准\GB 4053.2-2009 固定式钢梯及平台安全要求 第2部分：钢斜梯.pdf
GB4053.3,GB4053.3-2009固定式钢梯及平台安全要求第3部分：工业防护栏杆及钢平台,冶金工贸,.doc,新标准\冶金首鼎标准\GB4053.3-2009固定式钢梯及平台安全要求第3部分：工业防护栏杆及钢平台.doc
GB4053.3,GB4053.3-2009固定式钢梯及平台安全要求第3部分：工业防护栏杆及钢平台,冶金工贸,.docx,新标准\冶金首鼎标准\GB4053.3-2009固定式钢梯及平台安全要求第3部分：工业防护栏杆及钢平台.docx
GB50580,GB 50580-2010 连铸工程设计规范,冶金工贸,.pdf,新标准\冶金首鼎标准\GB 50580-2010 连铸工程设计规范.pdf
GB50603,GB50603-2010 钢铁企业总图运输设计规范,冶金工贸,.xdf,法律标准\标准\钢铁\GB50603-2010 钢铁企业总图运输设计规范.xdf
GB50612,GB 50612-2010 冶金矿山选矿厂工艺设计规范,冶金工贸,.rar,111111\GB 50612-2010 冶金矿山选矿厂工艺设计规范.rar
GB50612,GB 50612-2010 冶金矿山选矿厂工艺设计规范,冶金工贸,.pdf,111111\GB 50612-2010 冶金矿山选矿厂工艺设计规范\GB 50612-2010 冶金矿山选矿厂工艺设计规范.pdf
GBT23583.1,GBT 23583.1-2009 钢液浇包 第1部分：型式与基本参数,冶金工贸,.rar,法律标准\标准\冶金\GBT 23583.1-2009 钢液浇包 第1部分：型式与基本参数.rar
GBT23583.1,GBT 23583.1-2009 钢液浇包 第1部分：型式与基本参数 标准　,冶金工贸,.xdf,法律标准\标准\钢铁\GBT 23583.1-2009 钢液浇包 第1部分：型式与基本参数 标准　.xdf
GBT23583.2,GBT 23583.2-2009 钢液浇包 第2部分：技术条件,冶金工贸,.rar,法律标准\标准\冶金\GBT 23583.2-2009 钢液浇包 第2部分：技术条件.rar
GBT23583.2,GBT 23583.2-2009 钢液浇包 第2部分：技术条件,冶金工贸,.xdf,法律标准\标准\钢铁\GBT 23583.2-2009 钢液浇包 第2部分：技术条件.xdf
GBT24444,GBT 24444-2009 电渣重熔结晶器,冶金工贸,.pdf,新标准\冶金首鼎标准\GBT 24444-2009 电渣重熔结晶器.pdf
GBT25714.1,GBT 25714.1-2010 铁液浇包 第1部分：型式与基本参数,冶金工贸,.rar,法律标准\标准\冶金\GBT 25714.1-2010 铁液浇包 第1部分：型式与基本参数.rar
GBT25714.2,GBT 25714.2-2010 铁液浇包 第2部分：技术条件,冶金工贸,.rar,法律标准\标准\冶金\GBT 25714.2-2010 铁液浇包 第2部分：技术条件.rar
GBT33933.1,GBT 33933.1-2017 天然石开采设备 安全要求 第1部分：圆盘式锯切机,冶金工贸,.rar,法律标准\标准\冶金\GBT 33933.1-2017 天然石开采设备 安全要求 第1部分：圆盘式锯切机.rar
GBT33933.3,GBT 33933.3-2017 天然石开采设备 安全要求 第3部分：臂式锯切机,冶金工贸,.rar,法律标准\标准\冶金\GBT 33933.3-2017 天然石开采设备 安全要求 第3部分：臂式锯切机.rar
GBT51386,GBT 51386-2019 冶金石灰焙烧工程设计标准,冶金工贸,.xdf,法律标准\标准\安全管理\设计\GBT 51386-2019 冶金石灰焙烧工程设计标准.xdf
GBT51386,GBT 51386-2019 冶金石灰焙烧工程设计标准(电子版),冶金工贸,.pdf,法律标准\标准\石灰\GBT 51386-2019 冶金石灰焙烧工程设计标准(电子版).pdf
GB_T10067.48,GB_T 10067.48-2014 电热装置基本技术条件 第48部分_台车式电阻炉,冶金工贸,.pdf,新标准\冶金首鼎标准\GB_T 10067.48-2014 电热装置基本技术条件 第48部分_台车式电阻炉.pdf
GB_T25714.1,GB_T 25714.1-2010 铁液浇包 第1部分：型式与基本参数,冶金工贸,.xdf,法律标准\标准\钢铁\GB_T 25714.1-2010 铁液浇包 第1部分：型式与基本参数.xdf
GB_T25714.2,GB_T 25714.2-2010 铁液浇包 第2部分：技术条件,冶金工贸,.xdf,法律标准\标准\钢铁\GB_T 25714.2-2010 铁液浇包 第2部分：技术条件.xdf
GB∕T10067.43,GB∕T10067.43-2014电热装置基本技术条件第43部分：强迫对流井式电阻炉(高清版),冶金工贸,.pdf,新标准\冶金首鼎标准\GB∕T10067.43-2014电热装置基本技术条件第43部分：强迫对流井式电阻炉(高清版).pdf
GB∕T35981,GB∕T 35981-2018 冶金设备 焊接吊耳 技术规范,冶金工贸,.rar,法律标准\标准\冶金\GB∕T 35981-2018 冶金设备 焊接吊耳 技术规范.rar
GB∕T36507,GB∕T 36507-2018 工业车辆使用操作与维护安全规范,冶金工贸,.pdf,法律标准\标准\冶金\GB∕T 36507-2018 工业车辆使用操作与维护安全规范.pdf
GB∕T37394,GB∕T 37394-2019 锻造机器人通用技术条件,冶金工贸,.pdf,新标准\冶金首鼎标准\GB∕T 37394-2019 锻造机器人通用技术条件.pdf
GB∕T51386,GB∕T 51386-2019 冶金石灰焙烧工程设计标准,冶金工贸,.pdf,新标准\GB∕T 51386-2019 冶金石灰焙烧工程设计标准.pdf
JBT11194.2,JBT 11194.2-2011 电动螺旋压力机 第2部分：技术条件,冶金工贸,.pdf,新标准\冶金首鼎标准\JBT 11194.2-2011 电动螺旋压力机 第2部分：技术条件.pdf
JBT12938.4,JBT 12938.4-2016 板坯连铸机 第4部分：验收规范,冶金工贸,.pdf,新标准\冶金首鼎标准\JBT 12938.4-2016 板坯连铸机 第4部分：验收规范.pdf
JBT2450,JBT 2450-1999 渣罐车 型式、基本参数与尺寸,冶金工贸,.rar,法律标准\标准\冶金\JBT 2450-1999 渣罐车 型式、基本参数与尺寸.rar
JBT3260,JBT 3260-2013 LT系列铁水罐型式与基本参数,冶金工贸,.rar,法律标准\标准\冶金\JBT 3260-2013 LT系列铁水罐型式与基本参数.rar
JBT3926,JBT 3926-2014 垂直斗式提升机,冶金工贸,.rar,法律标准\标准\冶金\JBT 3926-2014 垂直斗式提升机.rar
JBT8607,JBT 8607-2011 连续式铸型输送机 技术条件,冶金工贸,.pdf,新标准\冶金首鼎标准\JBT 8607-2011 连续式铸型输送机 技术条件.pdf
JB∕T10346,JB∕T 10346-2019 块偏心式倾斜筛,冶金工贸,.pdf,法律标准\标准\冶金\JB∕T 10346-2019 块偏心式倾斜筛.pdf
JB∕T10876,JB∕T 10876-2019 可逆反击锤式破碎机,冶金工贸,.pdf,法律标准\标准\冶金\JB∕T 10876-2019 可逆反击锤式破碎机.pdf
JB∕T12191,JB∕T 12191-2019 立轴反击破碎机,冶金工贸,.pdf,法律标准\标准\冶金\JB∕T 12191-2019 立轴反击破碎机.pdf
JB∕T12500,JB∕T 12500-2015 小方坯连铸机,冶金工贸,.pdf,新标准\冶金首鼎标准\JB∕T 12500-2015 小方坯连铸机.pdf
JB∕T13283,JB∕T 13283-2017 精密棒料剪断机,冶金工贸,.pdf,新标准\冶金首鼎标准\JB∕T 13283-2017 精密棒料剪断机.pdf
JB∕T13284,JB∕T 13284-2017 精密锻造压力机,冶金工贸,.pdf,新标准\冶金首鼎标准\JB∕T 13284-2017 精密锻造压力机.pdf
JB∕T13629,JB∕T 13629-2019 数字化无模铸造精密成形机,冶金工贸,.pdf,法律标准\标准\冶金\JB∕T 13629-2019 数字化无模铸造精密成形机.pdf
JB∕T13653,JB∕T 13653-2019 锤式破碎机 铸造锤头 技术条件,冶金工贸,.pdf,新标准\JB∕T 13653-2019 锤式破碎机 铸造锤头 技术条件.pdf
JB∕T13657,JB∕T 13657-2019 滚轴筛,冶金工贸,.pdf,法律标准\标准\冶金\JB∕T 13657-2019 滚轴筛.pdf
JB∕T13695,JB∕T 13695-2019 工业车辆 制动器,冶金工贸,.pdf,法律标准\标准\冶金\JB∕T 13695-2019 工业车辆 制动器.pdf
JB∕T13741,JB∕T 13741-2019 孔板式格栅除污机,冶金工贸,.pdf,法律标准\标准\冶金\JB∕T 13741-2019 孔板式格栅除污机.pdf
JB∕T3867.1,JB∕T 3867.1-2015 棒料剪断机 第1部分：型式与基本参数,冶金工贸,.pdf,新标准\冶金首鼎标准\JB∕T 3867.1-2015 棒料剪断机 第1部分：型式与基本参数.pdf
JB∕T8916,JB∕T 8916-2017 回转窑,冶金工贸,.rar,法律标准\标准\冶金\JB∕T 8916-2017 回转窑.rar
JB∕T9036,JB∕T 9036-2015 砂石洗选机,冶金工贸,.pdf,法律标准\标准\冶金\JB∕T 9036-2015 砂石洗选机.pdf
YB4358,YB 4358-2013 钢铁企业胶带机钢结构通廊设计规范,冶金工贸,.docx,法律标准\标准\水泥\YB 4358-2013 钢铁企业胶带机钢结构通廊设计规范.docx
YB4358,YB 4358-2013 钢铁企业胶带机钢结构通廊设计规范,冶金工贸,.pdf,法律标准\标准\输送机\YB 4358-2013 钢铁企业胶带机钢结构通廊设计规范.pdf
YB9059,YB 9059-1995 连铸工程设计技术规定,冶金工贸,.pdf,新标准\冶金首鼎标准\YB 9059-1995 连铸工程设计技术规定.pdf
YBT061,YBT 061-1994 冶金渣罐技术条件,冶金工贸,.rar,法律标准\标准\冶金\YBT 061-1994 冶金渣罐技术条件.rar
YBT072,YBT 072-2011 方坯和圆坯连铸结晶器,冶金工贸,.pdf,新标准\冶金首鼎标准\YBT 072-2011 方坯和圆坯连铸结晶器.pdf
YBT078,YBT 078-2011 板坯连铸结晶器,冶金工贸,.pdf,新标准\冶金首鼎标准\YBT 078-2011 板坯连铸结晶器.pdf
YBT089,YBT 089-2013 冶金吊具,冶金工贸,.pdf,新标准\冶金首鼎标准\YBT 089-2013 冶金吊具.pdf
YBT4175,YBT 4175-2008 冶金用钢水罐,冶金工贸,.rar,法律标准\标准\冶金\YBT 4175-2008 冶金用钢水罐.rar
YBT4175,YBT 4175-2008 冶金用钢水罐,冶金工贸,.xdf,法律标准\标准\钢铁\YBT 4175-2008 冶金用钢水罐.xdf
YBT4327,YBT 4327-2013 连铸坯氢氧火焰切割技术规范,冶金工贸,.pdf,新标准\冶金首鼎标准\YBT 4327-2013 连铸坯氢氧火焰切割技术规范.pdf
YB_T061,YB_T 061-2017 冶金渣罐技术条件,冶金工贸,.xdf,法律标准\标准\钢铁\YB_T 061-2017 冶金渣罐技术条件.xdf
YB∕T049,YB∕T 049-1993 连铸结晶器中稀土丝喂入法,冶金工贸,.pdf,新标准\冶金首鼎标准\YB∕T 049-1993 连铸结晶器中稀土丝喂入法.pdf
YB∕T4224,YB∕T 4224-2010 冶金用钢水罐车和铁水罐车技术规范,冶金工贸,.rar,法律标准\标准\冶金\YB∕T 4224-2010 冶金用钢水罐车和铁水罐车技术规范.rar
YB∕T4777,YB∕T 4777-2019 连铸安全生产操作技术要求,冶金工贸,.pdf,新标准\冶金首鼎标准\YB∕T 4777-2019 连铸安全生产操作技术要求.pdf
,(完整版)工贸企业纺织行业较大危险因素辨识与防范指导手册,冶金工贸,.doc,111111\隐患排查依据文本（二）\隐患排查依据文本（二）\较大危害因素\(完整版)工贸企业纺织行业较大危险因素辨识与防范指导手册.doc
,(完整版)工贸企业纺织行业较大危险因素辨识与防范指导手册,冶金工贸,.docx,111111\隐患排查依据文本（二）\隐患排查依据文本（二）\较大危害因素\(完整版)工贸企业纺织行业较大危险因素辨识与防范指导手册.docx
,12M说明书(1),冶金工贸,.docx,新标准\冶金首鼎标准\谢总\12M说明书(1).docx
,19f6bcc2afb6e68b712f67c5229b016,冶金工贸,.jpg,新标准\冶金首鼎标准\谢总\19f6bcc2afb6e68b712f67c5229b016.jpg
,2012河北省冶金企业安全生产监督管理规定,冶金工贸,.doc,新文件包\2012河北省冶金企业安全生产监督管理规定.doc
,2012河北省冶金企业安全生产监督管理规定,冶金工贸,.docx,新文件包\2012河北省冶金企业安全生产监督管理规定.docx
,2020-4-28 钢铁企业安全执法检查重点事项,冶金工贸,.pptx,课件\2020-4-28 钢铁企业安全执法检查重点事项.pptx
,2022061192938645EA6223A1,冶金工贸,.pdf,新标准\冶金首鼎标准\2022061192938645EA6223A1.pdf
,2023工贸企业重大事故隐患判定标准系统学习解读课程(ppt)课件(1)(1),冶金工贸,.pptx,新法规\2023工贸企业重大事故隐患判定标准系统学习解读课程(ppt)课件(1)(1).pptx
,3吨中频炉技术参数要求详解,冶金工贸,.pdf,新标准\冶金首鼎标准\3吨中频炉技术参数要求详解.pdf
,4db90e43859df83037d67cfec2d9c44,冶金工贸,.jpg,新标准\冶金首鼎标准\谢总\4db90e43859df83037d67cfec2d9c44.jpg
,4安全设施设计采取的防范措施,冶金工贸,.docx,新标准\冶金首鼎标准\谢总\4安全设施设计采取的防范措施.docx
,7e3f2a02ca992db5ee8789753070be0,冶金工贸,.jpg,新标准\冶金首鼎标准\谢总\7e3f2a02ca992db5ee8789753070be0.jpg
,806e6eea730b44fc4ff2f16a2e08e28,冶金工贸,.jpg,新标准\冶金首鼎标准\谢总\806e6eea730b44fc4ff2f16a2e08e28.jpg
,8d2757ab6424dc8f13e0827442d4235,冶金工贸,.jpg,新标准\冶金首鼎标准\谢总\8d2757ab6424dc8f13e0827442d4235.jpg
,B35使用说明书带封面,冶金工贸,.doc,新标准\冶金首鼎标准\谢总\3.8\B35使用说明书带封面.doc
,B35使用说明书带封面,冶金工贸,.docx,新标准\冶金首鼎标准\谢总\3.8\B35使用说明书带封面.docx
,T∕CFA 0310021-2019 铸造企业规范条件,冶金工贸,.pdf,新标准\冶金首鼎标准\T∕CFA 0310021-2019 铸造企业规范条件.pdf
,be003547f3846371b49e38c96b618fe,冶金工贸,.jpg,新标准\冶金首鼎标准\谢总\be003547f3846371b49e38c96b618fe.jpg
,f9b5357a009f905feb89a2b84e0c773,冶金工贸,.jpg,新标准\冶金首鼎标准\谢总\f9b5357a009f905feb89a2b84e0c773.jpg
,《天津市工贸行业安全生产标准化通用考评标准》说明,冶金工贸,.doc,法律标准\法律法规\培训\天津所用法规\天津政策\《天津市工贸行业安全生产标准化通用考评标准》说明.doc
,《天津市工贸行业安全生产标准化通用考评标准》说明,冶金工贸,.docx,法律标准\法律法规\培训\天津所用法规\天津政策\《天津市工贸行业安全生产标准化通用考评标准》说明.docx
,《工贸企业重大事故隐患判定标准》解读2023,冶金工贸,.pdf,新法规\《工贸企业重大事故隐患判定标准》解读2023.pdf
,《工贸行业较大危险因素辨识与防范,冶金工贸,.doc,法律标准\标准\《工贸行业较大危险因素辨识与防范.doc
,《工贸行业较大危险因素辨识与防范,冶金工贸,.docx,法律标准\标准\《工贸行业较大危险因素辨识与防范.docx
,《工贸行业重大生产安全事故隐患判定标准》三次变化对比表,冶金工贸,.docx,新法规\《工贸行业重大生产安全事故隐患判定标准》三次变化对比表.docx
,《工贸行业重大生产安全事故隐患判定标准》三次变化对比表,冶金工贸,.pdf,新法规\《工贸行业重大生产安全事故隐患判定标准》三次变化对比表.pdf
,一,冶金工贸,.docx,新标准\冶金首鼎标准\谢总\一.docx
,一般工贸企业安全管理隐患自查指导手册,冶金工贸,.docx,安全标准\一般工贸企业安全管理隐患自查指导手册.docx
,中频炉炉衬筑炉工艺步骤 ,冶金工贸,.eio,新标准\冶金首鼎标准\谢总\中频炉炉衬筑炉工艺步骤 .eio
,修改承德市冶金等工贸行业小微企业“双控”机制建设管控排查清单2021.5.05(2),冶金工贸,.docx,新法规\修改承德市冶金等工贸行业小微企业“双控”机制建设管控排查清单2021.5.05(2).docx
,关于中频炉工作原理图解,冶金工贸,.docx,新标准\冶金首鼎标准\关于中频炉工作原理图解.docx
,关于做好工贸行业A、B类企业定期报送安全生产工作的通知,冶金工贸,.pdf,新文件包\关于做好工贸行业A、B类企业定期报送安全生产工作的通知.pdf
,关于公开征求《工贸行业重大生产安全事故隐患判定标准（2021年版）》意见的函.pdf,冶金工贸,.pdf,新文件包\关于公开征求《工贸行业重大生产安全事故隐患判定标准（2021年版）》意见的函.pdf.pdf
,关于公示天津市工贸安全生产标准化咨询单位的通知12018年第二批】,冶金工贸,.png,法律标准\法律法规\天津法规\关于公示天津市工贸安全生产标准化咨询单位的通知12018年第二批】.png
,关于开展工贸行业大排查大整治督导检查的通知,冶金工贸,.pdf,新文件包\关于开展工贸行业大排查大整治督导检查的通知.pdf
,冶金企业和有色金属企业安全生产规定-安监91号令,冶金工贸,.doc,111111\隐患排查依据文本（一）\隐患排查依据文本（一）\法规\冶金企业和有色金属企业安全生产规定-安监91号令.doc
,冶金企业和有色金属企业安全生产规定-安监91号令,冶金工贸,.docx,111111\隐患排查依据文本（一）\隐患排查依据文本（一）\法规\冶金企业和有色金属企业安全生产规定-安监91号令.docx
,冶金企业和有色金属企业安全生产规定-安监91号令,冶金工贸,.doc,新文件包\冶金企业和有色金属企业安全生产规定-安监91号令.doc
,冶金企业和有色金属企业安全生产规定-安监91号令,冶金工贸,.docx,新文件包\冶金企业和有色金属企业安全生产规定-安监91号令.docx
,冶金企业和有色金属企业安全生产规定-安监91号令,冶金工贸,.doc,法律标准\法律法规\冶金企业和有色金属企业安全生产规定-安监91号令.doc
,冶金企业和有色金属企业安全生产规定-安监91号令,冶金工贸,.docx,法律标准\法律法规\冶金企业和有色金属企业安全生产规定-安监91号令.docx
,冶金企业过跨平板车运输铁水安全要求,冶金工贸,.docx,新标准\冶金企业过跨平板车运输铁水安全要求.docx
,冶金企业钢八条解读,冶金工贸,.pdf,新标准\中频炉\冶金企业钢八条解读.pdf
,冶金等工贸企业安全生产标准化基本规范评分细则,冶金工贸,.doc,法律标准\标准\冶金等工贸企业安全生产标准化基本规范评分细则.doc
,冶金等工贸企业安全生产标准化基本规范评分细则,冶金工贸,.docx,法律标准\标准\冶金等工贸企业安全生产标准化基本规范评分细则.docx
,冶金等工贸行业企业____安全生产预警系统技术标准（试行）,冶金工贸,.doc,111111\冶金等工贸行业企业____安全生产预警系统技术标准（试行）.doc
,冶金等工贸行业企业____安全生产预警系统技术标准（试行）,冶金工贸,.docx,111111\冶金等工贸行业企业____安全生产预警系统技术标准（试行）.docx
,冶金等工贸行业大排查大整治专项方案,冶金工贸,.doc,新文件包\冶金等工贸行业大排查大整治专项方案.doc
,冶金等工贸行业大排查大整治专项方案,冶金工贸,.docx,新文件包\冶金等工贸行业大排查大整治专项方案.docx
,冶金行业目录,冶金工贸,.doc,新文件包\冶金行业目录.doc
,冶金行业目录,冶金工贸,.docx,新文件包\冶金行业目录.docx
,冶金行业较大危险因素辨识与防范指导手册,冶金工贸,.pdf,111111\隐患排查依据文本（二）\隐患排查依据文本（二）\较大危害因素\冶金行业较大危险因素辨识与防范指导手册.pdf
,冶金行业重大事故隐患判定标准(2017版--展之发-2018-7-11),冶金工贸,.pdf,法律标准\标准\新建文件夹2\冶金行业重大事故隐患判定标准(2017版--展之发-2018-7-11).pdf
,北京安全生产等级评定--冶金,冶金工贸,.pdf,法律标准\标准\北京安全生产等级评定技术规范\北京安全生产等级评定--冶金.pdf
,北京工贸企业安全风险评估规范,冶金工贸,.docx,法律标准\标准\北京工贸企业安全风险评估规范.docx
,吉林工贸企业通用设备事故隐患排查指导手册,冶金工贸,.pdf,安全标准\吉林工贸企业通用设备事故隐患排查指导手册.pdf
,国家安全监管总局关于印发冶金等工贸企业安全生产标准化建设评审工作管理办法的通知,冶金工贸,.doc,法律标准\法律法规\标准化\国家安全监管总局关于印发冶金等工贸企业安全生产标准化建设评审工作管理办法的通知.doc
,国家安全监管总局关于印发冶金等工贸企业安全生产标准化建设评审工作管理办法的通知,冶金工贸,.docx,法律标准\法律法规\标准化\国家安全监管总局关于印发冶金等工贸企业安全生产标准化建设评审工作管理办法的通知.docx
,天津市工贸企业安全生产分类分级评分标准,冶金工贸,.rar,法律标准\法律法规\天津法规\天津市工贸企业安全生产分类分级评分标准.rar
,工贸---新---天津市工贸企业安全生产标准化基本规范评分指南(暂行）终稿(1),冶金工贸,.pdf,法律标准\法律法规\培训\天津所用法规\天津政策\工贸---新---天津市工贸企业安全生产标准化基本规范评分指南(暂行）终稿(1).pdf
,工贸企业安全生产档案管理要求的通知(2)(1),冶金工贸,.doc,新文件包\工贸企业安全生产档案管理要求的通知(2)(1).doc
,工贸企业安全生产档案管理要求的通知(2)(1),冶金工贸,.docx,新文件包\工贸企业安全生产档案管理要求的通知(2)(1).docx
,工贸企业常见安全生产隐患诊断检查指导书,冶金工贸,.pdf,安全标准\工贸企业常见安全生产隐患诊断检查指导书.pdf
,工贸企业特殊作业安全规范,冶金工贸,.pdf,安全标准\工贸企业特殊作业安全规范.pdf
,工贸企业重大事故隐患专项检查表,冶金工贸,.docx,111111\工贸企业重大事故隐患专项检查表.docx
,工贸企业重大事故隐患判定标准2023应急10号令,冶金工贸,.doc,111111\隐患排查依据文本（一）\隐患排查依据文本（一）\法规\工贸企业重大事故隐患判定标准2023应急10号令.doc
,工贸企业重大事故隐患判定标准2023应急10号令,冶金工贸,.docx,111111\隐患排查依据文本（一）\隐患排查依据文本（一）\法规\工贸企业重大事故隐患判定标准2023应急10号令.docx
,工贸企业重大事故隐患判定标准2023应急10号令,冶金工贸,.doc,新法规\工贸企业重大事故隐患判定标准2023应急10号令.doc
,工贸企业重大事故隐患判定标准2023应急10号令,冶金工贸,.docx,新法规\工贸企业重大事故隐患判定标准2023应急10号令.docx
,工贸企业重大事故隐患判定标准人民共和国应急管理部令第10号,冶金工贸,.docx,新法规\工贸企业重大事故隐患判定标准人民共和国应急管理部令第10号.docx
,工贸企业重大事故隐患评定标准解读图鉴  江苏省应急厅 2023年5月,冶金工贸,.pdf,新法规\工贸企业重大事故隐患评定标准解读图鉴  江苏省应急厅 2023年5月.pdf
,工贸企业重大事故隐患（2023版）专项检查表,冶金工贸,.docx,111111\隐患排查依据文本（二）\隐患排查依据文本（二）\专项检查表\工贸企业重大事故隐患（2023版）专项检查表.docx
,工贸行业企业安全生产风险分级管控和隐患治理指导手册（试行）,冶金工贸,.doc,新文件包\工贸行业企业安全生产风险分级管控和隐患治理指导手册（试行）.doc
,工贸行业企业安全生产风险分级管控和隐患治理指导手册（试行）,冶金工贸,.docx,新文件包\工贸行业企业安全生产风险分级管控和隐患治理指导手册（试行）.docx
,工贸行业危险作业全流程安全管理指引,冶金工贸,.pdf,安全标准\工贸行业危险作业全流程安全管理指引.pdf
,工贸行业安全生产宣传手册,冶金工贸,.pdf,法律标准\标准\工贸行业安全生产宣传手册.pdf
,工贸行业安全监管分类标准,冶金工贸,.doc,法律标准\法律法规\燃气\文件-杂货铺\工贸行业安全监管分类标准.doc
,工贸行业安全监管分类标准,冶金工贸,.docx,法律标准\法律法规\燃气\文件-杂货铺\工贸行业安全监管分类标准.docx
,工贸行业较大危险因素辨识与防范指导手册,冶金工贸,.docx,新文件包\工贸行业较大危险因素辨识与防范指导手册.docx
,工贸行业较大危险辨识及防范指导手册,冶金工贸,.rar,法律标准\标准\工贸行业较大危险辨识及防范指导手册.rar
,工贸行业重大事故隐患判定标准,冶金工贸,.doc,法律标准\法律法规\隐患\工贸行业重大事故隐患判定标准.doc
,工贸行业重大事故隐患判定标准,冶金工贸,.docx,法律标准\法律法规\隐患\工贸行业重大事故隐患判定标准.docx
,工贸行业重大事故隐患判定标准征求意见,冶金工贸,.doc,新法规\工贸行业重大事故隐患判定标准征求意见.doc
,工贸行业重大事故隐患判定标准征求意见,冶金工贸,.docx,新法规\工贸行业重大事故隐患判定标准征求意见.docx
,工贸行业重大生产安全事故隐患判定标准（2017版）安监总管四〔2017〕129号,冶金工贸,.doc,法律标准\标准\木材加工\工贸行业重大生产安全事故隐患判定标准（2017版）安监总管四〔2017〕129号.doc
,工贸行业重大生产安全事故隐患判定标准（2017版）安监总管四〔2017〕129号,冶金工贸,.docx,法律标准\标准\木材加工\工贸行业重大生产安全事故隐患判定标准（2017版）安监总管四〔2017〕129号.docx
,工贸行业重大生产安全事故隐患判定标准（2017版）安监总管四〔2017〕129号,冶金工贸,.doc,法律标准\法律法规\隐患\工贸行业重大生产安全事故隐患判定标准（2017版）安监总管四〔2017〕129号.doc
,工贸行业重大生产安全事故隐患判定标准（2017版）安监总管四〔2017〕129号,冶金工贸,.docx,法律标准\法律法规\隐患\工贸行业重大生产安全事故隐患判定标准（2017版）安监总管四〔2017〕129号.docx
,工贸行业重大隐患判定标准,冶金工贸,.doc,新文件包\工贸行业重大隐患判定标准.doc
,工贸行业重大隐患判定标准,冶金工贸,.docx,新文件包\工贸行业重大隐患判定标准.docx
,工贸行业重大隐患判定标准（征求意见）2021,冶金工贸,.docx,法律标准\标准\工贸行业重大隐患判定标准（征求意见）2021.docx
,工贸（全行业）企业重大事故隐患排查检查“一本通”(1),冶金工贸,.pdf,111111\工贸（全行业）企业重大事故隐患排查检查“一本通”(1).pdf
,市安全监管局关于做好工贸企业安全生产分类分级监督管理工作的通知,冶金工贸,.docx,法律标准\法律法规\培训\天津所用法规\天津政策\市安全监管局关于做好工贸企业安全生产分类分级监督管理工作的通知.docx
,市安全监管局关于加强推进2018年工贸行业企业安全生产标准化建设的通知,冶金工贸,.docx,法律标准\法律法规\培训\天津所用法规\天津政策\市安全监管局关于加强推进2018年工贸行业企业安全生产标准化建设的通知.docx
,市安全监管局关于加强推进2018年工贸行业企业安全生产标准化建设的通知,冶金工贸,.docx,法律标准\法律法规\天津法规\市安全监管局关于加强推进2018年工贸行业企业安全生产标准化建设的通知.docx
,市安全监管局关于开展钢铁企业重大生产安全事故隐患排查治理专项行动的通知,冶金工贸,.docx,法律标准\法律法规\培训\天津所用法规\天津政策\市安全监管局关于开展钢铁企业重大生产安全事故隐患排查治理专项行动的通知.docx
,市安全监管局推进2018年工贸行业企业安全生产标准化建设,冶金工贸,.doc,法律标准\法律法规\天津法规\市安全监管局推进2018年工贸行业企业安全生产标准化建设.doc
,市安全监管局推进2018年工贸行业企业安全生产标准化建设,冶金工贸,.docx,法律标准\法律法规\天津法规\市安全监管局推进2018年工贸行业企业安全生产标准化建设.docx
,带电作业工具、装置和设备预防性试验规程,冶金工贸,.pdf,新标准\冶金首鼎标准\带电作业工具、装置和设备预防性试验规程.pdf
,应急管理部办公厅关于印发金属冶炼一线岗位安全生产指导手册的通知,冶金工贸,.docx,法律标准\法律法规\应急管理部办公厅关于印发金属冶炼一线岗位安全生产指导手册的通知.docx
,应急管理部安全执法和工贸监管局负责同志就,冶金工贸,.docx,法律标准\标准\应急管理部安全执法和工贸监管局负责同志就.docx
,彻底弄清楚铝壳炉和钢壳炉的区别,冶金工贸,.docx,新标准\冶金首鼎标准\彻底弄清楚铝壳炉和钢壳炉的区别.docx
,微信图片_20230302203702,冶金工贸,.png,新标准\冶金首鼎标准\微信图片_20230302203702.png
,手持式电动工具的管理、使用、检查和维修安全技术规程,冶金工贸,.doc,新标准\冶金首鼎标准\手持式电动工具的管理、使用、检查和维修安全技术规程.doc
,手持式电动工具的管理、使用、检查和维修安全技术规程,冶金工贸,.docx,新标准\冶金首鼎标准\手持式电动工具的管理、使用、检查和维修安全技术规程.docx
,扫描全能王 2023-03-07 10.44(1),冶金工贸,.pdf,新标准\冶金首鼎标准\谢总\扫描全能王 2023-03-07 10.44(1).pdf
,扫描全能王 2023-03-07 10.55,冶金工贸,.pdf,新标准\冶金首鼎标准\谢总\扫描全能王 2023-03-07 10.55.pdf
,承市应急工贸14号双控评估通知(1),冶金工贸,.doc,新文件包\承市应急工贸14号双控评估通知(1).doc
,承市应急工贸14号双控评估通知(1),冶金工贸,.docx,新文件包\承市应急工贸14号双控评估通知(1).docx
,承市应急工贸[2019]2号,冶金工贸,.doc,新文件包\承市应急工贸[2019]2号.doc
,承市应急工贸[2019]2号,冶金工贸,.docx,新文件包\承市应急工贸[2019]2号.docx
,承市应急工贸[2019]2号附件1,冶金工贸,.doc,新文件包\承市应急工贸[2019]2号附件1.doc
,承市应急工贸[2019]2号附件1,冶金工贸,.docx,新文件包\承市应急工贸[2019]2号附件1.docx
,承市应急工贸[2019]2号附件2,冶金工贸,.doc,新文件包\承市应急工贸[2019]2号附件2.doc
,承市应急工贸[2019]2号附件2,冶金工贸,.docx,新文件包\承市应急工贸[2019]2号附件2.docx
,承德市冶金三同时核实,冶金工贸,.jpg,新法规\承德市冶金三同时核实.jpg
,承德市冶金行业安全生产专项整治方案2020,冶金工贸,.docx,新文件包\承德市冶金行业安全生产专项整治方案2020.docx
,承德市应急管理局关于印发《承德市工贸企业安全生产档案管理要求》,冶金工贸,.pdf,111111\隐患排查依据文本（二）\隐患排查依据文本（二）\承德市应急管理局关于印发《承德市工贸企业安全生产档案管理要求》.pdf
,承德市应急管理局关于印发《承德市工贸企业安全生产档案管理要求》,冶金工贸,.pdf,新文件包\承德市应急管理局关于印发《承德市工贸企业安全生产档案管理要求》.pdf
,承德高新区应急管理局关于印发《承德高新区工贸行业重大事故隐患专项排查整治2023行动实施方案的通知,冶金工贸,.pdf,新法规\承德高新区应急管理局关于印发《承德高新区工贸行业重大事故隐患专项排查整治2023行动实施方案的通知.pdf
,拉矫机,冶金工贸,.pdf,新标准\冶金首鼎标准\拉矫机.pdf
,新建 Microsoft Word 文档,冶金工贸,.docx,新标准\冶金首鼎标准\新建 Microsoft Word 文档.docx
,沧应急明传〔2019〕119号附件：河北省应急管理厅关于印发《工贸行业企业安全生产风险分级管控和隐患治理指导手册（试行）》的通知,冶金工贸,.pdf,新文件包\沧应急明传〔2019〕119号附件：河北省应急管理厅关于印发《工贸行业企业安全生产风险分级管控和隐患治理指导手册（试行）》的通知.pdf
,河北省冶金企业安全生产监督管理规定（2015年修订）,冶金工贸,.doc,111111\隐患排查依据文本（一）\隐患排查依据文本（一）\法规\河北省冶金企业安全生产监督管理规定（2015年修订）.doc
,河北省冶金企业安全生产监督管理规定（2015年修订）,冶金工贸,.docx,111111\隐患排查依据文本（一）\隐患排查依据文本（一）\法规\河北省冶金企业安全生产监督管理规定（2015年修订）.docx
,河北省冶金企业安全生产监督管理规定（2015年修订）,冶金工贸,.doc,新法规\河北省冶金企业安全生产监督管理规定（2015年修订）.doc
,河北省冶金企业安全生产监督管理规定（2015年修订）,冶金工贸,.docx,新法规\河北省冶金企业安全生产监督管理规定（2015年修订）.docx
,河北省冶金企业安全生产监督管理规定（2023年修正）,冶金工贸,.doc,新法规\河北省冶金企业安全生产监督管理规定（2023年修正）.doc
,河北省冶金企业安全生产监督管理规定（2023年修正）,冶金工贸,.docx,新法规\河北省冶金企业安全生产监督管理规定（2023年修正）.docx
,河北省工贸行业安全生产执法检查清单 (1),冶金工贸,.doc,新法规\河北省工贸行业安全生产执法检查清单 (1).doc
,河北省工贸行业安全生产执法检查清单 (1),冶金工贸,.docx,新法规\河北省工贸行业安全生产执法检查清单 (1).docx
,河北首鼎转型升级申请材料,冶金工贸,.doc,新标准\冶金首鼎标准\谢总\河北首鼎转型升级申请材料.doc
,河北首鼎转型升级申请材料,冶金工贸,.docx,新标准\冶金首鼎标准\谢总\河北首鼎转型升级申请材料.docx
,津安监管四关于印发天津市冶金等工贸企业安全生产标准化建设评审工作管理办法的通知,冶金工贸,.doc,法律标准\法律法规\天津法规\津安监管四关于印发天津市冶金等工贸企业安全生产标准化建设评审工作管理办法的通知.doc
,津安监管四关于印发天津市冶金等工贸企业安全生产标准化建设评审工作管理办法的通知,冶金工贸,.docx,法律标准\法律法规\天津法规\津安监管四关于印发天津市冶金等工贸企业安全生产标准化建设评审工作管理办法的通知.docx
,热钢坯剪断机,冶金工贸,.pdf,新标准\冶金首鼎标准\热钢坯剪断机.pdf
,结晶器铜管,冶金工贸,.pdf,新标准\冶金首鼎标准\结晶器铜管.pdf
,联合发文承城管字[2020]220号关于开展工贸企业燃气设施隐患排查整治工作的通知,冶金工贸,.pdf,新法规\联合发文承城管字[2020]220号关于开展工贸企业燃气设施隐患排查整治工作的通知.pdf
,规模以下工贸企业安全风险管控指导手册,冶金工贸,.docx,新文件包\2021.6月以后\规模以下工贸企业安全风险管控指导手册.docx
,辊子输送机,冶金工贸,.pdf,新标准\冶金首鼎标准\辊子输送机.pdf
,金属冶炼企业中频炉使用安全技术规范,冶金工贸,.docx,法律标准\标准\中频炉\金属冶炼企业中频炉使用安全技术规范.docx
,金属冶炼企业禁止使用的设备及工艺目录,冶金工贸,.zip,法律标准\法律法规\淘汰设备目录\金属冶炼企业禁止使用的设备及工艺目录.zip
,金属冶炼企业禁止使用的设备及工艺目录（第一批）安监总管四【2017】142号】）,冶金工贸,.doc,法律标准\法律法规\淘汰设备目录\金属冶炼企业禁止使用的设备及工艺目录（第一批）安监总管四【2017】142号】）.doc
,金属冶炼企业禁止使用的设备及工艺目录（第一批）安监总管四【2017】142号】）,冶金工贸,.docx,法律标准\法律法规\淘汰设备目录\金属冶炼企业禁止使用的设备及工艺目录（第一批）安监总管四【2017】142号】）.docx
,金属冶炼建设项目安全设施验收评价报告编写提纲,冶金工贸,.docx,法律标准\标准\金属冶炼建设项目安全设施验收评价报告编写提纲.docx
,铸造企业熔炼工序生产过程危险有害因素分析,冶金工贸,.docx,法律标准\标准\中频炉\铸造企业熔炼工序生产过程危险有害因素分析.docx
,铸造工 锻造工快速入门 舒金波，刘根强，刘舜尧 主编 2011年版,冶金工贸,.pdf,新标准\中频炉\铸造工 锻造工快速入门 舒金波，刘根强，刘舜尧 主编 2011年版.pdf
,铸造行业较大危险因素辨识与防范指导-手-册,冶金工贸,.docx,111111\隐患排查依据文本（二）\隐患排查依据文本（二）\较大危害因素\铸造行业较大危险因素辨识与防范指导-手-册.docx
,铸造车间安全生产培训教材,冶金工贸,.doc,新标准\铸造车间安全生产培训教材.doc
,铸造车间安全生产培训教材,冶金工贸,.docx,新标准\铸造车间安全生产培训教材.docx
,附件：金属冶炼企业存在禁止使用设备及工艺问题台帐,冶金工贸,.doc,法律标准\法律法规\燃气\文件-杂货铺\附件：金属冶炼企业存在禁止使用设备及工艺问题台帐.doc
,附件：金属冶炼企业存在禁止使用设备及工艺问题台帐,冶金工贸,.docx,法律标准\法律法规\燃气\文件-杂货铺\附件：金属冶炼企业存在禁止使用设备及工艺问题台帐.docx
,（安监总管四〔2017〕142号）金属冶炼企业禁止使用的设备及工艺目录（第一批）,冶金工贸,.doc,法律标准\法律法规\燃气\文件-杂货铺\（安监总管四〔2017〕142号）金属冶炼企业禁止使用的设备及工艺目录（第一批）.doc
,（安监总管四〔2017〕142号）金属冶炼企业禁止使用的设备及工艺目录（第一批）,冶金工贸,.docx,法律标准\法律法规\燃气\文件-杂货铺\（安监总管四〔2017〕142号）金属冶炼企业禁止使用的设备及工艺目录（第一批）.docx
,（安监总管四〔2017〕143号）金属冶炼建设项目安全设施验收评价报告编写提纲,冶金工贸,.docx,法律标准\法律法规\燃气\文件-杂货铺\（安监总管四〔2017〕143号）金属冶炼建设项目安全设施验收评价报告编写提纲.docx
AQ3010,AQ 3010-2007 加油站作业安全规范,危险化学品,.pdf,法律标准\标准\安全管理\AQ 3010-2007 加油站作业安全规范.pdf
AQ3010,AQ3010-2007加油站作业安全规范,危险化学品,.pdf,法律标准\标准\爆炸\AQ3010-2007加油站作业安全规范.pdf
AQ3013,AQ3013-2008 危险化学品从业单位安全标准化通用规范,危险化学品,.pdf,法律标准\标准\化学品\AQ3013-2008 危险化学品从业单位安全标准化通用规范.pdf
AQ3013,危险化学品从业单位安全标准化通用规范AQ3013-2008,危险化学品,.doc,法律标准\标准\化学品\危险化学品从业单位安全标准化通用规范AQ3013-2008.doc
AQ3013,危险化学品从业单位安全标准化通用规范AQ3013-2008,危险化学品,.docx,法律标准\标准\化学品\危险化学品从业单位安全标准化通用规范AQ3013-2008.docx
AQ3014,AQ 3014-2008 液氯使用安全技术要求,危险化学品,.pdf,法律标准\标准\化学品\AQ 3014-2008 液氯使用安全技术要求.pdf
AQ3018,AQ 3018-2008 危险化学品储罐区作业安全通则,危险化学品,.pdf,111111\隐患排查依据文本（二）\隐患排查依据文本（二）\AQ 3018-2008 危险化学品储罐区作业安全通则.pdf
AQ3018,AQ 3018-2008 危险化学品储罐区作业安全通则,危险化学品,.pdf,法律标准\标准\化学品\AQ 3018-2008 危险化学品储罐区作业安全通则.pdf
AQ3018,AQ 3018-2008 危险化学品储罐区作业安全通则,危险化学品,.xdf,法律标准\标准\化学品\AQ 3018-2008 危险化学品储罐区作业安全通则.xdf
AQ3018,AQ 3018-2008 危险化学品储罐区作业安全通则,危险化学品,.rar,补充标准\AQ 3018-2008 危险化学品储罐区作业安全通则.rar
AQ3018,AQ 3018-2008 危险化学品储罐区作业安全通则,危险化学品,.pdf,补充标准\AQ 3018-2008 危险化学品储罐区作业安全通则\AQ 3018-2008 危险化学品储罐区作业安全通则.pdf
AQ3019,AQ 3019-2008 电镀化学品运输、存储、使用安全规程,危险化学品,.rar,法律标准\标准\热（电）镀\AQ 3019-2008 电镀化学品运输、存储、使用安全规程.rar
AQ3021,AQ 3021-2008 化学品生产单位吊装作业安全规范,危险化学品,.pdf,新标准\AQ 3021-2008 化学品生产单位吊装作业安全规范.pdf
AQ3022,AQ 3022-2008 化学品生产单位动火作业安全规范,危险化学品,.pdf,法律标准\标准\化学品\AQ 3022-2008 化学品生产单位动火作业安全规范.pdf
AQ3023,AQ 3023-2008 化学品生产单位动土作业安全规范,危险化学品,.pdf,法律标准\标准\化学品\AQ 3023-2008 化学品生产单位动土作业安全规范.pdf
AQ3024,AQ 3024-2008 化学品生产单位断路作业安全规范,危险化学品,.pdf,法律标准\标准\化学品\AQ 3024-2008 化学品生产单位断路作业安全规范.pdf
AQ3026,AQ 3026-2008 化学品生产单位设备检修作业安全规范,危险化学品,.pdf,法律标准\标准\化学品\AQ 3026-2008 化学品生产单位设备检修作业安全规范.pdf
AQ3027,AQ 3027-2008 化学品生产单位盲板抽堵作业安全规范,危险化学品,.pdf,法律标准\标准\化学品\AQ 3027-2008 化学品生产单位盲板抽堵作业安全规范.pdf
AQ3035,AQ 3035-2010 危险化学品重大危险源安全监控通用技术规范,危险化学品,.xdf,法律标准\标准\重大危险源\AQ 3035-2010 危险化学品重大危险源安全监控通用技术规范.xdf
AQ3035,AQ3035-2010危险化学品重大危险源安全监控通用技术规范,危险化学品,.pdf,法律标准\标准\危险源\重大危险源\AQ3035-2010危险化学品重大危险源安全监控通用技术规范.pdf
AQ3036,AQ 3036-2010 危险化学品重大危险源 罐区现场安全监控装备设置规范,危险化学品,.rar,法律标准\标准\危险源\重大危险源\AQ 3036-2010 危险化学品重大危险源 罐区现场安全监控装备设置规范.rar
AQ3036,AQ 3036-2010 危险化学品重大危险源 罐区现场安全监控装备设置规范,危险化学品,.xdf,法律标准\标准\危险源\重大危险源\AQ 3036-2010 危险化学品重大危险源 罐区现场安全监控装备设置规范.xdf
AQ3036,AQ 3036-2010 危险化学品重大危险源 罐区现场安全监控装备设置规范(高清版),危险化学品,.xdf,法律标准\标准\重大危险源\AQ 3036-2010 危险化学品重大危险源 罐区现场安全监控装备设置规范(高清版).xdf
AQ3047,AQ 3047-2013 2化学品作业场所安全警示标志规范,危险化学品,.pdf,法律标准\标准\化学品\AQ 3047-2013 2化学品作业场所安全警示标志规范.pdf
AQ3047,AQ 3047-2013 化学品作业场所安全警示标志规范,危险化学品,.pdf,法律标准\标准\安全、职业卫生新规范\AQ 3047-2013 化学品作业场所安全警示标志规范.pdf
AQ3051,AQ 3051-2015 液氯钢瓶充装自动化控制系统技术要求,危险化学品,.pdf,法律标准\标准\化学品\AQ 3051-2015 液氯钢瓶充装自动化控制系统技术要求.PDF
AQT3044,AQT3044—2013氨气检测报警仪技术规范,危险化学品,.doc,法律标准\标准\气体检测\AQT3044—2013氨气检测报警仪技术规范.doc
AQT3044,AQT3044—2013氨气检测报警仪技术规范,危险化学品,.docx,法律标准\标准\气体检测\AQT3044—2013氨气检测报警仪技术规范.docx
AQT3052,AQT 3052-2015 危险化学品事故应急救援指挥导则（报批稿）,危险化学品,.rar,补充标准\AQT 3052-2015 危险化学品事故应急救援指挥导则（报批稿）.rar
AQT3052,AQT 3052-2015 危险化学品事故应急救援指挥导则（报批稿）,危险化学品,.pdf,补充标准\AQT 3052-2015 危险化学品事故应急救援指挥导则（报批稿）\AQT 3052-2015 危险化学品事故应急救援指挥导则（报批稿）.pdf
CJJ175,CJJ 175-2012 生活垃圾卫生填埋气体收集处理及利用工程运行维护技术规程,危险化学品,.xdf,法律标准\标准\垃圾\CJJ 175-2012 生活垃圾卫生填埋气体收集处理及利用工程运行维护技术规程.xdf
CJJ84,CJJ 84-2000 汽车用燃气加气站技术规范-国家标准行业规范电子版下载,危险化学品,.xdf,法律标准\标准\CJJ 84-2000 汽车用燃气加气站技术规范-国家标准行业规范电子版下载.xdf
DB11,DB11-450-2016餐饮服务单位使用瓶装液化石油气安全条件,危险化学品,.xdf,法律标准\标准\液化石油气\DB11-450-2016餐饮服务单位使用瓶装液化石油气安全条件.xdf
DB11,DB11-755-2010 危险化学品仓库建设及储存安全规范,危险化学品,.pdf,法律标准\标准\化学品\DB11-755-2010 危险化学品仓库建设及储存安全规范.pdf
DB11,DB11-T  451-2007 液化石油气、压缩天然气供应站安全运行管理规范,危险化学品,.xdf,法律标准\标准\液化石油气\DB11-T  451-2007 液化石油气、压缩天然气供应站安全运行管理规范.xdf
DB11,DB11T 451-2007 液化石油气、压缩天然气供应站安全运行管理规范,危险化学品,.pdf,法律标准\标准\燃气\DB11T 451-2007 液化石油气、压缩天然气供应站安全运行管理规范.pdf
DB11,DB11T 451-2017 液化石油气、压缩天然气和液化天然气供应站安全运行技术规程,危险化学品,.pdf,新标准\DB11T 451-2017 液化石油气、压缩天然气和液化天然气供应站安全运行技术规程.pdf
DB11,DB11T 451-2017 液化石油气、压缩天然气和液化天然气供应站安全运行技术规程,危险化学品,.xdf,新标准\新增\DB11T 451-2017 液化石油气、压缩天然气和液化天然气供应站安全运行技术规程.xdf
DB11,DB11T 833-2019危险化学品地上储罐区安全要求,危险化学品,.xdf,法律标准\标准\化学品\DB11T 833-2019危险化学品地上储罐区安全要求.xdf
DB11,DB11_T 451-2007 液化石油气、压缩天然气供应站安全运行管理规范,危险化学品,.xdf,法律标准\标准\燃气\DB11_T 451-2007 液化石油气、压缩天然气供应站安全运行管理规范.xdf
DB11,DB11∕450-2016 餐饮服务单位使用瓶装液化石油气安全条件,危险化学品,.pdf,新标准\新增\DB11∕450-2016 餐饮服务单位使用瓶装液化石油气安全条件.pdf
DB12,DB12T 771-2018 危险化学品重大危险源安全评估导则,危险化学品,.xdf,法律标准\标准\重大危险源\DB12T 771-2018 危险化学品重大危险源安全评估导则.xdf
DB12,DB12∕T 3007-2017 混合气体气瓶充装规定,危险化学品,.rar,法律标准\法律法规\培训\天津所用法规\天津标准\DB12∕T 3007-2017 混合气体气瓶充装规定.rar
DB12,DB12∕T 724.3-2017 安全生产等级评定技术规范 第3部分：加油站,危险化学品,.rar,法律标准\法律法规\培训\天津所用法规\天津标准\DB12∕T 724.3-2017 安全生产等级评定技术规范 第3部分：加油站.rar
DB12,DB12∕T 724.5-2017 安全生产等级评定技术规范 第5部分：危险化学品经营企业,危险化学品,.rar,法律标准\法律法规\培训\天津所用法规\天津标准\DB12∕T 724.5-2017 安全生产等级评定技术规范 第5部分：危险化学品经营企业.rar
DB13,DB13-T-2518-2017-工业企业可燃气体和有毒气体检测报警系统检查检测规范,危险化学品,.pdf,111111\隐患排查依据文本（一）\隐患排查依据文本（一）\法规\DB13-T-2518-2017-工业企业可燃气体和有毒气体检测报警系统检查检测规范.pdf
DB13,DB13-T-2518-2017-工业企业可燃气体和有毒气体检测报警系统检查检测规范,危险化学品,.pdf,法律标准\标准\安全管理\设计\DB13-T-2518-2017-工业企业可燃气体和有毒气体检测报警系统检查检测规范.pdf
DB13,DB13T 2518-2017 工业企业可燃气体和有毒气体检测报警系统检查检测规范,危险化学品,.pdf,法律标准\标准\气体检测\DB13T 2518-2017 工业企业可燃气体和有毒气体检测报警系统检查检测规范.pdf
DB13,DB13T2941-2019危险化学品登记管理规范,危险化学品,.pdf,法律标准\标准\化学品\危险化学品文件要求\新建文件夹\DB13T2941-2019危险化学品登记管理规范.pdf
DB13,DB13_T 5615.2-2022 重点行业领域生产安全事故应急演练规范 第2部分：危险化学品企业,危险化学品,.pdf,补充标准\DB13_T 5615.2-2022 重点行业领域生产安全事故应急演练规范 第2部分：危险化学品企业.pdf
DB13,DB13∕T 5022-2019 冶金企业气体防护站安全管理规范,危险化学品,.pdf,111111\DB13∕T 5022-2019 冶金企业气体防护站安全管理规范.pdf
DB22,DB22T 1530-2011 气体充装站安全技术规范,危险化学品,.xdf,法律标准\标准\化学品\DB22T 1530-2011 气体充装站安全技术规范.xdf
DB22,DB22T 2166-2014 瓶装液化石油气充装站管理服务规范,危险化学品,.pdf,标准\燃气资料\DB22∕T 2166-2014 瓶装液化石油气充装站管理服务规范\DB22T 2166-2014 瓶装液化石油气充装站管理服务规范.pdf
DB22,DB22∕T 2166-2014 瓶装液化石油气充装站管理服务规范,危险化学品,.rar,标准\燃气资料\DB22∕T 2166-2014 瓶装液化石油气充装站管理服务规范.rar
DB23,DB23T - 气体汇流排安全技术规范,危险化学品,.xdf,法律标准\标准\汇流排\DB23T - 气体汇流排安全技术规范.xdf
DB23,DB23T 1451-2017 危险化学品重大危险源评估报告编制导则,危险化学品,.xdf,法律标准\标准\重大危险源\DB23T 1451-2017 危险化学品重大危险源评估报告编制导则.xdf
DB23,DB23_T 3491-2023 企业危险化学品储罐区应急预案编制指南,危险化学品,.pdf,补充标准\DB23_T 3491-2023 企业危险化学品储罐区应急预案编制指南.pdf
DB3305,DB3305T 178-2020 液化石油气气瓶充装单位钢瓶管理规范,危险化学品,.xdf,新标准\新增\DB3305T 178-2020 液化石油气气瓶充装单位钢瓶管理规范.xdf
DB34,DB34∕T 2040-2014 压缩天然气（CNG）加气站运行与计量管理规范,危险化学品,.pdf,法律标准\标准\压缩天然气\DB34∕T 2040-2014 压缩天然气（CNG）加气站运行与计量管理规范.pdf
DB37,DB37T 4184-2020 低温液化气体气瓶充装站安全技术条件,危险化学品,.xdf,法律标准\标准\化学品\DB37T 4184-2020 低温液化气体气瓶充装站安全技术条件.xdf
DB4102,DB4102∕T 014-2020 可燃气体检测报警器安装使用要求,危险化学品,.pdf,新建文件夹\DB4102∕T 014-2020 可燃气体检测报警器安装使用要求.pdf
DB4401,DB4401∕T 40.1-2020 城镇燃气经营企业安全管理规范 第1部分：液化石油气经营企业,危险化学品,.pdf,新标准\新增\DB4401∕T 40.1-2020 城镇燃气经营企业安全管理规范 第1部分：液化石油气经营企业.pdf
DB4403,DB4403∕T 79-2020 危险化学品储存柜安全技术要求及管理规范,危险化学品,.pdf,新标准\标准\DB4403∕T 79-2020 危险化学品储存柜安全技术要求及管理规范.pdf
DB46,DB46_T 523-2021 危险化学品企业情景化专项应急预案编制导则,危险化学品,.pdf,补充标准\DB46_T 523-2021 危险化学品企业情景化专项应急预案编制导则.pdf
DLT1555,DLT 1555-2016 六氟化硫气体泄漏在线监测报警装置运行维护导则,危险化学品,.pdf,法律标准\标准\设备设施\风力\DLT 1555-2016 六氟化硫气体泄漏在线监测报警装置运行维护导则.pdf
DL∕T5204,DL∕T 5204-2016 发电厂油气管道设计规程,危险化学品,.rar,垃圾发电补充2\DL∕T 5204-2016 发电厂油气管道设计规程.rar
GB-12358,气体检测报警仪GB-12358-2006,危险化学品,.doc,法律标准\标准\气体检测\气体检测报警仪GB-12358-2006.doc
GB-12358,气体检测报警仪GB-12358-2006,危险化学品,.docx,法律标准\标准\气体检测\气体检测报警仪GB-12358-2006.docx
GB-17915,GB-17915-2013-腐蚀性商品储存养护技术条件,危险化学品,.pdf,法律标准\标准\化学品\GB-17915-2013-腐蚀性商品储存养护技术条件.pdf
GB-18265,危险化学品经营企业开业条件和技术要求-GB-18265-2000,危险化学品,.doc,法律标准\标准\化学品\危险化学品经营企业开业条件和技术要求-GB-18265-2000.doc
GB-18265,危险化学品经营企业开业条件和技术要求-GB-18265-2000,危险化学品,.docx,法律标准\标准\化学品\危险化学品经营企业开业条件和技术要求-GB-18265-2000.docx
GB-50493,GB-50493-2009-石油化工可燃气体和有毒气体检测报警设计规范,危险化学品,.docx,法律标准\标准\安全管理\设计\GB-50493-2009-石油化工可燃气体和有毒气体检测报警设计规范.docx
GB.,(最新2013版)腐蚀性商品储存养护技术条件GB,危险化学品,.doc,法律标准\标准\化学品\(最新2013版)腐蚀性商品储存养护技术条件GB.doc
GB.,(最新2013版)腐蚀性商品储存养护技术条件GB,危险化学品,.docx,法律标准\标准\化学品\(最新2013版)腐蚀性商品储存养护技术条件GB.docx
GB10892,GB 10892-2005 固定的空气压缩机 安全规则和操作规程,危险化学品,.pdf,法律标准\标准\压缩气体规定\GB 10892-2005 固定的空气压缩机 安全规则和操作规程.pdf
GB11174,GB 11174-1997 液化石油气,危险化学品,.pdf,法律标准\标准\化学品\GB 11174-1997 液化石油气.pdf
GB11174,GB 11174-2011 液化石油气,危险化学品,.rar,111111\GB 11174-2011 液化石油气.rar
GB11174,GB 11174-2011 液化石油气,危险化学品,.pdf,111111\GB 11174-2011 液化石油气\GB 11174-2011 液化石油气.pdf
GB11638,GB 11638-2011 溶解乙炔气瓶,危险化学品,.pdf,法律标准\标准\化学品\GB 11638-2011 溶解乙炔气瓶.pdf
GB11984,GB 11984-2008 氯气安全规程,危险化学品,.pdf,法律标准\标准\化学品\GB 11984-2008 氯气安全规程.pdf
GB12268,GB 12268-2012 危险货物品名表,危险化学品,.pdf,法律标准\标准\化学品\GB 12268-2012 危险货物品名表.pdf
GB12358,GB 12358-2024 作业场所环境气体检测报警仪器 通用技术要求,危险化学品,.pdf,安全标准\GB 12358-2024 作业场所环境气体检测报警仪器 通用技术要求.pdf
GB12358,GB12358-2006作业场所环境气体检测报警仪 通用技术要求,危险化学品,.pdf,法律标准\标准\气体检测\GB12358-2006作业场所环境气体检测报警仪 通用技术要求.pdf
GB13348,GB 13348-2009 液体石油产品静电安全规程,危险化学品,.pdf,法律标准\标准\化学品\GB 13348-2009 液体石油产品静电安全规程.pdf
GB13392,GB 13392-2005 道路运输危险货物车辆标志,危险化学品,.pdf,法律标准\标准\化学品\GB 13392-2005 道路运输危险货物车辆标志.pdf
GB13690,GB 13690-2009 化学品分类和危险性公示 通则,危险化学品,.pdf,法律标准\标准\化学品\GB 13690-2009 化学品分类和危险性公示 通则.pdf
GB13690,GB 13690-2009 化学品分类和危险性公示 通则,危险化学品,.pdf,法律标准\标准\污水\GB 13690-2009 化学品分类和危险性公示 通则.pdf
GB14193,GB 14193-2009  液化气体气瓶充装规定,危险化学品,.xdf,法律标准\标准\化学品\GB 14193-2009  液化气体气瓶充装规定.xdf
GB15258,GB 15258-2009 化学品安全标签编写规定,危险化学品,.pdf,法律标准\标准\化学品\GB 15258-2009 化学品安全标签编写规定.pdf
GB15258,GB15258-2009 化学品安全标签编写规定,危险化学品,.pdf,法律标准\标准\化学品\GB15258-2009 化学品安全标签编写规定.pdf
GB15322.1,GB 15322.1-2019 可燃气体探测器 第1部分：工业及商业用途点型可燃气体探测器,危险化学品,.pdf,法律标准\标准\污水\GB 15322.1-2019 可燃气体探测器 第1部分：工业及商业用途点型可燃气体探测器.pdf
GB15603,GB 15603-1995 常用化学危险品贮存通则,危险化学品,.pdf,法律标准\标准\化学品\GB 15603-1995 常用化学危险品贮存通则.pdf
GB15603,GB 15603—2022 危险化学品储存通则,危险化学品,.pdf,安全标准\GB 15603—2022 危险化学品储存通则.pdf
GB16804,GB 16804-2011 气瓶警示标签,危险化学品,.pdf,法律标准\标准\化学品\GB 16804-2011 气瓶警示标签.pdf
GB16808,GB 16808-2008 可燃气体报警控制器,危险化学品,.pdf,法律标准\标准\气体检测\GB 16808-2008 可燃气体报警控制器.pdf
GB16912,GB 16912-2008深度冷冻法生产氧气及相关气体安全技术规程,危险化学品,.xdf,法律标准\标准\氧相关资料\GB 16912-2008深度冷冻法生产氧气及相关气体安全技术规程.xdf
GB16912,GB16912-1997氧气与相关气体安全技术规,危险化学品,.doc,法律标准\标准\汇流排\GB16912-1997氧气与相关气体安全技术规.doc
GB16912,GB16912-1997氧气与相关气体安全技术规,危险化学品,.docx,法律标准\标准\汇流排\GB16912-1997氧气与相关气体安全技术规.docx
GB16912,GB16912-2008-深度冷冻法生产氧气及相关气体安全技术规程,危险化学品,.doc,法律标准\标准\安全管理\设计\GB16912-2008-深度冷冻法生产氧气及相关气体安全技术规程.doc
GB16912,GB16912-2008-深度冷冻法生产氧气及相关气体安全技术规程,危险化学品,.docx,法律标准\标准\安全管理\设计\GB16912-2008-深度冷冻法生产氧气及相关气体安全技术规程.docx
GB16912,GB16912-2008-深度冷冻法生产氧气及相关气体安全技术规程,危险化学品,.doc,法律标准\标准\氧相关资料\GB16912-2008-深度冷冻法生产氧气及相关气体安全技术规程.doc
GB16912,GB16912-2008-深度冷冻法生产氧气及相关气体安全技术规程,危险化学品,.docx,法律标准\标准\氧相关资料\GB16912-2008-深度冷冻法生产氧气及相关气体安全技术规程.docx
GB17681,GB 17681-1999 易燃易爆罐区安全监控预警系统验收技术要求,危险化学品,.xdf,法律标准\标准\危险源\重大危险源\GB 17681-1999 易燃易爆罐区安全监控预警系统验收技术要求.xdf
GB17914,GB17914-2013-易燃易爆性商品储存养护技术条件,危险化学品,.pdf,法律标准\标准\化学品\GB17914-2013-易燃易爆性商品储存养护技术条件.pdf
GB17914,GB17914-2013易燃易爆性商品储存养护技术条件,危险化学品,.pdf,法律标准\标准\化学品\GB17914-2013易燃易爆性商品储存养护技术条件.pdf
GB17915,GB17915-2013 腐蚀性商品储存养护技术条件,危险化学品,.pdf,法律标准\标准\化学品\GB17915-2013 腐蚀性商品储存养护技术条件.pdf
GB17916,GB17916 -2013 毒害性商品储存养护技术条件,危险化学品,.pdf,法律标准\标准\化学品\GB17916 -2013 毒害性商品储存养护技术条件.pdf
GB17916,GB17916-2013毒害性商品存储养护技术条件,危险化学品,.pdf,法律标准\标准\化学品\GB17916-2013毒害性商品存储养护技术条件.pdf
GB18218,GB 18218-2018 危险化学品重大危险源辨识,危险化学品,.xdf,法律标准\标准\危险源\重大危险源\GB 18218-2018 危险化学品重大危险源辨识.xdf
GB18218,GB 18218-2018 危险化学品重大危险源辨识,危险化学品,.xdf,法律标准\标准\重大危险源\GB 18218-2018 危险化学品重大危险源辨识.xdf
GB18218,GB18218-2009 危险化学品重大危险源辨识,危险化学品,.pdf,法律标准\标准\化学品\GB18218-2009 危险化学品重大危险源辨识.pdf
GB18218,GB18218-2009 危险化学品重大危险源辨识,危险化学品,.rar,法律标准\标准\危险源\重大危险源\GB18218-2009 危险化学品重大危险源辨识.rar
GB18218,GB18218-2018 危险化学品重大危险源辨识,危险化学品,.pdf,法律标准\标准\危险源\重大危险源\GB18218-2018 危险化学品重大危险源辨识.pdf
GB18265,GB 18265-2000 危险化学品经营企业开业条件和技术要求,危险化学品,.pdf,法律标准\标准\化学品\GB 18265-2000 危险化学品经营企业开业条件和技术要求.pdf
GB18265,GB 18265-2000危险化学品经营企业开业条件和技术要求,危险化学品,.pdf,法律标准\标准\参考资料\GB 18265-2000危险化学品经营企业开业条件和技术要求.pdf
GB18597,GB 18597-2001 危险废物贮存污染控制标准,危险化学品,.pdf,法律标准\标准\化学品\GB 18597-2001 危险废物贮存污染控制标准.pdf
GB190,GB 190-1990 危险货物包装标志,危险化学品,.pdf,法律标准\标准\化学品\GB 190-1990 危险货物包装标志.pdf
GB27550,GB 27550-2011 充装站安全技术条件,危险化学品,.xdf,法律标准\标准\化学品\GB 27550-2011 充装站安全技术条件.xdf
GB27550,GB 27550-2011 气瓶充装站安全技术条件,危险化学品,.pdf,法律标准\标准\化学品\GB 27550-2011 气瓶充装站安全技术条件.PDF
GB28009,GB28009-2011冷库安全规程,危险化学品,.rar,法律标准\标准\化学品\GB28009-2011冷库安全规程.rar
GB28881,GB28881-2023 手部防护 化学品及微生物防护手套 2025.1.1实施,危险化学品,.pdf,标准（2024.3.3下载）\GB28881-2023 手部防护 化学品及微生物防护手套 2025.1.1实施.pdf
GB30000.7,GB 30000.7-2013化学品分类和标签规范第7部分：易燃液体 [高清版],危险化学品,.xdf,法律标准\标准\化学品\GB 30000.7-2013化学品分类和标签规范第7部分：易燃液体 [高清版].xdf
GB30077,GB 30077-2013 危险化学品单位应急救援物资配备要求,危险化学品,.pdf,法律标准\标准\应急管理\GB 30077-2013 危险化学品单位应急救援物资配备要求.pdf
GB30077,GB 30077-2023 危险化学品单位应急救援物资配备要求,危险化学品,.pdf,补充标准\GB 30077-2023 危险化学品单位应急救援物资配备要求.pdf
GB30077,GB30077-2023 危险化学品单位应急救援物资配备要求 2024.9.1实施,危险化学品,.pdf,标准（2024.3.3下载）\GB30077-2023 危险化学品单位应急救援物资配备要求 2024.9.1实施.pdf
GB30871,GB 30871-2014 化学品生产单位特殊作业安全规程,危险化学品,.pdf,法律标准\标准\化学品\GB 30871-2014 化学品生产单位特殊作业安全规程.pdf
GB30871,GB 30871-2022 危险化学品企业特殊作业安全规范（2022.10.1实施）,危险化学品,.pdf,新标准\新增\GB 30871-2022 危险化学品企业特殊作业安全规范（2022.10.1实施）.pdf
GB35844,GB 35844-2018 瓶装液化石油气调压器,危险化学品,.pdf,新建文件夹\GB 35844-2018 瓶装液化石油气调压器.pdf
GB36894,GB36894-2018 危险化学品生产装置和储存设施风险基准,危险化学品,.pdf,法律标准\标准\化学品\GB36894-2018 危险化学品生产装置和储存设施风险基准.pdf
GB3836.14,GB 3836.14-2014 爆炸性环境  第14部分 场所分类  爆炸性气体环境,危险化学品,.rar,新标准\GB 3836.14-2014 爆炸性环境  第14部分 场所分类  爆炸性气体环境.rar
GB3836.14,GB 3836.14-2014 爆炸性环境  第14部分 场所分类  爆炸性气体环境,危险化学品,.pdf,新标准\GB 3836.14-2014 爆炸性环境  第14部分 场所分类  爆炸性气体环境\GB 3836.14-2014 爆炸性环境  第14部分 场所分类  爆炸性气体环境.pdf
GB3836.14,GB 3836.14-2014 爆炸性环境 第14部分 场所分类 爆炸性气体环境,危险化学品,.xdf,法律标准\标准\爆炸\GB 3836.14-2014 爆炸性环境 第14部分 场所分类 爆炸性气体环境.xdf
GB50072,GB50072-2010 冷库设计规范,危险化学品,.pdf,法律标准\标准\化学品\GB50072-2010 冷库设计规范.pdf
GB50156,GB 50156-2012 汽车加油加气站设计与规范,危险化学品,.pdf,法律标准\标准\安全管理\设计\GB 50156-2012 汽车加油加气站设计与规范.pdf
GB50156,GB 50156-2012汽车加油加气站设计与施工规范,危险化学品,.pdf,法律标准\标准\安全管理\设计\GB 50156-2012汽车加油加气站设计与施工规范.pdf
GB50156,GB50156-2012 汽车加油加气站设计与施工规范 （2014）,危险化学品,.docx,法律标准\标准\GB50156-2012 汽车加油加气站设计与施工规范 （2014）.docx
GB50156,GB50156-2012 汽车加油加气站设计与施工规范 （2014）,危险化学品,.pdf,法律标准\标准\GB50156-2012 汽车加油加气站设计与施工规范 （2014）.pdf
GB50156,GB50156-2021 汽车加油加气加氢站技术标准,危险化学品,.pdf,标准123\GB50156-2021 汽车加油加气加氢站技术标准.pdf
GB50475,GB 50475-2008 石油化工全厂性仓库及堆场设计规范,危险化学品,.rar,法律标准\标准\化学品\GB 50475-2008 石油化工全厂性仓库及堆场设计规范.rar
GB50493,GB 50493-2009 石油化工可燃气体和有毒气体检测报警设计规范,危险化学品,.pdf,法律标准\标准\职业卫生\GB 50493-2009 石油化工可燃气体和有毒气体检测报警设计规范.PDF
GB50493,GB50493-2009 石油化工可燃气体和有毒气体检测报警设计规范规范,危险化学品,.xdf,法律标准\标准\安全管理\设计\GB50493-2009 石油化工可燃气体和有毒气体检测报警设计规范规范.xdf
GB50493,GB50493-2009《石油化工可燃气体和有毒气体检测报警设计规范》GB50493-2009,危险化学品,.pdf,法律标准\标准\安全管理\设计\GB50493-2009《石油化工可燃气体和有毒气体检测报警设计规范》GB50493-2009.pdf
GB50493,石油化工可燃气体和有毒气体检测报警设计规范GB50493-2009(含宣贯资料和条文说明),危险化学品,.pdf,法律标准\标准\气体检测\石油化工可燃气体和有毒气体检测报警设计规范GB50493-2009(含宣贯资料和条文说明).pdf
GB50493,石油化工可燃气体和有毒气体检测报警设计规范【GB50493-2009】,危险化学品,.doc,法律标准\标准\气体检测\石油化工可燃气体和有毒气体检测报警设计规范【GB50493-2009】.doc
GB50493,石油化工可燃气体和有毒气体检测报警设计规范【GB50493-2009】,危险化学品,.docx,法律标准\标准\气体检测\石油化工可燃气体和有毒气体检测报警设计规范【GB50493-2009】.docx
GB50751,GB 50751-2012 医用气体工程技术规范,危险化学品,.pdf,法律标准\标准\设备设施\医用\GB 50751-2012 医用气体工程技术规范.pdf
GB5085.7,GB 5085.7-2007 危险废物鉴别标准 通则,危险化学品,.pdf,法律标准\标准\化学品\GB 5085.7-2007 危险废物鉴别标准 通则.pdf
GB51142,GB 51142-2015 液化石油气供应工程设计规范,危险化学品,.rar,标准\燃气资料\GB 51142-2015 液化石油气供应工程设计规范.rar
GB51142,GB 51142-2015 液化石油气供应工程设计规范,危险化学品,.pdf,标准\燃气资料\GB 51142-2015 液化石油气供应工程设计规范\GB 51142-2015 液化石油气供应工程设计规范.pdf
GB51142,GB 51142-2015 液化石油气供应工程设计规范,危险化学品,.pdf,法律标准\标准\燃气\GB 51142-2015 液化石油气供应工程设计规范.pdf
GB51142,GB 51142-2015 液化石油气供应工程设计规范（完整）,危险化学品,.xdf,法律标准\标准\安全管理\设计\GB 51142-2015 液化石油气供应工程设计规范（完整）.xdf
GB51142,《液化石油气供应工程设计规范》GB51142-2015与《城镇燃气设计规范》GB50028-2006第8章对比,危险化学品,.pdf,新标准\新增\《液化石油气供应工程设计规范》GB51142-2015与《城镇燃气设计规范》GB50028-2006第8章对比.pdf
GB51142,《液化石油气供应工程设计规范》GB51142-2015与《城镇燃气设计规范》GB50028-2006第8章对比,危险化学品,.pdf,法律标准\标准\燃气\《液化石油气供应工程设计规范》GB51142-2015与《城镇燃气设计规范》GB50028-2006第8章对比.pdf
GB5842,GB 5842-2006 液化石油气钢瓶,危险化学品,.pdf,法律标准\标准\化学品\GB 5842-2006 液化石油气钢瓶.pdf
GB5842,GB 5842-2023 液化石油气钢瓶,危险化学品,.pdf,111111\GB 5842-2023 液化石油气钢瓶.pdf
GB5842,GB 5842—2023液化石油气钢瓶,危险化学品,.pdf,新建文件夹\GB 5842—2023液化石油气钢瓶.pdf
GB5842,GB5842-2023 液化石油气钢瓶 2023.12.1,危险化学品,.pdf,标准（2024.3.3下载）\GB5842-2023 液化石油气钢瓶 2023.12.1.pdf
GB5842,《液化石油气钢瓶》（GB5842-2023）【可编辑word版】,危险化学品,.docx,新建文件夹\《液化石油气钢瓶》（GB5842-2023）【可编辑word版】.docx
GB5842,《液化石油气钢瓶》（GB5842-2023）【高清无水印版】,危险化学品,.pdf,新建文件夹\《液化石油气钢瓶》（GB5842-2023）【高清无水印版】.pdf
GB6944,GB 6944-2012 危险货物分类和品名编号,危险化学品,.pdf,法律标准\标准\化学品\GB 6944-2012 危险货物分类和品名编号.pdf
GB7144,GB 7144-1999 气瓶颜色标志(作废文件，参考),危险化学品,.pdf,法律标准\标准\化学品\GB 7144-1999 气瓶颜色标志(作废文件，参考).pdf
GB7512,GB 7512-2023 液化石油气瓶阀,危险化学品,.pdf,新建文件夹\GB 7512-2023 液化石油气瓶阀.pdf
GB7512,GB7512-2023 液化石油气瓶阀 2023.12.1实施,危险化学品,.pdf,标准（2024.3.3下载）\GB7512-2023 液化石油气瓶阀 2023.12.1实施.pdf
GB7512,《液化石油气瓶阀》（GB7512-2023）【可编辑word版】,危险化学品,.docx,新建文件夹\《液化石油气瓶阀》（GB7512-2023）【可编辑word版】.docx
GB7512,《液化石油气瓶阀》（GB7512-2023）【高清无水印版】,危险化学品,.pdf,标准\《液化石油气瓶阀》（GB7512-2023）【高清无水印版】.pdf
GB8334,GB 8334-2011 液化石油气钢瓶定期检验与评定,危险化学品,.pdf,法律标准\标准\化学品\GB 8334-2011 液化石油气钢瓶定期检验与评定.pdf
GBT16483,GBT 16483-2008 化学品安全技术说明书 内容和项目顺序,危险化学品,.pdf,法律标准\标准\化学品\GBT 16483-2008 化学品安全技术说明书 内容和项目顺序.pdf
GBT20936.1,GBT 20936.1-2017 爆炸性环境用气体探测器　第1部分：可燃气体探测器性能要求,危险化学品,.xdf,法律标准\标准\爆炸\GBT 20936.1-2017 爆炸性环境用气体探测器　第1部分：可燃气体探测器性能要求.xdf
GBT20936.2,GBT 20936.2-2017 爆炸性环境用气体探测器 第2部分：可燃气体和氧气探测器的选型、安装、使用和维护,危险化学品,.pdf,法律标准\标准\气体检测\GBT 20936.2-2017 爆炸性环境用气体探测器 第2部分：可燃气体和氧气探测器的选型、安装、使用和维护.pdf
GBT20936.2,GBT 20936.2-2017爆炸性环境用气体探测器第2部分：可燃气体和氧气探测器的选型、安装、使用和维护,危险化学品,.xdf,法律标准\标准\爆炸\GBT 20936.2-2017爆炸性环境用气体探测器第2部分：可燃气体和氧气探测器的选型、安装、使用和维护.xdf
GBT20936.3,GBT 20936.3-2017 爆炸性环境用气体探测器 第3部分：固定式气体探测系统功能安全指南,危险化学品,.pdf,法律标准\标准\爆破片\GBT 20936.3-2017 爆炸性环境用气体探测器 第3部分：固定式气体探测系统功能安全指南.pdf
GBT20936.3,GBT 20936.3-2017 爆炸性环境用气体探测器 第3部分：固定式气体探测系统功能安全指南,危险化学品,.pdf,爆炸\GB∕T 20936.3-2017 爆炸性环境用气体探测器 第3部分：固定式气体探测系统功能安全指南\GBT 20936.3-2017 爆炸性环境用气体探测器 第3部分：固定式气体探测系统功能安全指南.pdf
GBT20936.3,GBT 20936.3-2017 爆炸性环境用气体探测器　第3部分：固定式气体探测系统功能安全指南,危险化学品,.xdf,法律标准\标准\爆炸\GBT 20936.3-2017 爆炸性环境用气体探测器　第3部分：固定式气体探测系统功能安全指南.xdf
GBT21848,GBT 21848-2008 工业用化学品 爆炸危险性的确定,危险化学品,.rar,新建文件夹 (2)\GBT 21848-2008 工业用化学品 爆炸危险性的确定.rar
GBT21848,GBT 21848-2008 工业用化学品 爆炸危险性的确定,危险化学品,.pdf,新建文件夹 (2)\GBT 21848-2008 工业用化学品 爆炸危险性的确定\GBT 21848-2008 工业用化学品 爆炸危险性的确定.pdf
GBT22732,GBT 22732-2008 食品速冻装置 流态化速冻装置,危险化学品,.xdf,法律标准\标准\化学品\GBT 22732-2008 食品速冻装置 流态化速冻装置.xdf
GBT22734,GBT 22734-2008 食品速冻装置 平板式速冻装置,危险化学品,.xdf,法律标准\标准\化学品\GBT 22734-2008 食品速冻装置 平板式速冻装置.xdf
GBT24400,GBT24400-2009食品冷库HACCP应用规范,危险化学品,.pdf,法律标准\标准\化学品\GBT24400-2009食品冷库HACCP应用规范.pdf
GBT2550,GBT 2550-2007 气体焊接设备 焊接、切割和类似作业用橡胶软管（废止）,危险化学品,.pdf,法律标准\标准\设备设施\焊接设备\GBT 2550-2007 气体焊接设备 焊接、切割和类似作业用橡胶软管（废止）.pdf
GBT2550,GBT 2550-2016 气体焊接设备 焊接、切割和类似作业用橡胶软管,危险化学品,.pdf,法律标准\标准\压缩气体规定\GBT 2550-2016 气体焊接设备 焊接、切割和类似作业用橡胶软管.pdf
GBT2550,《 气体焊接设备 焊接、切割和类似作业用橡胶软管》（GBT2550-2025 ）,危险化学品,.pdf,安全标准\《 气体焊接设备 焊接、切割和类似作业用橡胶软管》（GBT2550-2025 ）.pdf
GBT260733,GBT 260733-2010有毒与可燃性气体检测系统安全评价导则,危险化学品,.rar,法律标准\标准\安全管理\设计\GBT 260733-2010有毒与可燃性气体检测系统安全评价导则.rar
GBT30103.1,GBT 30103.1-2013 冷库热工性能试验方法 第1部分温度和湿度检测,危险化学品,.rar,法律标准\标准\化学品\GBT 30103.1-2013 冷库热工性能试验方法 第1部分温度和湿度检测.rar
GBT30103.2,GBT 30103.2-2013 冷库热工性能试验方法 第2部分风速检测,危险化学品,.rar,法律标准\标准\化学品\GBT 30103.2-2013 冷库热工性能试验方法 第2部分风速检测.rar
GBT30103.3,GBT 30103.3-2013 冷库热工性能试验方法 第3部分围护结构热流量检测,危险化学品,.rar,法律标准\标准\化学品\GBT 30103.3-2013 冷库热工性能试验方法 第3部分围护结构热流量检测.rar
GBT30134,GBT30134-2013冷库管理规范,危险化学品,.pdf,法律标准\标准\化学品\GBT30134-2013冷库管理规范.pdf
GBT34.,《气瓶搬运、装卸、储存和使用安全规定》GBT34,危险化学品,.doc,法律标准\标准\化学品\《气瓶搬运、装卸、储存和使用安全规定》GBT34.doc
GBT34.,《气瓶搬运、装卸、储存和使用安全规定》GBT34,危险化学品,.docx,法律标准\标准\化学品\《气瓶搬运、装卸、储存和使用安全规定》GBT34.docx
GBT35528,GBT 35528-2017 低温液化气体安全指南,危险化学品,.pdf,新标准\GB∕T 35528-2017 低温液化气体安全指南\GBT 35528-2017 低温液化气体安全指南.pdf
GBT37243,GBT 37243-2019 危险化学品生产装置和储存设施外部安全防护距离确定方法,危险化学品,.pdf,安全标准\GBT 37243-2019 危险化学品生产装置和储存设施外部安全防护距离确定方法.pdf
GBT37327,GBT 37327-2019 常压储罐完整性管理,危险化学品,.xdf,法律标准\标准\化学品\GBT 37327-2019 常压储罐完整性管理.xdf
GBT50493,石油化工可燃气体和有毒气体检测报警设计标准 GBT 50493-2019,危险化学品,.pdf,111111\隐患排查依据文本（一）\隐患排查依据文本（一）\法规\石油化工可燃气体和有毒气体检测报警设计标准 GBT 50493-2019.pdf
GBT50493,石油化工可燃气体和有毒气体检测报警设计标准 GBT 50493-2019,危险化学品,.pdf,法律标准\标准\安全管理\设计\石油化工可燃气体和有毒气体检测报警设计标准 GBT 50493-2019.pdf
GBT50938,GBT 50938-2013 石油化工钢制低温储罐技术规范(附条文说明),危险化学品,.pdf,法律标准\标准\化学品\GBT 50938-2013 石油化工钢制低温储罐技术规范(附条文说明).pdf
GBZT223,GBZT 223-2009 工作场所有毒气体检测报警装置设置规范,危险化学品,.pdf,法律标准\标准\职业卫生\GBZT 223-2009 工作场所有毒气体检测报警装置设置规范.pdf
GBZT233,GBZT233-2009工作场所有毒气体检测报警装置设置规范,危险化学品,.pdf,法律标准\标准\气体检测\GBZT233-2009工作场所有毒气体检测报警装置设置规范.pdf
GBZT300.62,GBZT 300.62-2017 工作场所空气有毒物质测定 第62部分：溶剂汽油、液化石油气、抽余油和松节油,危险化学品,.pdf,111111\GBZ∕T 300.62-2017 工作场所空气有毒物质测定 第62部分：溶剂汽油、液化石油气、抽余油和松节油\GBZT 300.62-2017 工作场所空气有毒物质测定 第62部分：溶剂汽油、液化石油气、抽余油和松节油.pdf
GBZ∕T300.62,GBZ∕T 300.62-2017 工作场所空气有毒物质测定 第62部分：溶剂汽油、液化石油气、抽余油和松节油,危险化学品,.rar,111111\GBZ∕T 300.62-2017 工作场所空气有毒物质测定 第62部分：溶剂汽油、液化石油气、抽余油和松节油.rar
GB_T2550,GB_T 2550-2016 气体焊接设备 焊接、切割和类似作业用橡胶软管,危险化学品,.xdf,111111\隐患排查依据文本（一）\隐患排查依据文本（一）\标准\GB_T 2550-2016 气体焊接设备 焊接、切割和类似作业用橡胶软管.xdf
GB_T2550,GB_T 2550-2016 气体焊接设备 焊接、切割和类似作业用橡胶软管,危险化学品,.xdf,法律标准\标准\GB_T 2550-2016 气体焊接设备 焊接、切割和类似作业用橡胶软管.xdf
GB_T5842,GB_T 5842-2022 液化石油气钢瓶,危险化学品,.pdf,新建文件夹\GB_T 5842-2022 液化石油气钢瓶.pdf
GB_T6052,GB_T 6052-2011 工业液体二氧化碳,危险化学品,.xdf,法律标准\标准\化学品\GB_T 6052-2011 工业液体二氧化碳.xdf
GB∕T20936.3,GB∕T 20936.3-2017 爆炸性环境用气体探测器 第3部分：固定式气体探测系统功能安全指南,危险化学品,.rar,爆炸\GB∕T 20936.3-2017 爆炸性环境用气体探测器 第3部分：固定式气体探测系统功能安全指南.rar
GB∕T35528,GB∕T 35528-2017 低温液化气体安全指南,危险化学品,.rar,新标准\GB∕T 35528-2017 低温液化气体安全指南.rar
GB∕T37243,GB∕T 37243-2019 危险化学品生产装置和储存设施外部安全防护距离确定方法,危险化学品,.pdf,法律标准\标准\化学品\危险化学品\GB∕T 37243-2019 危险化学品生产装置和储存设施外部安全防护距离确定方法.pdf
GB∕T50938,GB∕T 50938-2013 石油化工钢制低温储罐技术规范,危险化学品,.xdf,法律标准\标准\化学品\GB∕T 50938-2013 石油化工钢制低温储罐技术规范.xdf
GB∕T7512,废止GB∕T 7512-2017 液化石油气瓶阀,危险化学品,.pdf,新建文件夹\废止GB∕T 7512-2017 液化石油气瓶阀.pdf
HJT298,HJT 298-2007 危险废物鉴别技术规范,危险化学品,.pdf,法律标准\标准\化学品\HJT 298-2007 危险废物鉴别技术规范.pdf
JB9186,JB9186-1999-二氧化碳气体保护焊工艺规程,危险化学品,.pdf,法律标准\标准\安全管理\JB9186-1999-二氧化碳气体保护焊工艺规程.pdf
SY-6503,SY-6503-2008-石油天然气工程可燃气体检测报警系统安全技术规范,危险化学品,.pdf,法律标准\标准\气体检测\SY-6503-2008-石油天然气工程可燃气体检测报警系统安全技术规范.pdf
SY6503,SY 6503-2008  石油天然气工程可燃气体检测报警系统安全技术规范,危险化学品,.pdf,法律标准\标准\职业卫生\SY 6503-2008  石油天然气工程可燃气体检测报警系统安全技术规范.pdf
SY6503,SY 6503-2016 石油天然气工程可燃气体检测报警系统安全规范,危险化学品,.xdf,法律标准\标准\安全管理\设计\SY 6503-2016 石油天然气工程可燃气体检测报警系统安全规范.xdf
SY∕T5985,SY∕T 5985-2020 液化石油气充装厂（站）安全规程,危险化学品,.pdf,新标准\新增\SY∕T 5985-2020 液化石油气充装厂（站）安全规程.pdf
YY∕T1439.2,YY∕T 1439.2-2016 医用气体压力调节器 第2部分：汇流排压力调节器和管道压力调节器,危险化学品,.pdf,法律标准\标准\设备设施\医用\YY∕T 1439.2-2016 医用气体压力调节器 第2部分：汇流排压力调节器和管道压力调节器.pdf
db41,db41 t 1176-2015 危险化学品重大危险源安全评估导则,危险化学品,.xdf,法律标准\标准\重大危险源\db41 t 1176-2015 危险化学品重大危险源安全评估导则.xdf
,1-危险化学品目录（2015版）,危险化学品,.pdf,111111\隐患排查依据文本（一）\隐患排查依据文本（一）\法规\1-危险化学品目录（2015版）.pdf
,201117市安委办关于切实加强易燃易爆和人员密集场所安全防范工作的通知,危险化学品,.pdf,新文件包\201117市安委办关于切实加强易燃易爆和人员密集场所安全防范工作的通知.pdf
,2015危险化学品目录,危险化学品,.doc,法律标准\标准\化学品\2015危险化学品目录.doc
,2015危险化学品目录,危险化学品,.docx,法律标准\标准\化学品\2015危险化学品目录.docx
,2021年8月19日  华远危化品评估报告,危险化学品,.docx,法律标准\标准\化学品\危险化学品文件要求\2021年8月19日  华远危化品评估报告.docx
,2021年8月8日  华远危化品评估报告,危险化学品,.docx,法律标准\标准\化学品\危险化学品文件要求\2021年8月8日  华远危化品评估报告.docx
,2021年9月26日  修改露露危化品评估报告(1),危险化学品,.docx,法律标准\标准\化学品\危险化学品文件要求\2021年9月26日  修改露露危化品评估报告(1).docx
,55_液化石油气储罐的设计课程设计,危险化学品,.xdf,法律标准\标准\液化石油气\55_液化石油气储罐的设计课程设计.xdf
,9-14  承德撬装加油站报价单,危险化学品,.pdf,新标准\撬装\9-14  承德撬装加油站报价单.pdf
,AQ危险化学品重大危险源安全监控通用技术规范,危险化学品,.xdf,法律标准\标准\危险源\重大危险源\AQ危险化学品重大危险源安全监控通用技术规范.xdf
,CNG及LNG加气站风险管控资料,危险化学品,.doc,标准\燃气资料\CNG及LNG加气站风险管控资料.doc
,CNG及LNG加气站风险管控资料,危险化学品,.docx,标准\燃气资料\CNG及LNG加气站风险管控资料.docx
,GB T 2550-2016 气体焊接设备 焊接、切割和类似作业用橡胶软管,危险化学品,.xdf,法律标准\标准\设备设施\焊接设备\GB T 2550-2016 气体焊接设备 焊接、切割和类似作业用橡胶软管.xdf
,GB T 3836.11-2017 爆炸性环境 第11部分：气体和蒸气物质特性分类 试验方法和数,危险化学品,.xdf,法律标准\标准\爆炸\GB T 3836.11-2017 爆炸性环境 第11部分：气体和蒸气物质特性分类 试验方法和数.xdf
,GBT+2550-2025气体焊接设备 焊接、切割和类似作业用橡胶软管,危险化学品,.pdf,安全标准\GBT+2550-2025气体焊接设备 焊接、切割和类似作业用橡胶软管.pdf
,GB／T+50493-2019+石油化工可燃气体和有毒气体检测报警设计标准,危险化学品,.pdf,安全标准\GB／T+50493-2019+石油化工可燃气体和有毒气体检测报警设计标准.pdf
,HG 20571-2014 化工企业安全卫生设计规范,危险化学品,.pdf,法律标准\标准\化学品\HG 20571-2014 化工企业安全卫生设计规范.pdf
,JCT 2429-2017 蒸压加气混凝土设备 摆渡车,危险化学品,.pdf,标准\JC∕T 2429-2017 蒸压加气混凝土设备 摆渡车\JCT 2429-2017 蒸压加气混凝土设备 摆渡车.pdf
,JC∕T 2429-2017 蒸压加气混凝土设备 摆渡车,危险化学品,.rar,标准\JC∕T 2429-2017 蒸压加气混凝土设备 摆渡车.rar
,JJG 693-2011 可燃气体检测报警器,危险化学品,.pdf,新建文件夹\JJG 693-2011 可燃气体检测报警器.pdf
,JJG 693-2011 可燃气体检测报警器 标准,危险化学品,.xdf,法律标准\标准\重大危险源\JJG 693-2011 可燃气体检测报警器 标准.xdf
,JJG 693-2011可燃气体检测报警器,危险化学品,.xdf,法律标准\标准\重大危险源\JJG 693-2011可燃气体检测报警器.xdf
,L-CNG撬装加气站技术方案及说明,危险化学品,.docx,标准\燃气资料\L-CNG撬装加气站技术方案及说明.docx
,LNG加气站安全风险分析与管控措施,危险化学品,.docx,标准\燃气资料\LNG加气站安全风险分析与管控措施.docx
,LNG加气站综合项目安全预评价研究报告,危险化学品,.docx,LNG\LNG加气站综合项目安全预评价研究报告.docx
,LNG加气站综合项目安全预评价研究报告,危险化学品,.pdf,LNG\LNG加气站综合项目安全预评价研究报告.pdf
,LNG加气站项目安全预评价报告,危险化学品,.docx,LNG\LNG加气站项目安全预评价报告.docx
,NBT 1001-2011 液化天然气(LNG)汽车加气站技术规范,危险化学品,.rar,补充标准\NBT 1001-2011 液化天然气(LNG)汽车加气站技术规范.rar
,NBT 1001-2011 液化天然气(LNG)汽车加气站技术规范,危险化学品,.pdf,补充标准\NBT 1001-2011 液化天然气(LNG)汽车加气站技术规范\NBT 1001-2011 液化天然气(LNG)汽车加气站技术规范.pdf
,QSY1426-2011 油气田企业作业场所职业病危害预防控制规范,危险化学品,.pdf,法律标准\标准\中油标准\QSY1426-2011 油气田企业作业场所职业病危害预防控制规范.pdf
,SBJ11-2000冷藏库建筑工程施工及验收规范,危险化学品,.rar,法律标准\标准\化学品\SBJ11-2000冷藏库建筑工程施工及验收规范.rar
,SBT 10591-2011 加油站服务技术规范,危险化学品,.pdf,法律标准\标准\爆炸\SBT 10591-2011 加油站服务技术规范.pdf
,SH T 3007-2014 石油化工储运系统罐区设计规范,危险化学品,.xdf,法律标准\标准\化学品\SH T 3007-2014 石油化工储运系统罐区设计规范.xdf
,SH T 3530-2011 石油化工立式圆筒形钢制储罐施工技术规程 标准,危险化学品,.xdf,法律标准\标准\化学品\SH T 3530-2011 石油化工立式圆筒形钢制储罐施工技术规程 标准.xdf
,SH-T 3134-2002 采用橇装式加油装置的汽车加油站技术规范,危险化学品,.xdf,新标准\SH-T 3134-2002 采用橇装式加油装置的汽车加油站技术规范.xdf
,SH-T 3134-2002 采用橇装式加油装置的汽车加油站技术规范,危险化学品,.xdf,新标准\撬装\SH-T 3134-2002 采用橇装式加油装置的汽车加油站技术规范.xdf
,SHT 3177-2015 加油站用埋地玻璃纤维增强塑料双层油罐工程技术规范,危险化学品,.pdf,法律标准\标准\安全管理\设计\SHT 3177-2015 加油站用埋地玻璃纤维增强塑料双层油罐工程技术规范.pdf
,SHT 3537-2009 立式圆筒形低温储罐施工技术规程,危险化学品,.pdf,法律标准\标准\化学品\SHT 3537-2009 立式圆筒形低温储罐施工技术规程.pdf
,SH_T 3537-2009 立式圆筒形低温储罐施工技术规程,危险化学品,.xdf,法律标准\标准\化学品\SH_T 3537-2009 立式圆筒形低温储罐施工技术规程.xdf
,SH∕T 3564-2017 全容式低温储罐混凝土外罐施工及验收规范,危险化学品,.xdf,法律标准\标准\化学品\SH∕T 3564-2017 全容式低温储罐混凝土外罐施工及验收规范.xdf
,W020171030616953518195,危险化学品,.doc,法律标准\标准\化学品\危险化学品文件要求\新建文件夹\W020171030616953518195.doc
,W020171030616953518195,危险化学品,.docx,法律标准\标准\化学品\危险化学品文件要求\新建文件夹\W020171030616953518195.docx
,W020200730367256001677,危险化学品,.png,法律标准\标准\化学品\W020200730367256001677.png
,_可燃气体探测器  第2部分：家用可燃气体征求意见,危险化学品,.pdf,安全标准\_可燃气体探测器  第2部分：家用可燃气体征求意见.pdf
,colorschememapping,危险化学品,.xml,法律标准\标准\危险源\总局规章-17.危险化学品重大危险源监督管理暂行规定(2015修正).files\colorschememapping.xml
,filelist,危险化学品,.xml,法律标准\标准\危险源\总局规章-17.危险化学品重大危险源监督管理暂行规定(2015修正).files\filelist.xml
,themedata,危险化学品,.thmx,法律标准\标准\危险源\总局规章-17.危险化学品重大危险源监督管理暂行规定(2015修正).files\themedata.thmx
,《危险化学品目录（2015版）》,危险化学品,.doc,法律标准\标准\化学品\《危险化学品目录（2015版）》.doc
,《危险化学品目录（2015版）》,危险化学品,.docx,法律标准\标准\化学品\《危险化学品目录（2015版）》.docx
,《危险化学品目录（2015版）》解读,危险化学品,.docx,法律标准\标准\化学品\《危险化学品目录（2015版）》解读.docx
,《危险化学品目录（2015版）》解读PPT,危险化学品,.ppt,法律标准\法律法规\危化品法律法规\《危险化学品目录（2015版）》解读PPT.ppt
,《国家安全监管总局关于公布首批重点监管的危险化学品名录的通知》,危险化学品,.pdf,法律标准\法律法规\危化品法律法规\《国家安全监管总局关于公布首批重点监管的危险化学品名录的通知》.pdf
,《国家安全监管总局关于废止和修改危险化学品等领域七部规章的决定》总局令第79号2015年7月1日起,危险化学品,.doc,法律标准\法律法规\危化品法律法规\《国家安全监管总局关于废止和修改危险化学品等领域七部规章的决定》总局令第79号2015年7月1日起.doc
,《国家安全监管总局关于废止和修改危险化学品等领域七部规章的决定》总局令第79号2015年7月1日起,危险化学品,.docx,法律标准\法律法规\危化品法律法规\《国家安全监管总局关于废止和修改危险化学品等领域七部规章的决定》总局令第79号2015年7月1日起.docx
,《应急管理部办公厅关于修改〈危险化学品目录（2015版）实施指南（试行）〉涉及柴油部分内容的通知》（应急厅函〔2022〕300号）,危险化学品,.docx,111111\《应急管理部办公厅关于修改〈危险化学品目录（2015版）实施指南（试行）〉涉及柴油部分内容的通知》（应急厅函〔2022〕300号）.docx
,《应急管理部办公厅关于修改〈危险化学品目录（2015版）实施指南（试行）〉涉及柴油部分内容的通知》（应急厅函〔2022〕300号）,危险化学品,.docx,111111\隐患排查依据文本（一）\隐患排查依据文本（一）\法规\《应急管理部办公厅关于修改〈危险化学品目录（2015版）实施指南（试行）〉涉及柴油部分内容的通知》（应急厅函〔2022〕300号）.docx
,《气瓶搬运、装卸、储存和使用安全规定》gb t 34525 2017,危险化学品,.pdf,法律标准\标准\化学品\《气瓶搬运、装卸、储存和使用安全规定》gb t 34525 2017.pdf
,【精品】液态工业气体及杜瓦罐安全使用,危险化学品,.xdf,法律标准\标准\杜瓦罐\【精品】液态工业气体及杜瓦罐安全使用.xdf
,中国石油天然气集团公司危险化学品安全管理办法,危险化学品,.doc,法律标准\法律法规\集团规章\中国石油天然气集团公司危险化学品安全管理办法.doc
,中国石油天然气集团公司危险化学品安全管理办法,危险化学品,.docx,法律标准\法律法规\集团规章\中国石油天然气集团公司危险化学品安全管理办法.docx
,中国石油天然气集团公司危险化学品安全管理办法-中油质安字〔2005〕406号,危险化学品,.doc,法律标准\法律法规\集团规章\中国石油天然气集团公司危险化学品安全管理办法-中油质安字〔2005〕406号.doc
,中国石油天然气集团公司危险化学品安全管理办法-中油质安字〔2005〕406号,危险化学品,.docx,法律标准\法律法规\集团规章\中国石油天然气集团公司危险化学品安全管理办法-中油质安字〔2005〕406号.docx
,二批重点监管的危险化学品安全措施和应急处置原则,危险化学品,.doc,法律标准\标准\化学品\二批重点监管的危险化学品安全措施和应急处置原则.doc
,二批重点监管的危险化学品安全措施和应急处置原则,危险化学品,.docx,法律标准\标准\化学品\二批重点监管的危险化学品安全措施和应急处置原则.docx
,企业内部加油站（点）管理办法,危险化学品,.docx,法律标准\标准\企业内部加油站（点）管理办法.docx
,低温液体(液氧)储罐使用操作规程,危险化学品,.doc,法律标准\标准\化学品\危险化学品文件要求\新建文件夹\低温液体(液氧)储罐使用操作规程.doc
,低温液体(液氧)储罐使用操作规程,危险化学品,.docx,法律标准\标准\化学品\危险化学品文件要求\新建文件夹\低温液体(液氧)储罐使用操作规程.docx
,低温液体储罐检验及使用,危险化学品,.doc,法律标准\标准\化学品\低温液体储罐检验及使用.doc
,低温液体储罐检验及使用,危险化学品,.docx,法律标准\标准\化学品\低温液体储罐检验及使用.docx
,作业场所环境气体检测报警仪通用技术要求,危险化学品,.xdf,法律标准\标准\气体检测\作业场所环境气体检测报警仪通用技术要求.xdf
,全自动气体汇流排用说明书,危险化学品,.pdf,新标准\全自动气体汇流排用说明书.pdf
,关于公布第二批重点监管危险化学品名录的通知,危险化学品,.docx,法律标准\标准\化学品\关于公布第二批重点监管危险化学品名录的通知.docx
,关于公布第二批重点监管危险化学品名录的通知,危险化学品,.docx,法律标准\标准\化学品\危险化学品文件要求\新建文件夹\关于公布第二批重点监管危险化学品名录的通知.docx
,关于公布首批重点监管的危险化学品名录的通知,危险化学品,.docx,法律标准\标准\化学品\关于公布首批重点监管的危险化学品名录的通知.docx
,关于加强醇基液体燃料安全监管工作的通知,危险化学品,.docx,法律标准\标准\化学品\关于加强醇基液体燃料安全监管工作的通知.docx
,关于印发 《承德市工贸企业安全生产重大 风险监测预警系统建设实施方案》的通知,危险化学品,.pdf,法律标准\标准\化学品\危险化学品文件要求\关于印发 《承德市工贸企业安全生产重大 风险监测预警系统建设实施方案》的通知.pdf
,关于印发危险化学品目录（2015版）实施指南（试行）,危险化学品,.docx,法律标准\标准\化学品\关于印发危险化学品目录（2015版）实施指南（试行）.docx
,关于印发承德市工贸行业危险化学品使用安全专项整治工作方案的通知,危险化学品,.docx,新文件包\2021.6月以后\关于印发承德市工贸行业危险化学品使用安全专项整治工作方案的通知.docx
,关于印发承德市工贸行业危险化学品使用安全专项整治工作方案的通知,危险化学品,.pdf,新文件包\危险化学品文件要求1\关于印发承德市工贸行业危险化学品使用安全专项整治工作方案的通知.pdf
,关于印发承德市工贸行业危险化学品使用安全专项整治工作方案的通知 - 副本,危险化学品,.docx,新文件包\2021.6月以后\关于印发承德市工贸行业危险化学品使用安全专项整治工作方案的通知 - 副本.docx
,关于规范危险化学品生产、储存企业作业场所安全标志标识的通知,危险化学品,.doc,法律标准\标准\化学品\关于规范危险化学品生产、储存企业作业场所安全标志标识的通知.doc
,关于规范危险化学品生产、储存企业作业场所安全标志标识的通知,危险化学品,.docx,法律标准\标准\化学品\关于规范危险化学品生产、储存企业作业场所安全标志标识的通知.docx
,关于醇基燃料安全监管有关问题的复函,危险化学品,.docx,法律标准\标准\化学品\关于醇基燃料安全监管有关问题的复函.docx
,关于餐饮等行业生产经营单位安装可燃气体报警装置的补充通知,危险化学品,.docx,新建文件夹\关于餐饮等行业生产经营单位安装可燃气体报警装置的补充通知.docx
,冷库扩建项目,危险化学品,.zip,法律标准\标准\化学品\冷库扩建项目.zip
,剧毒化学品名录（2015版）,危险化学品,.xls,法律标准\法律法规\职业健康法律法规\剧毒化学品名录（2015版）.xls
,剧毒化学品目录(2012年版废止),危险化学品,.doc,法律标准\法律法规\危化品法律法规\剧毒化学品目录(2012年版废止).doc
,剧毒化学品目录(2012年版废止),危险化学品,.docx,法律标准\法律法规\危化品法律法规\剧毒化学品目录(2012年版废止).docx
,剧毒化学品购买和公路运输许可证件管理办法（公安部令77号2005）,危险化学品,.doc,法律标准\法律法规\危化品法律法规\剧毒化学品购买和公路运输许可证件管理办法（公安部令77号2005）.doc
,剧毒化学品购买和公路运输许可证件管理办法（公安部令77号2005）,危险化学品,.docx,法律标准\法律法规\危化品法律法规\剧毒化学品购买和公路运输许可证件管理办法（公安部令77号2005）.docx
,加油站应急演练计划、方案、总结-(1),危险化学品,.doc,应急\2021.3.4应急演练、桌面演练、脚本、记录大全（500项）\2021.3.4应急演练、桌面演练、脚本、记录大全（500项）\应急演练方案、脚本、计划、总结大全\加油站应急演练计划、方案、总结-(1).doc
,加油站应急演练计划、方案、总结-(1),危险化学品,.docx,应急\2021.3.4应急演练、桌面演练、脚本、记录大全（500项）\2021.3.4应急演练、桌面演练、脚本、记录大全（500项）\应急演练方案、脚本、计划、总结大全\加油站应急演练计划、方案、总结-(1).docx
,加油站应急预案演练方案,危险化学品,.doc,应急\2021.3.4应急演练、桌面演练、脚本、记录大全（500项）\2021.3.4应急演练、桌面演练、脚本、记录大全（500项）\应急演练方案、脚本、计划、总结大全\加油站应急预案演练方案.doc
,加油站应急预案演练方案,危险化学品,.docx,应急\2021.3.4应急演练、桌面演练、脚本、记录大全（500项）\2021.3.4应急演练、桌面演练、脚本、记录大全（500项）\应急演练方案、脚本、计划、总结大全\加油站应急预案演练方案.docx
,化学化工物性数据手册  无机卷,危险化学品,.pdf,法律标准\标准\化学品\危险化学品\化学化工物性数据手册  无机卷.pdf
,化学化工物性数据手册有机卷增订版 [刘光启，马连湘，项曙光] 2013年版,危险化学品,.pdf,法律标准\标准\化学品\危险化学品\化学化工物性数据手册有机卷增订版 [刘光启，马连湘，项曙光] 2013年版.pdf
,化学品物理危险性鉴定与分类管理办法,危险化学品,.doc,法律标准\标准\化学品物理危险性鉴定与分类管理办法.doc
,化学品物理危险性鉴定与分类管理办法,危险化学品,.docx,法律标准\标准\化学品物理危险性鉴定与分类管理办法.docx
,化学品物理危险性鉴定与分类管理办法（国家安全生产监督管理总局令60号）,危险化学品,.docx,法律标准\标准\化学品\化学品物理危险性鉴定与分类管理办法（国家安全生产监督管理总局令60号）.docx
,化学品生产单位特殊作业安全规范,危险化学品,.doc,法律标准\标准\化学品\化学品生产单位特殊作业安全规范.doc
,化学品生产单位特殊作业安全规范,危险化学品,.docx,法律标准\标准\化学品\化学品生产单位特殊作业安全规范.docx
,化学品生产单位特殊作业安全规范（国标）,危险化学品,.doc,法律标准\标准\化学品\化学品生产单位特殊作业安全规范（国标）.doc
,化学品生产单位特殊作业安全规范（国标）,危险化学品,.docx,法律标准\标准\化学品\化学品生产单位特殊作业安全规范（国标）.docx
,化工物性数据简明手册 [马沛生，夏淑倩，夏清 编] 2013年,危险化学品,.pdf,法律标准\标准\化学品\危险化学品\化工物性数据简明手册 [马沛生，夏淑倩，夏清 编] 2013年.pdf
,北京市燃气管理条例,危险化学品,.docx,法律标准\标准\化学品\北京市燃气管理条例.docx
,北京市瓶装液化石油气供应和使用安全管理暂行规定,危险化学品,.doc,法律标准\标准\化学品\北京市瓶装液化石油气供应和使用安全管理暂行规定.doc
,北京市瓶装液化石油气供应和使用安全管理暂行规定,危险化学品,.docx,法律标准\标准\化学品\北京市瓶装液化石油气供应和使用安全管理暂行规定.docx
,医用气体工程技术规范,危险化学品,.doc,法律标准\标准\设备设施\医用\医用气体工程技术规范.doc
,医用气体工程技术规范,危险化学品,.docx,法律标准\标准\设备设施\医用\医用气体工程技术规范.docx
,危化品安全使用许可适用行业目录（2013年）,危险化学品,.doc,法律标准\法律法规\危化品法律法规\危化品安全使用许可适用行业目录（2013年）.doc
,危化品安全使用许可适用行业目录（2013年）,危险化学品,.docx,法律标准\法律法规\危化品法律法规\危化品安全使用许可适用行业目录（2013年）.docx
,危化品泄漏应急演练评估报告,危险化学品,.docx,应急\2021.3.4应急演练、桌面演练、脚本、记录大全（500项）\2021.3.4应急演练、桌面演练、脚本、记录大全（500项）\应急演练方案、脚本、计划、总结大全\危化品泄漏应急演练评估报告.docx
,危化品评估报告,危险化学品,.docx,法律标准\标准\化学品\危险化学品文件要求\危化品评估报告.docx
,危险化学品中毒事故应急演练方案,危险化学品,.doc,应急\2021.3.4应急演练、桌面演练、脚本、记录大全（500项）\2021.3.4应急演练、桌面演练、脚本、记录大全（500项）\应急演练方案、脚本、计划、总结大全\危险化学品中毒事故应急演练方案.doc
,危险化学品中毒事故应急演练方案,危险化学品,.docx,应急\2021.3.4应急演练、桌面演练、脚本、记录大全（500项）\2021.3.4应急演练、桌面演练、脚本、记录大全（500项）\应急演练方案、脚本、计划、总结大全\危险化学品中毒事故应急演练方案.docx
,危险化学品事故应急救援预案编制导则,危险化学品,.doc,法律标准\法律法规\危化品法律法规\危险化学品事故应急救援预案编制导则.doc
,危险化学品事故应急救援预案编制导则,危险化学品,.docx,法律标准\法律法规\危化品法律法规\危险化学品事故应急救援预案编制导则.docx
,危险化学品事故应急救援预案编制导则(单位版),危险化学品,.doc,法律标准\法律法规\危险化学品事故应急救援预案编制导则(单位版).doc
,危险化学品事故应急救援预案编制导则(单位版),危险化学品,.docx,法律标准\法律法规\危险化学品事故应急救援预案编制导则(单位版).docx
,危险化学品事故应急预案演练方案,危险化学品,.doc,应急\2021.3.4应急演练、桌面演练、脚本、记录大全（500项）\2021.3.4应急演练、桌面演练、脚本、记录大全（500项）\应急演练方案、脚本、计划、总结大全\危险化学品事故应急预案演练方案.doc
,危险化学品事故应急预案演练方案,危险化学品,.docx,应急\2021.3.4应急演练、桌面演练、脚本、记录大全（500项）\2021.3.4应急演练、桌面演练、脚本、记录大全（500项）\应急演练方案、脚本、计划、总结大全\危险化学品事故应急预案演练方案.docx
,危险化学品使用量的数量标准(2013年版),危险化学品,.doc,法律标准\标准\化学品\危险化学品使用量的数量标准(2013年版).doc
,危险化学品使用量的数量标准(2013年版),危险化学品,.docx,法律标准\标准\化学品\危险化学品使用量的数量标准(2013年版).docx
,危险化学品使用量的数量标准(2013年版),危险化学品,.doc,法律标准\法律法规\危化品法律法规\危险化学品使用量的数量标准(2013年版).doc
,危险化学品使用量的数量标准(2013年版),危险化学品,.docx,法律标准\法律法规\危化品法律法规\危险化学品使用量的数量标准(2013年版).docx
,危险化学品使用量的数量标准版,危险化学品,.docx,法律标准\标准\化学品\危险化学品使用量的数量标准版.docx
,危险化学品分类信息表,危险化学品,.doc,法律标准\标准\化学品\危险化学品分类信息表.doc
,危险化学品分类信息表,危险化学品,.docx,法律标准\标准\化学品\危险化学品分类信息表.docx
,危险化学品分类信息表,危险化学品,.doc,法律标准\法律法规\危化品法律法规\危险化学品分类信息表.doc
,危险化学品分类信息表,危险化学品,.docx,法律标准\法律法规\危化品法律法规\危险化学品分类信息表.docx
,危险化学品名录（2002废止）,危险化学品,.doc,法律标准\法律法规\危化品法律法规\危险化学品名录（2002废止）.doc
,危险化学品名录（2002废止）,危险化学品,.docx,法律标准\法律法规\危化品法律法规\危险化学品名录（2002废止）.docx
,危险化学品名录（2015）,危险化学品,.doc,法律标准\法律法规\危化品法律法规\危险化学品名录（2015）.doc
,危险化学品名录（2015）,危险化学品,.docx,法律标准\法律法规\危化品法律法规\危险化学品名录（2015）.docx
,危险化学品安全使用许可证实施办法,危险化学品,.docx,法律标准\标准\化学品\危险化学品文件要求\新建文件夹\危险化学品安全使用许可证实施办法.docx
,危险化学品安全使用许可证实施办法(20132.11),危险化学品,.doc,法律标准\法律法规\危化品法律法规\危险化学品安全使用许可证实施办法(20132.11).doc
,危险化学品安全使用许可证实施办法(20132.11),危险化学品,.docx,法律标准\法律法规\危化品法律法规\危险化学品安全使用许可证实施办法(20132.11).docx
,危险化学品安全技术大典第2卷 [张海峰主编] 2011年版,危险化学品,.pdf,法律标准\标准\化学品\危险化学品\危险化学品安全技术大典第2卷 [张海峰主编] 2011年版.pdf
,危险化学品安全技术大典第I卷 [张海峰主编] 2010年版,危险化学品,.pdf,法律标准\标准\化学品\危险化学品\危险化学品安全技术大典第I卷 [张海峰主编] 2010年版.pdf
,危险化学品安全技术第2版 [崔政斌崔佳孔垂玺编著] 2010年版,危险化学品,.pdf,法律标准\标准\化学品\危险化学品文件要求\新建文件夹\危险化学品安全技术第2版 [崔政斌崔佳孔垂玺编著] 2010年版.pdf
,危险化学品安全生产标准合订本 2011年版,危险化学品,.pdf,标准\新建文件夹\危险化学品安全生产标准合订本 2011年版.pdf
,危险化学品安全管理条例(2013年修正本),危险化学品,.docx,法律标准\法律法规\危化品法律法规\危险化学品安全管理条例(2013年修正本).docx
,危险化学品安全管理条例2013,危险化学品,.doc,法律标准\法律法规\危化品法律法规\危险化学品安全管理条例2013.doc
,危险化学品安全管理条例2013,危险化学品,.docx,法律标准\法律法规\危化品法律法规\危险化学品安全管理条例2013.docx
,危险化学品安全管理条例2013修订(最新版),危险化学品,.doc,111111\隐患排查依据文本（一）\隐患排查依据文本（一）\法规\危险化学品安全管理条例2013修订(最新版).doc
,危险化学品安全管理条例2013修订(最新版),危险化学品,.docx,111111\隐患排查依据文本（一）\隐患排查依据文本（一）\法规\危险化学品安全管理条例2013修订(最新版).docx
,危险化学品安全管理条例2013修订(最新版),危险化学品,.doc,法律标准\标准\化学品\危险化学品安全管理条例2013修订(最新版).doc
,危险化学品安全管理条例2013修订(最新版),危险化学品,.docx,法律标准\标准\化学品\危险化学品安全管理条例2013修订(最新版).docx
,危险化学品安全管理条例（2013年修正本）,危险化学品,.docx,法律标准\标准\危险源\危险化学品安全管理条例（2013年修正本）.docx
,危险化学品安全管理条例（国务院591号令-2011）,危险化学品,.doc,法律标准\法律法规\危化品法律法规\危险化学品安全管理条例（国务院591号令-2011）.doc
,危险化学品安全管理条例（国务院591号令-2011）,危险化学品,.docx,法律标准\法律法规\危化品法律法规\危险化学品安全管理条例（国务院591号令-2011）.docx
,危险化学品安全管理条例（已废止2002）,危险化学品,.doc,法律标准\法律法规\危化品法律法规\危险化学品安全管理条例（已废止2002）.doc
,危险化学品安全管理条例（已废止2002）,危险化学品,.docx,法律标准\法律法规\危化品法律法规\危险化学品安全管理条例（已废止2002）.docx
,危险化学品常压储罐技术规范,危险化学品,.pdf,法律标准\标准\化学品\危险化学品\危险化学品常压储罐技术规范.pdf
,危险化学品应急救援预案桌面演练方案,危险化学品,.doc,应急\2021.3.4应急演练、桌面演练、脚本、记录大全（500项）\2021.3.4应急演练、桌面演练、脚本、记录大全（500项）\应急演练方案、脚本、计划、总结大全\危险化学品应急救援预案桌面演练方案.doc
,危险化学品应急救援预案桌面演练方案,危险化学品,.docx,应急\2021.3.4应急演练、桌面演练、脚本、记录大全（500项）\2021.3.4应急演练、桌面演练、脚本、记录大全（500项）\应急演练方案、脚本、计划、总结大全\危险化学品应急救援预案桌面演练方案.docx
,危险化学品应急救援预案桌面演练方案 (1),危险化学品,.doc,应急\2021.3.4应急演练、桌面演练、脚本、记录大全（500项）\2021.3.4应急演练、桌面演练、脚本、记录大全（500项）\应急演练方案、脚本、计划、总结大全\危险化学品应急救援预案桌面演练方案 (1).doc
,危险化学品应急救援预案桌面演练方案 (1),危险化学品,.docx,应急\2021.3.4应急演练、桌面演练、脚本、记录大全（500项）\2021.3.4应急演练、桌面演练、脚本、记录大全（500项）\应急演练方案、脚本、计划、总结大全\危险化学品应急救援预案桌面演练方案 (1).docx
,危险化学品建设项目安全监督管理办法(1),危险化学品,.docx,法律标准\法律法规\危险化学品建设项目安全监督管理办法(1).docx
,危险化学品建设项目安全监督管理办法（安监总局45号令2012）,危险化学品,.doc,法律标准\法律法规\危化品法律法规\危险化学品建设项目安全监督管理办法（安监总局45号令2012）.doc
,危险化学品建设项目安全监督管理办法（安监总局45号令2012）,危险化学品,.docx,法律标准\法律法规\危化品法律法规\危险化学品建设项目安全监督管理办法（安监总局45号令2012）.docx
,危险化学品建设项目安全许可实施办法,危险化学品,.doc,法律标准\法律法规\危化品法律法规\危险化学品建设项目安全许可实施办法.doc
,危险化学品建设项目安全许可实施办法,危险化学品,.docx,法律标准\法律法规\危化品法律法规\危险化学品建设项目安全许可实施办法.docx
,危险化学品建设项目安全设施设计专篇审查规范_终稿）.tcs,危险化学品,.pdf,补充标准\危险化学品建设项目安全设施设计专篇审查规范_终稿）.tcs.pdf
,危险化学品建设项目设计专篇编制导则安监总厅管三〔2013〕39号,危险化学品,.doc,法律标准\标准\新建文件夹\危险化学品建设项目设计专篇编制导则安监总厅管三〔2013〕39号.doc
,危险化学品建设项目设计专篇编制导则安监总厅管三〔2013〕39号,危险化学品,.docx,法律标准\标准\新建文件夹\危险化学品建设项目设计专篇编制导则安监总厅管三〔2013〕39号.docx
,危险化学品泄漏事故应急预案演练方案讲述讲解,危险化学品,.doc,应急\2021.3.4应急演练、桌面演练、脚本、记录大全（500项）\2021.3.4应急演练、桌面演练、脚本、记录大全（500项）\应急演练方案、脚本、计划、总结大全\危险化学品泄漏事故应急预案演练方案讲述讲解.doc
,危险化学品泄漏事故应急预案演练方案讲述讲解,危险化学品,.docx,应急\2021.3.4应急演练、桌面演练、脚本、记录大全（500项）\2021.3.4应急演练、桌面演练、脚本、记录大全（500项）\应急演练方案、脚本、计划、总结大全\危险化学品泄漏事故应急预案演练方案讲述讲解.docx
,危险化学品泄漏事故应急预案演练方案（14页）,危险化学品,.doc,应急\2021.3.4应急演练、桌面演练、脚本、记录大全（500项）\2021.3.4应急演练、桌面演练、脚本、记录大全（500项）\应急演练方案、脚本、计划、总结大全\危险化学品泄漏事故应急预案演练方案（14页）.doc
,危险化学品泄漏事故应急预案演练方案（14页）,危险化学品,.docx,应急\2021.3.4应急演练、桌面演练、脚本、记录大全（500项）\2021.3.4应急演练、桌面演练、脚本、记录大全（500项）\应急演练方案、脚本、计划、总结大全\危险化学品泄漏事故应急预案演练方案（14页）.docx
,危险化学品泄露事故应急救援演练方案脚本,危险化学品,.doc,应急\2021.3.4应急演练、桌面演练、脚本、记录大全（500项）\2021.3.4应急演练、桌面演练、脚本、记录大全（500项）\应急演练方案、脚本、计划、总结大全\危险化学品泄露事故应急救援演练方案脚本.doc
,危险化学品泄露事故应急救援演练方案脚本,危险化学品,.docx,应急\2021.3.4应急演练、桌面演练、脚本、记录大全（500项）\2021.3.4应急演练、桌面演练、脚本、记录大全（500项）\应急演练方案、脚本、计划、总结大全\危险化学品泄露事故应急救援演练方案脚本.docx
,危险化学品泄露事故应急救援演练方案（9页）,危险化学品,.doc,应急\2021.3.4应急演练、桌面演练、脚本、记录大全（500项）\2021.3.4应急演练、桌面演练、脚本、记录大全（500项）\应急演练方案、脚本、计划、总结大全\危险化学品泄露事故应急救援演练方案（9页）.doc
,危险化学品泄露事故应急救援演练方案（9页）,危险化学品,.docx,应急\2021.3.4应急演练、桌面演练、脚本、记录大全（500项）\2021.3.4应急演练、桌面演练、脚本、记录大全（500项）\应急演练方案、脚本、计划、总结大全\危险化学品泄露事故应急救援演练方案（9页）.docx
,危险化学品环境泄漏应急演练方案范本,危险化学品,.doc,应急\2021.3.4应急演练、桌面演练、脚本、记录大全（500项）\2021.3.4应急演练、桌面演练、脚本、记录大全（500项）\应急演练方案、脚本、计划、总结大全\危险化学品环境泄漏应急演练方案范本.doc
,危险化学品环境泄漏应急演练方案范本,危险化学品,.docx,应急\2021.3.4应急演练、桌面演练、脚本、记录大全（500项）\2021.3.4应急演练、桌面演练、脚本、记录大全（500项）\应急演练方案、脚本、计划、总结大全\危险化学品环境泄漏应急演练方案范本.docx
,危险化学品环境泄漏应急演练方案范本,危险化学品,.doc,应急\2021.3.4应急演练、桌面演练、脚本、记录大全（500项）\2021.3.4应急演练、桌面演练、脚本、记录大全（500项）\应急演练方案、脚本、计划、总结大全\应急演练方案、脚本大全\危险化学品环境泄漏应急演练方案范本.doc
,危险化学品环境泄漏应急演练方案范本,危险化学品,.docx,应急\2021.3.4应急演练、桌面演练、脚本、记录大全（500项）\2021.3.4应急演练、桌面演练、脚本、记录大全（500项）\应急演练方案、脚本、计划、总结大全\应急演练方案、脚本大全\危险化学品环境泄漏应急演练方案范本.docx
,危险化学品生产企业安全生产许可证实施办法,危险化学品,.docx,法律标准\标准\危险化学品生产企业安全生产许可证实施办法.docx
,危险化学品生产企业安全生产许可证实施办法（安监总局41号令2011）,危险化学品,.doc,法律标准\法律法规\危化品法律法规\危险化学品生产企业安全生产许可证实施办法（安监总局41号令2011）.doc
,危险化学品生产企业安全生产许可证实施办法（安监总局41号令2011）,危险化学品,.docx,法律标准\法律法规\危化品法律法规\危险化学品生产企业安全生产许可证实施办法（安监总局41号令2011）.docx
,危险化学品生产企业安全评价实施细则,危险化学品,.doc,法律标准\法律法规\危化品法律法规\危险化学品生产企业安全评价实施细则.doc
,危险化学品生产企业安全评价实施细则,危险化学品,.docx,法律标准\法律法规\危化品法律法规\危险化学品生产企业安全评价实施细则.docx
,危险化学品生产装置和储存设施与厂内周边安全距离表,危险化学品,.doc,法律标准\标准\化学品\危险化学品生产装置和储存设施与厂内周边安全距离表.doc
,危险化学品生产装置和储存设施与厂内周边安全距离表,危险化学品,.docx,法律标准\标准\化学品\危险化学品生产装置和储存设施与厂内周边安全距离表.docx
,危险化学品登记管理办法-安监总局令第53号,危险化学品,.docx,法律标准\标准\化学品\危险化学品登记管理办法-安监总局令第53号.docx
,危险化学品登记管理办法（安监总局令53号）2012,危险化学品,.doc,法律标准\法律法规\危化品法律法规\危险化学品登记管理办法（安监总局令53号）2012.doc
,危险化学品登记管理办法（安监总局令53号）2012,危险化学品,.docx,法律标准\法律法规\危化品法律法规\危险化学品登记管理办法（安监总局令53号）2012.docx
,危险化学品目录,危险化学品,.doc,法律标准\标准\化学品\危险化学品目录.doc
,危险化学品目录,危险化学品,.docx,法律标准\标准\化学品\危险化学品目录.docx
,危险化学品目录2022版,危险化学品,.docx,标准\新建文件夹\危险化学品目录2022版.docx
,危险化学品目录（2015版）,危险化学品,.doc,法律标准\法律法规\职业健康法律法规\危险化学品目录（2015版）.doc
,危险化学品目录（2015版）,危险化学品,.docx,法律标准\法律法规\职业健康法律法规\危险化学品目录（2015版）.docx
,危险化学品目录（2015版）实施指南,危险化学品,.doc,法律标准\法律法规\危化品法律法规\危险化学品目录（2015版）实施指南.doc
,危险化学品目录（2015版）实施指南,危险化学品,.docx,法律标准\法律法规\危化品法律法规\危险化学品目录（2015版）实施指南.docx
,危险化学品目录（2015版）实施指南（试行）,危险化学品,.docx,法律标准\标准\化学品\危险化学品目录（2015版）实施指南（试行）.docx
,危险化学品目录（2015）解读,危险化学品,.doc,法律标准\法律法规\危化品法律法规\危险化学品目录（2015）解读.doc
,危险化学品目录（2015）解读,危险化学品,.docx,法律标准\法律法规\危化品法律法规\危险化学品目录（2015）解读.docx
,危险化学品答复的函,危险化学品,.docx,法律标准\标准\化学品\危险化学品答复的函.docx
,危险化学品管理条例,危险化学品,.pdf,安全标准\危险化学品管理条例.pdf
,危险化学品管理条例-国务院[2011]591令,危险化学品,.doc,法律标准\法律法规\危化品法律法规\危险化学品管理条例-国务院[2011]591令.doc
,危险化学品管理条例-国务院[2011]591令,危险化学品,.docx,法律标准\法律法规\危化品法律法规\危险化学品管理条例-国务院[2011]591令.docx
,危险化学品经营许可证管理办法,危险化学品,.docx,法律标准\标准\危险化学品经营许可证管理办法.docx
,危险化学品经营许可证管理办法,危险化学品,.doc,法律标准\法律法规\危化品法律法规\危险化学品经营许可证管理办法.doc
,危险化学品经营许可证管理办法,危险化学品,.docx,法律标准\法律法规\危化品法律法规\危险化学品经营许可证管理办法.docx
,危险化学品输送管道安全管理规定,危险化学品,.doc,法律标准\法律法规\危化品法律法规\危险化学品输送管道安全管理规定.doc
,危险化学品输送管道安全管理规定,危险化学品,.docx,法律标准\法律法规\危化品法律法规\危险化学品输送管道安全管理规定.docx
,危险化学品重大危险源分级方法,危险化学品,.doc,法律标准\法律法规\危化品法律法规\危险化学品重大危险源分级方法.doc
,危险化学品重大危险源分级方法,危险化学品,.docx,法律标准\法律法规\危化品法律法规\危险化学品重大危险源分级方法.docx
,危险化学品重大危险源监督管理暂行规定,危险化学品,.docx,法律标准\标准\危险源\危险化学品重大危险源监督管理暂行规定.docx
,危险化学品重大危险源监督管理暂行规定（安监总局40号令2011）,危险化学品,.doc,法律标准\法律法规\危化品法律法规\危险化学品重大危险源监督管理暂行规定（安监总局40号令2011）.doc
,危险化学品重大危险源监督管理暂行规定（安监总局40号令2011）,危险化学品,.docx,法律标准\法律法规\危化品法律法规\危险化学品重大危险源监督管理暂行规定（安监总局40号令2011）.docx
,双氧水安全技术说明书,危险化学品,.doc,法律标准\标准\化学品\危险化学品文件要求\新建文件夹\双氧水安全技术说明书.doc
,双氧水安全技术说明书,危险化学品,.docx,法律标准\标准\化学品\危险化学品文件要求\新建文件夹\双氧水安全技术说明书.docx
,双氧水安全技术说明书MSDS,危险化学品,.doc,法律标准\标准\化学品\危险化学品文件要求\新建文件夹\双氧水安全技术说明书MSDS.doc
,双氧水安全技术说明书MSDS,危险化学品,.docx,法律标准\标准\化学品\危险化学品文件要求\新建文件夹\双氧水安全技术说明书MSDS.docx
,可调节的液化石油气减压阀图片1,危险化学品,.jpg,新建文件夹\可调节的液化石油气减压阀图片1.jpg
,可调节的液化石油气减压阀图片2,危险化学品,.jpg,新建文件夹\可调节的液化石油气减压阀图片2.jpg
,国家危险废物名录,危险化学品,.pdf,法律标准\法律法规\危化品法律法规\国家危险废物名录.pdf
,国家安全监管总局关于公布第二批重点监管危险化学品名录的通知,危险化学品,.doc,法律标准\法律法规\危化品法律法规\国家安全监管总局关于公布第二批重点监管危险化学品名录的通知.doc
,国家安全监管总局关于公布第二批重点监管危险化学品名录的通知,危险化学品,.docx,法律标准\法律法规\危化品法律法规\国家安全监管总局关于公布第二批重点监管危险化学品名录的通知.docx
,国家安全监管总局关于公布第二批重点监管危险化工工艺目录和调整首批重点监管危险化工工艺中部分典型工艺的通知,危险化学品,.doc,法律标准\标准\化学品\危险化学品文件要求\新建文件夹\国家安全监管总局关于公布第二批重点监管危险化工工艺目录和调整首批重点监管危险化工工艺中部分典型工艺的通知.doc
,国家安全监管总局关于公布第二批重点监管危险化工工艺目录和调整首批重点监管危险化工工艺中部分典型工艺的通知,危险化学品,.docx,法律标准\标准\化学品\危险化学品文件要求\新建文件夹\国家安全监管总局关于公布第二批重点监管危险化工工艺目录和调整首批重点监管危险化工工艺中部分典型工艺的通知.docx
,国家安全监管总局关于公布首批重点监管的危险化学品名录的通知,危险化学品,.docx,法律标准\标准\化学品\危险化学品文件要求\新建文件夹\国家安全监管总局关于公布首批重点监管的危险化学品名录的通知.docx
,国家安全监管总局办公厅关于使用危险化学品单位,危险化学品,.docx,法律标准\标准\化学品\国家安全监管总局办公厅关于使用危险化学品单位.docx
,国家安全监管总局办公厅关于具有爆炸危险性,危险化学品,.docx,法律标准\标准\化学品\国家安全监管总局办公厅关于具有爆炸危险性.docx
,国家安全监管总局办公厅关于化学品安全监管,危险化学品,.docx,法律标准\标准\化学品\国家安全监管总局办公厅关于化学品安全监管.docx
,国家安全监管总局办公厅关于印发危险化学品____建设项目安全设施设计专篇编制导则的通知____安监总厅管三〔2013〕39号,危险化学品,.doc,补充标准\国家安全监管总局办公厅关于印发危险化学品____建设项目安全设施设计专篇编制导则的通知____安监总厅管三〔2013〕39号.doc
,国家安全监管总局办公厅关于印发危险化学品____建设项目安全设施设计专篇编制导则的通知____安监总厅管三〔2013〕39号,危险化学品,.docx,补充标准\国家安全监管总局办公厅关于印发危险化学品____建设项目安全设施设计专篇编制导则的通知____安监总厅管三〔2013〕39号.docx
,国家安全监管总局办公厅关于印发危险化学品目录（2015版）实施指南（试行）的通知,危险化学品,.doc,111111\隐患排查依据文本（一）\隐患排查依据文本（一）\法规\国家安全监管总局办公厅关于印发危险化学品目录（2015版）实施指南（试行）的通知.doc
,国家安全监管总局办公厅关于印发危险化学品目录（2015版）实施指南（试行）的通知,危险化学品,.docx,111111\隐患排查依据文本（一）\隐患排查依据文本（一）\法规\国家安全监管总局办公厅关于印发危险化学品目录（2015版）实施指南（试行）的通知.docx
,城镇燃气管理条例（国务院586号令2010）,危险化学品,.doc,法律标准\法律法规\危化品法律法规\城镇燃气管理条例（国务院586号令2010）.doc
,城镇燃气管理条例（国务院586号令2010）,危险化学品,.docx,法律标准\法律法规\危化品法律法规\城镇燃气管理条例（国务院586号令2010）.docx
,天津市醇基液体燃料及专用燃烧器使用安全管理暂行规定,危险化学品,.docx,法律标准\标准\化学品\天津市醇基液体燃料及专用燃烧器使用安全管理暂行规定.docx
,天然气加气站，调压站双重预防机制体系文件——风险分级管控模板,危险化学品,.pdf,新标准\新增\天然气加气站，调压站双重预防机制体系文件——风险分级管控模板.pdf
,工贸企业涉及危险化学品相关品种及主要防范技术措施,危险化学品,.docx,新文件包\工贸企业涉及危险化学品相关品种及主要防范技术措施.docx
,应急管理部关于印发危险化学品企业,危险化学品,.docx,法律标准\标准\应急管理部关于印发危险化学品企业.docx
,废弃危险化学品污染环境防治办法（环保总局27号令2005）,危险化学品,.doc,法律标准\法律法规\危化品法律法规\废弃危险化学品污染环境防治办法（环保总局27号令2005）.doc
,废弃危险化学品污染环境防治办法（环保总局27号令2005）,危险化学品,.docx,法律标准\法律法规\危化品法律法规\废弃危险化学品污染环境防治办法（环保总局27号令2005）.docx
,总局40号令危险化学品重大危险源监督管理暂行规定,危险化学品,.doc,法律标准\法律法规\危化品法律法规\总局40号令危险化学品重大危险源监督管理暂行规定.doc
,总局40号令危险化学品重大危险源监督管理暂行规定,危险化学品,.docx,法律标准\法律法规\危化品法律法规\总局40号令危险化学品重大危险源监督管理暂行规定.docx
,总局规章-17.危险化学品重大危险源监督管理暂行规定(2015修正),危险化学品,.doc,法律标准\标准\危险源\总局规章-17.危险化学品重大危险源监督管理暂行规定(2015修正).doc
,总局规章-17.危险化学品重大危险源监督管理暂行规定(2015修正),危险化学品,.docx,法律标准\标准\危险源\总局规章-17.危险化学品重大危险源监督管理暂行规定(2015修正).docx
,承德市安全生产委员会关于印发《承德市工业企业窑炉等生产设备及配套燃气设施的安全排查整治工作方案》的通知,危险化学品,.pdf,法律标准\标准\化学品\危险化学品文件要求\承德市安全生产委员会关于印发《承德市工业企业窑炉等生产设备及配套燃气设施的安全排查整治工作方案》的通知.pdf
,承高应急工矿商贸字（2021）4号承德高新区工贸行业危险化学品使用安全专项整治工作方案,危险化学品,.doc,新文件包\承高应急工矿商贸字（2021）4号承德高新区工贸行业危险化学品使用安全专项整治工作方案.doc
,承高应急工矿商贸字（2021）4号承德高新区工贸行业危险化学品使用安全专项整治工作方案,危险化学品,.docx,新文件包\承高应急工矿商贸字（2021）4号承德高新区工贸行业危险化学品使用安全专项整治工作方案.docx
,新建文件夹,危险化学品,.zip,法律标准\标准\化学品\新建文件夹.zip
,新版氢氧化钠安全技术说明书,危险化学品,.docx,法律标准\标准\化学品\危险化学品文件要求\新建文件夹\新版氢氧化钠安全技术说明书.docx
,易制毒化学品管理条例,危险化学品,.docx,新建文件夹 (2)\易制毒化学品管理条例.docx
,易制毒化学品管理条例(2005),危险化学品,.doc,法律标准\标准\化学品\危险化学品文件要求\新建文件夹\易制毒化学品管理条例(2005).doc
,易制毒化学品管理条例(2005),危险化学品,.docx,法律标准\标准\化学品\危险化学品文件要求\新建文件夹\易制毒化学品管理条例(2005).docx
,易制爆危险化学品名录(2017年版),危险化学品,.doc,法律标准\标准\化学品\危险化学品文件要求\新建文件夹\易制爆危险化学品名录(2017年版).doc
,易制爆危险化学品名录(2017年版),危险化学品,.docx,法律标准\标准\化学品\危险化学品文件要求\新建文件夹\易制爆危险化学品名录(2017年版).docx
,易制爆危险化学品治安管理办法,危险化学品,.docx,法律标准\标准\化学品\危险化学品文件要求\新建文件夹\易制爆危险化学品治安管理办法.docx
,易燃易爆危险品存放原则,危险化学品,.docx,法律标准\标准\化学品\危险化学品文件要求\新建文件夹\易燃易爆危险品存放原则.docx
,某天然气加气站（调压站）双重预防机制体系模板（81页）,危险化学品,.pdf,新标准\新增\某天然气加气站（调压站）双重预防机制体系模板（81页）.pdf
,气体汇流排是为了提高工作效率,危险化学品,.docx,标准\气流排\气体汇流排是为了提高工作效率.docx
,气体汇流排自动切换装置说明书--华祥气体(换瓶须知带单向阀),危险化学品,.pdf,新标准\气体汇流排自动切换装置说明书--华祥气体(换瓶须知带单向阀).pdf
,气体汇流排详细介绍及使用说明,危险化学品,.docx,标准\气流排\气体汇流排详细介绍及使用说明.docx
,气体汇流排详细介绍及使用说明,危险化学品,.doc,法律标准\标准\汇流排\气体汇流排详细介绍及使用说明.doc
,气体汇流排详细介绍及使用说明,危险化学品,.docx,法律标准\标准\汇流排\气体汇流排详细介绍及使用说明.docx
,气瓶的贮存管理相关规定,危险化学品,.doc,法律标准\标准\压缩气体规定\气瓶的贮存管理相关规定.doc
,气瓶的贮存管理相关规定,危险化学品,.docx,法律标准\标准\压缩气体规定\气瓶的贮存管理相关规定.docx
,氢氧化钠(固体)安全技术说明书1,危险化学品,.doc,法律标准\标准\化学品\危险化学品文件要求\新建文件夹\氢氧化钠(固体)安全技术说明书1.doc
,氢氧化钠(固体)安全技术说明书1,危险化学品,.docx,法律标准\标准\化学品\危险化学品文件要求\新建文件夹\氢氧化钠(固体)安全技术说明书1.docx
,河北省应急管理厅 关于加强易燃易爆、有毒有害作业场所 设备设施检测检验工作检查的通知,危险化学品,.docx,法律标准\法律法规\燃气\文件-杂货铺\河北省应急管理厅 关于加强易燃易爆、有毒有害作业场所 设备设施检测检验工作检查的通知.docx
,河北省燃气管理条例,危险化学品,.docx,法律标准\标准\化学品\危险化学品文件要求\河北省燃气管理条例.docx
,油漆MSDs,危险化学品,.doc,法律标准\标准\化学品\危险化学品文件要求\新建文件夹\油漆MSDs.doc
,油漆MSDs,危险化学品,.docx,法律标准\标准\化学品\危险化学品文件要求\新建文件夹\油漆MSDs.docx
,液化天然气和压缩天然气加气合建站建设项目定性定量分析危险有害程度的结果,危险化学品,.pdf,新标准\新增\液化天然气和压缩天然气加气合建站建设项目定性定量分析危险有害程度的结果.pdf
,液化石油气储罐设计说明书 (自动保存的),危险化学品,.xdf,法律标准\标准\液化石油气\液化石油气储罐设计说明书 (自动保存的).xdf
,液化石油气压缩天然气和液化天然气供应站安全运行技术规程,危险化学品,.pdf,法律标准\标准\液化石油气压缩天然气和液化天然气供应站安全运行技术规程.pdf
,烧碱--氢氧化钠安全技术说明书,危险化学品,.pdf,法律标准\标准\化学品\烧碱--氢氧化钠安全技术说明书.pdf
,物品存放禁配物,危险化学品,.xls,法律标准\标准\化学品\危险化学品文件要求\新建文件夹\物品存放禁配物.xls
,特别管控危险化学品目录（第一版）,危险化学品,.docx,新法规\特别管控危险化学品目录（第一版）.docx
,瓶装液化石油气安全管理的指导意见建城〔2021〕23号,危险化学品,.docx,新建文件夹\瓶装液化石油气安全管理的指导意见建城〔2021〕23号.docx
,盐酸MSDS,危险化学品,.docx,法律标准\标准\化学品\危险化学品\盐酸MSDS.docx
,硫酸安全技术说明书-MSDS_tiX3qDF,危险化学品,.pdf,法律标准\标准\化学品\危险化学品\硫酸安全技术说明书-MSDS_tiX3qDF.pdf
,第二批重点监管的危险化学品名录,危险化学品,.doc,法律标准\法律法规\危化品法律法规\第二批重点监管的危险化学品名录.doc
,第二批重点监管的危险化学品名录,危险化学品,.docx,法律标准\法律法规\危化品法律法规\第二批重点监管的危险化学品名录.docx
,职业病危害因素分类目录（2015版）,危险化学品,.doc,法律标准\标准\化学品\职业病危害因素分类目录（2015版）.doc
,职业病危害因素分类目录（2015版）,危险化学品,.docx,法律标准\标准\化学品\职业病危害因素分类目录（2015版）.docx
,获取更多访问 www.xuetutu.com,危险化学品,.mht,法律标准\标准\化学品\AQ 3014-2008 液氯使用安全技术要求\获取更多访问 www.xuetutu.com.mht
,转发国家安全监管总局、工信部关于危险化学品企业贯彻落实《国务院关于进一步加强企业安全生产工作的通知》的实施意见,危险化学品,.doc,法律标准\标准\化学品\转发国家安全监管总局、工信部关于危险化学品企业贯彻落实《国务院关于进一步加强企业安全生产工作的通知》的实施意见.doc
,转发国家安全监管总局、工信部关于危险化学品企业贯彻落实《国务院关于进一步加强企业安全生产工作的通知》的实施意见,危险化学品,.docx,法律标准\标准\化学品\转发国家安全监管总局、工信部关于危险化学品企业贯彻落实《国务院关于进一步加强企业安全生产工作的通知》的实施意见.docx
,醇基液体燃料的危险有害因素识别表,危险化学品,.doc,法律标准\标准\化学品\危险化学品\醇基液体燃料的危险有害因素识别表.doc
,醇基液体燃料的危险有害因素识别表,危险化学品,.docx,法律标准\标准\化学品\危险化学品\醇基液体燃料的危险有害因素识别表.docx
,醇基液体燃料（液体酒精）安全使用条件,危险化学品,.doc,法律标准\标准\化学品\醇基液体燃料（液体酒精）安全使用条件.doc
,醇基液体燃料（液体酒精）安全使用条件,危险化学品,.docx,法律标准\标准\化学品\醇基液体燃料（液体酒精）安全使用条件.docx
,附件1原河北省安全生产监督管理局《关于印发（易燃易爆、有毒有害作业场所设备设施安全生产检测检验项目目录（试行））的通知》（冀安监管规划〔2017〕49号）,危险化学品,.doc,法律标准\法律法规\燃气\文件-杂货铺\附件1原河北省安全生产监督管理局《关于印发（易燃易爆、有毒有害作业场所设备设施安全生产检测检验项目目录（试行））的通知》（冀安监管规划〔2017〕49号）.doc
,附件1原河北省安全生产监督管理局《关于印发（易燃易爆、有毒有害作业场所设备设施安全生产检测检验项目目录（试行））的通知》（冀安监管规划〔2017〕49号）,危险化学品,.docx,法律标准\法律法规\燃气\文件-杂货铺\附件1原河北省安全生产监督管理局《关于印发（易燃易爆、有毒有害作业场所设备设施安全生产检测检验项目目录（试行））的通知》（冀安监管规划〔2017〕49号）.docx
,附件2易燃易爆、有毒有害作业场所分类及举例,危险化学品,.doc,法律标准\法律法规\燃气\文件-杂货铺\附件2易燃易爆、有毒有害作业场所分类及举例.doc
,附件2易燃易爆、有毒有害作业场所分类及举例,危险化学品,.docx,法律标准\法律法规\燃气\文件-杂货铺\附件2易燃易爆、有毒有害作业场所分类及举例.docx
,附件3易燃易爆、有毒有害作业场所基本信息汇总表,危险化学品,.doc,法律标准\法律法规\燃气\文件-杂货铺\附件3易燃易爆、有毒有害作业场所基本信息汇总表.doc
,附件3易燃易爆、有毒有害作业场所基本信息汇总表,危险化学品,.docx,法律标准\法律法规\燃气\文件-杂货铺\附件3易燃易爆、有毒有害作业场所基本信息汇总表.docx
,附件4易燃易爆、有毒有害作业场所设备设施安全生产检测检验情况汇总表,危险化学品,.doc,法律标准\法律法规\燃气\文件-杂货铺\附件4易燃易爆、有毒有害作业场所设备设施安全生产检测检验情况汇总表.doc
,附件4易燃易爆、有毒有害作业场所设备设施安全生产检测检验情况汇总表,危险化学品,.docx,法律标准\法律法规\燃气\文件-杂货铺\附件4易燃易爆、有毒有害作业场所设备设施安全生产检测检验情况汇总表.docx
,餐饮企业同时存放液化石油气总重量超过100 kg时,危险化学品,.docx,新建文件夹\餐饮企业同时存放液化石油气总重量超过100 kg时.docx
,首批重点监管的危险化学品名录,危险化学品,.doc,法律标准\标准\化学品\危险化学品文件要求\新建文件夹\首批重点监管的危险化学品名录.doc
,首批重点监管的危险化学品名录,危险化学品,.docx,法律标准\标准\化学品\危险化学品文件要求\新建文件夹\首批重点监管的危险化学品名录.docx
,首批重点监管的危险化学品名录,危险化学品,.doc,法律标准\标准\醇基燃料\首批重点监管的危险化学品名录.doc
,首批重点监管的危险化学品名录,危险化学品,.docx,法律标准\标准\醇基燃料\首批重点监管的危险化学品名录.docx
,首批重点监管的危险化学品安全措施和应急处置原则（安监总厅管三〔2011〕142号）,危险化学品,.doc,法律标准\标准\化学品\危险化学品文件要求\新建文件夹\首批重点监管的危险化学品安全措施和应急处置原则（安监总厅管三〔2011〕142号）.doc
,首批重点监管的危险化学品安全措施和应急处置原则（安监总厅管三〔2011〕142号）,危险化学品,.docx,法律标准\标准\化学品\危险化学品文件要求\新建文件夹\首批重点监管的危险化学品安全措施和应急处置原则（安监总厅管三〔2011〕142号）.docx
,（冀应急办〔2019〕31号）关于加强易燃易爆、有毒有害作业场所设备设施检测检验工作检查的通知(1),危险化学品,.doc,新文件包\（冀应急办〔2019〕31号）关于加强易燃易爆、有毒有害作业场所设备设施检测检验工作检查的通知(1).doc
,（冀应急办〔2019〕31号）关于加强易燃易爆、有毒有害作业场所设备设施检测检验工作检查的通知(1),危险化学品,.docx,新文件包\（冀应急办〔2019〕31号）关于加强易燃易爆、有毒有害作业场所设备设施检测检验工作检查的通知(1).docx
AQ2047,AQ 2047-2012 水泥工厂筒型储运库人工清库安全规程,安全管理体系,.pdf,111111\隐患排查依据文本（一）\隐患排查依据文本（一）\法规\AQ 2047-2012 水泥工厂筒型储运库人工清库安全规程.pdf
AQ5206,AQ 5206-2011 涂装工程安全评价导则(送审稿),安全管理体系,.rar,法律标准\标准\设备设施\涂装作业\AQ 5206-2011 涂装工程安全评价导则(送审稿).rar
AQ7011,AQ7011-2018 《高温熔融金属吊运安全规程》,安全管理体系,.pdf,111111\隐患排查依据文本（一）\隐患排查依据文本（一）\标准\AQ7011-2018 《高温熔融金属吊运安全规程》.pdf
AQ7014,AQ 7014-2018 新型干法水泥生产安全规程,安全管理体系,.pdf,111111\隐患排查依据文本（一）\隐患排查依据文本（一）\法规\AQ 7014-2018 新型干法水泥生产安全规程.pdf
AQ8001,AQ 8001-2007 安全评价通则,安全管理体系,.pdf,法律标准\标准\安全管理\AQ 8001-2007 安全评价通则.pdf
AQ8002,AQ 8002-2007 安全预评价导则,安全管理体系,.pdf,法律标准\标准\安全管理\AQ 8002-2007 安全预评价导则.pdf
AQ8003,AQ 8003-2007 安全验收评价导则,安全管理体系,.pdf,法律标准\标准\安全管理\AQ 8003-2007 安全验收评价导则.pdf
AQT7006,AQT 7006-2012 白酒企业安全管理规范,安全管理体系,.pdf,111111\隐患排查依据文本（一）\隐患排查依据文本（一）\法规\AQT 7006-2012 白酒企业安全管理规范.pdf
AQ∕T5206,AQ∕T 5206-2011 涂装工程安全评价导则,安全管理体系,.xdf,法律标准\标准\设备设施\涂装作业\AQ∕T 5206-2011 涂装工程安全评价导则.xdf
CEC180,T∕CEC 180-2018 发电厂监控系统信息安全评估导则,安全管理体系,.pdf,垃圾发电补充2\T∕CEC 180-2018 发电厂监控系统信息安全评估导则.pdf
DB11,DB11∕T 1697-2019 动力锂离子蓄电池制造业绿色工厂评价要求,安全管理体系,.pdf,电池\DB11∕T 1697-2019 动力锂离子蓄电池制造业绿色工厂评价要求.pdf
DB37,DB37T 3168-2018 纸面石膏板企业安全生产风险分级管控体系实施指南,安全管理体系,.doc,111111\DB37∕T 3168-2018 纸面石膏板企业安全生产风险分级管控体系实施指南\DB37T 3168-2018 纸面石膏板企业安全生产风险分级管控体系实施指南.doc
DB37,DB37T 3168-2018 纸面石膏板企业安全生产风险分级管控体系实施指南,安全管理体系,.docx,111111\DB37∕T 3168-2018 纸面石膏板企业安全生产风险分级管控体系实施指南\DB37T 3168-2018 纸面石膏板企业安全生产风险分级管控体系实施指南.docx
DB37,DB37T 3188-2018  硝酸、液体硝酸铵行业企业安全生产风险分级管控体系实施指南,安全管理体系,.xdf,法律标准\标准\酸\DB37T 3188-2018  硝酸、液体硝酸铵行业企业安全生产风险分级管控体系实施指南.xdf
DB37,DB37∕T 3168-2018 纸面石膏板企业安全生产风险分级管控体系实施指南,安全管理体系,.rar,111111\DB37∕T 3168-2018 纸面石膏板企业安全生产风险分级管控体系实施指南.rar
DL_T1842,DL_T 1842-2018 垃圾发电厂运行指标评价规范,安全管理体系,.xdf,法律标准\标准\垃圾\DL_T 1842-2018 垃圾发电厂运行指标评价规范.xdf
DL_T1843,DL_T 1843-2018 垃圾发电厂危险源辨识和评价规范,安全管理体系,.xdf,法律标准\标准\垃圾\DL_T 1843-2018 垃圾发电厂危险源辨识和评价规范.xdf
DL_T2430,DL_T 2430-2021 垃圾焚烧发电厂安全生产评价导则,安全管理体系,.pdf,垃圾焚烧\垃圾发电补充1\DL_T 2430-2021 垃圾焚烧发电厂安全生产评价导则.pdf
DL∕T1843,DL∕T 1843-2018 垃圾发电厂危险源辨识和评价规范,安全管理体系,.pdf,垃圾焚烧\垃圾发电补充1\DL∕T 1843-2018 垃圾发电厂危险源辨识和评价规范.pdf
GB11291.1,GB 11291.1-2011 工业环境用机器人 安全要求 第1部分：机器人,安全管理体系,.pdf,111111\隐患排查依据文本（一）\隐患排查依据文本（一）\法规\GB 11291.1-2011 工业环境用机器人 安全要求 第1部分：机器人.pdf
GB11341,GB 11341-2008 悬挂输送机安全规程,安全管理体系,.docx,111111\隐患排查依据文本（二）\隐患排查依据文本（二）\GB 11341-2008 悬挂输送机安全规程.docx
GB14443,GB 14443-2007 涂装作业安全规程涂层烘干室安全技术规定,安全管理体系,.pdf,111111\隐患排查依据文本（一）\隐患排查依据文本（一）\法规\GB 14443-2007 涂装作业安全规程涂层烘干室安全技术规定.pdf
GB14773,GB 14773-2007 涂装作业安全规范 静电喷枪及其辅助装置安全技术要求,安全管理体系,.pdf,111111\隐患排查依据文本（一）\隐患排查依据文本（一）\法规\GB 14773-2007 涂装作业安全规范 静电喷枪及其辅助装置安全技术要求.pdf
GB14784,GB 14784-2013 带式输送机 安全规范,安全管理体系,.pdf,111111\隐患排查依据文本（一）\隐患排查依据文本（一）\标准\GB 14784-2013 带式输送机 安全规范.pdf
GB15579.1,GB 15579.1-2004 弧焊设备第1部分焊接电源,安全管理体系,.pdf,111111\隐患排查依据文本（一）\隐患排查依据文本（一）\法规\GB 15579.1-2004 弧焊设备第1部分焊接电源.pdf
GB21966,GB 21966-2008 锂原电池和蓄电池在运输中的安全要求,安全管理体系,.pdf,111111\隐患排查依据文本（二）\隐患排查依据文本（二）\GB 21966-2008 锂原电池和蓄电池在运输中的安全要求.pdf
GB28009,GB 28009-2011 冷库安全规程,安全管理体系,.pdf,111111\隐患排查依据文本（一）\隐患排查依据文本（一）\法规\GB 28009-2011 冷库安全规程.pdf
GB28240,GB 28240-2012 剪板机 安全技术要求,安全管理体系,.pdf,111111\隐患排查依据文本（一）\隐患排查依据文本（一）\法规\GB 28240-2012 剪板机 安全技术要求.pdf
GB28242,GB 28242-2012 螺旋压力机 安全技术要求,安全管理体系,.pdf,111111\隐患排查依据文本（二）\隐患排查依据文本（二）\GB 28242-2012 螺旋压力机 安全技术要求.pdf
GB28243,GB 28243-2012 液压板料折弯机 安全技术要求,安全管理体系,.pdf,111111\隐患排查依据文本（二）\隐患排查依据文本（二）\GB 28243-2012 液压板料折弯机 安全技术要求.pdf
GB4053.1,GB 4053.1-2009 固定式钢梯及平台安全要求第1部分：钢直梯,安全管理体系,.pdf,111111\隐患排查依据文本（一）\隐患排查依据文本（一）\法规\GB 4053.1-2009 固定式钢梯及平台安全要求第1部分：钢直梯.pdf
GB4053.2,GB 4053.2-2009 固定式钢梯及平台安全要求第2部分：钢斜梯,安全管理体系,.pdf,111111\隐患排查依据文本（一）\隐患排查依据文本（一）\法规\GB 4053.2-2009 固定式钢梯及平台安全要求第2部分：钢斜梯.pdf
GB4053.3,GB 4053.3-2009 固定式钢梯及平台安全要求第3部分：工业防护栏杆及钢平台,安全管理体系,.pdf,111111\隐患排查依据文本（一）\隐患排查依据文本（一）\法规\GB 4053.3-2009 固定式钢梯及平台安全要求第3部分：工业防护栏杆及钢平台.pdf
GB50028,GB50028-2006 城镇燃气设计规范,安全管理体系,.pdf,111111\隐患排查依据文本（一）\隐患排查依据文本（一）\法规\GB50028-2006 城镇燃气设计规范.pdf
GB50053,GB 50053-2013 20kV及以下变电所设计规范,安全管理体系,.docx,111111\隐患排查依据文本（一）\隐患排查依据文本（一）\标准\GB 50053-2013 20kV及以下变电所设计规范.docx
GB50058,GB 50058-2014 爆炸危险环境电力装置设计规范,安全管理体系,.pdf,111111\隐患排查依据文本（一）\隐患排查依据文本（一）\标准\GB 50058-2014 爆炸危险环境电力装置设计规范.pdf
GB50072,GB50072-2010 冷库设计规范,安全管理体系,.pdf,111111\隐患排查依据文本（一）\隐患排查依据文本（一）\法规\GB50072-2010 冷库设计规范.pdf
GB50074,GB 50074-2014 石油库设计规范,安全管理体系,.pdf,111111\隐患排查依据文本（二）\隐患排查依据文本（二）\GB 50074-2014 石油库设计规范.pdf
GB50187,GB 50187-2012 工业企业总平面设计规范,安全管理体系,.pdf,111111\隐患排查依据文本（一）\隐患排查依据文本（一）\标准\GB 50187-2012 工业企业总平面设计规范.pdf
GB50295,GB 50295-2016 水泥工厂设计规范,安全管理体系,.pdf,111111\隐患排查依据文本（一）\隐患排查依据文本（一）\法规\GB 50295-2016 水泥工厂设计规范.pdf
GB50316,GB 50316-2008 工业金属管道设计规范,安全管理体系,.pdf,111111\隐患排查依据文本（一）\隐患排查依据文本（一）\标准\GB 50316-2008 工业金属管道设计规范.pdf
GB50431,GB 50431-2020 带式输送机工程技术标准,安全管理体系,.pdf,111111\隐患排查依据文本（一）\隐患排查依据文本（一）\标准\GB 50431-2020 带式输送机工程技术标准.pdf
GB50588,GB 50588-2010 水泥工厂余热发电设计规范,安全管理体系,.pdf,111111\隐患排查依据文本（一）\隐患排查依据文本（一）\法规\GB 50588-2010 水泥工厂余热发电设计规范.pdf
GB5083,GB 5083-1999 生产设备安全卫生设计总则,安全管理体系,.pdf,111111\隐患排查依据文本（一）\隐患排查依据文本（一）\标准\GB 5083-1999 生产设备安全卫生设计总则.pdf
GB5091,GB 5091-2011 压力机用安全防护装置技术要求,安全管理体系,.pdf,111111\隐患排查依据文本（一）\隐患排查依据文本（一）\法规\GB 5091-2011 压力机用安全防护装置技术要求.pdf
GB5091,GB 5091-2011 压力机用安全防护装置技术要求,安全管理体系,.pdf,111111\隐患排查依据文本（二）\隐患排查依据文本（二）\GB 5091-2011 压力机用安全防护装置技术要求.pdf
GB51377,GB 51377-2019 锂离子电池工厂设计标准,安全管理体系,.pdf,111111\隐患排查依据文本（二）\隐患排查依据文本（二）\GB 51377-2019 锂离子电池工厂设计标准.pdf
GB55009,GB 55009-2021 燃气工程项目规范 (1),安全管理体系,.pdf,111111\隐患排查依据文本（一）\隐患排查依据文本（一）\法规\GB 55009-2021 燃气工程项目规范 (1).pdf
GB5959.3,GB 5959.3-2008 电热装置的安全 第3部分：对感应和导电加热装置以及感应熔炼装置的特殊要求,安全管理体系,.pdf,111111\隐患排查依据文本（一）\隐患排查依据文本（一）\标准\GB 5959.3-2008 电热装置的安全 第3部分：对感应和导电加热装置以及感应熔炼装置的特殊要求.pdf
GB7247.1,GB 7247.1-2012 激光产品的安全 第1部分设备分类、要求,安全管理体系,.pdf,111111\隐患排查依据文本（一）\隐患排查依据文本（一）\法规\GB 7247.1-2012 激光产品的安全 第1部分设备分类、要求.pdf
GB7691,GB 7691-2003 涂装作业安全规程安全管理通则,安全管理体系,.pdf,111111\隐患排查依据文本（一）\隐患排查依据文本（一）\法规\GB 7691-2003 涂装作业安全规程安全管理通则.pdf
GB9448,GB 9448-1999 焊接与切割安全,安全管理体系,.doc,111111\隐患排查依据文本（一）\隐患排查依据文本（一）\标准\GB 9448-1999 焊接与切割安全.doc
GB9448,GB 9448-1999 焊接与切割安全,安全管理体系,.docx,111111\隐患排查依据文本（一）\隐患排查依据文本（一）\标准\GB 9448-1999 焊接与切割安全.docx
GBT10067.3,GBT 10067.3-2015 电热装置基本技术条件 第3部分：感应电热装置,安全管理体系,.pdf,111111\隐患排查依据文本（一）\隐患排查依据文本（一）\标准\GBT 10067.3-2015 电热装置基本技术条件 第3部分：感应电热装置.pdf
GBT10067.31,GBT 10067.31-2013 电热装置基本技术条件 第31部分：中频无心感应炉,安全管理体系,.pdf,111111\隐患排查依据文本（一）\隐患排查依据文本（一）\标准\GBT 10067.31-2013 电热装置基本技术条件 第31部分：中频无心感应炉.pdf
GBT12801,GBT 12801-2008 生产过程安全卫生要求总则,安全管理体系,.pdf,111111\隐患排查依据文本（一）\隐患排查依据文本（一）\法规\GBT 12801-2008 生产过程安全卫生要求总则.pdf
GBT13955,GBT 13955-2017 剩余电流动作保护装置安装和运行,安全管理体系,.pdf,111111\隐患排查依据文本（一）\隐患排查依据文本（一）\标准\GBT 13955-2017 剩余电流动作保护装置安装和运行.pdf
GBT19001,GBT 19001—2015 质量管理体系 要求,安全管理体系,.pdf,法律标准\标准\体系标准\GBT 19001—2015 质量管理体系 要求.pdf
GBT19011,GBT 19011-2013 管理体系审核指南,安全管理体系,.pdf,法律标准\标准\体系标准\GBT 19011-2013 管理体系审核指南.pdf
GBT19867.2,GBT 19867.2-2008 气焊焊接工艺规程,安全管理体系,.pdf,111111\隐患排查依据文本（一）\隐患排查依据文本（一）\法规\GBT 19867.2-2008 气焊焊接工艺规程.pdf
GBT19867.4,GBT 19867.4-2008 激光焊接工艺规程,安全管理体系,.pdf,111111\隐患排查依据文本（二）\隐患排查依据文本（二）\GBT 19867.4-2008 激光焊接工艺规程.pdf
GBT20722,GBT 20722-2006 激光加工机器人 通用技术条件,安全管理体系,.xdf,111111\隐患排查依据文本（一）\隐患排查依据文本（一）\法规\GBT 20722-2006 激光加工机器人 通用技术条件.xdf
GBT20867,GBT 20867-2007 工业机器人 安全实施规范,安全管理体系,.pdf,111111\隐患排查依据文本（一）\隐患排查依据文本（一）\法规\GBT 20867-2007 工业机器人 安全实施规范.pdf
GBT23583.1,GBT 23583.1-2009 钢液浇包 第1部分：型式与基本参数,安全管理体系,.pdf,111111\隐患排查依据文本（一）\隐患排查依据文本（一）\标准\GBT 23583.1-2009 钢液浇包 第1部分：型式与基本参数.pdf
GBT23583.2,GBT 23583.2-2009 钢液浇包 第2部分：技术条件,安全管理体系,.pdf,111111\隐患排查依据文本（一）\隐患排查依据文本（一）\标准\GBT 23583.2-2009 钢液浇包 第2部分：技术条件.pdf
GBT24001,GBT 24001—2015 环境管理体系要求及使用指南,安全管理体系,.pdf,法律标准\标准\体系标准\GBT 24001—2015 环境管理体系要求及使用指南.pdf
GBT24001,GBT24001-2016 环境管理体系 要求及使用指南,安全管理体系,.pdf,法律标准\法律法规\环境保护法律法规\GBT24001-2016 环境管理体系 要求及使用指南.pdf
GBT26493,GBT 26493-2011 电池废料贮运规范,安全管理体系,.pdf,111111\隐患排查依据文本（二）\隐患排查依据文本（二）\GBT 26493-2011 电池废料贮运规范.pdf
GBT30134,GBT30134-2013冷库管理规范,安全管理体系,.pdf,111111\隐患排查依据文本（一）\隐患排查依据文本（一）\法规\GBT30134-2013冷库管理规范.pdf
GBT50102,GBT 50102-2014 工业循环水冷却设计规范,安全管理体系,.pdf,111111\隐患排查依据文本（一）\隐患排查依据文本（一）\标准\GBT 50102-2014 工业循环水冷却设计规范.pdf
GBT7247.14,GBT 7247.14-2012 激光产品的安全 第14部分：用户指南,安全管理体系,.pdf,111111\隐患排查依据文本（一）\隐患排查依据文本（一）\法规\GBT 7247.14-2012 激光产品的安全 第14部分：用户指南.pdf
GBT7247.4,GBT 7247.4-2016 激光产品的安全 第4部分：激光防护屏,安全管理体系,.pdf,111111\隐患排查依据文本（一）\隐患排查依据文本（一）\法规\GBT 7247.4-2016 激光产品的安全 第4部分：激光防护屏.pdf
GB_T10892,GB_T 10892-2021 固定的空气压缩机 安全规则和操作规程,安全管理体系,.pdf,111111\隐患排查依据文本（一）\隐患排查依据文本（一）\标准\GB_T 10892-2021 固定的空气压缩机 安全规则和操作规程.pdf
GB_T34525,GB_T 34525-2017 气瓶搬运、装卸、储存和使用安全规定,安全管理体系,.pdf,111111\隐患排查依据文本（一）\隐患排查依据文本（一）\标准\GB_T 34525-2017 气瓶搬运、装卸、储存和使用安全规定.pdf
GB_T41735,GB_T 41735-2022 绿色制造 激光表面清洗技术规范,安全管理体系,.pdf,111111\隐患排查依据文本（二）\隐患排查依据文本（二）\GB_T 41735-2022 绿色制造 激光表面清洗技术规范.pdf
GB_T42728,GB_T 42728-2023 锂离子电池组安全设计指南,安全管理体系,.pdf,111111\隐患排查依据文本（二）\隐患排查依据文本（二）\GB_T 42728-2023 锂离子电池组安全设计指南.pdf
GB_T42729,GB_T 42729-2023 锂离子电池和电池组安全使用指南,安全管理体系,.pdf,111111\隐患排查依据文本（二）\隐患排查依据文本（二）\GB_T 42729-2023 锂离子电池和电池组安全使用指南.pdf
GB∕T10067.1,GB∕T 10067.1-2019 电热和电磁处理装置基本技术条件 第1部分：通用部分,安全管理体系,.pdf,111111\隐患排查依据文本（一）\隐患排查依据文本（一）\标准\GB∕T 10067.1-2019 电热和电磁处理装置基本技术条件 第1部分：通用部分.pdf
GB∕T38331,GB∕T 38331-2019 锂离子电池生产设备通用技术要求,安全管理体系,.pdf,111111\隐患排查依据文本（二）\隐患排查依据文本（二）\GB∕T 38331-2019 锂离子电池生产设备通用技术要求.pdf
GB∕T43500,GB∕T43500-2023 安全管理体系 要求  2024.6.1实施,安全管理体系,.pdf,标准（2024.3.3下载）\GB∕T43500-2023 安全管理体系 要求  2024.6.1实施.pdf
GB∕T5959.1,GB∕T 5959.1-2019 电热和电磁处理装置的安全 第1部分：通用要求,安全管理体系,.pdf,111111\隐患排查依据文本（一）\隐患排查依据文本（一）\标准\GB∕T 5959.1-2019 电热和电磁处理装置的安全 第1部分：通用要求.pdf
JBT10095,JBT 10095-2010 工业电池用充电设备,安全管理体系,.pdf,111111\隐患排查依据文本（二）\隐患排查依据文本（二）\JBT 10095-2010 工业电池用充电设备.pdf
JBT10939,JBT 10939-2010 带式输送机跑偏开关,安全管理体系,.pdf,111111\隐患排查依据文本（二）\隐患排查依据文本（二）\JBT 10939-2010 带式输送机跑偏开关.pdf
JBT10958,JBT 10958-2010 带式输送机 打滑检测器,安全管理体系,.pdf,111111\隐患排查依据文本（二）\隐患排查依据文本（二）\JBT 10958-2010 带式输送机 打滑检测器.pdf
JBT10960,JBT 10960-2010 带式输送机 拉绳开关,安全管理体系,.pdf,111111\隐患排查依据文本（二）\隐患排查依据文本（二）\JBT 10960-2010 带式输送机 拉绳开关.pdf
JBT11137,JBT 11137-2011 锂离子蓄电池总成通用要求,安全管理体系,.pdf,111111\隐患排查依据文本（二）\隐患排查依据文本（二）\JBT 11137-2011 锂离子蓄电池总成通用要求.pdf
JBT11142,JBT 11142-2011 锂离子蓄电池充电设备通用要求,安全管理体系,.pdf,111111\隐患排查依据文本（二）\隐患排查依据文本（二）\JBT 11142-2011 锂离子蓄电池充电设备通用要求.pdf
JBT3929,JBT 3929-2008 通用悬挂输送机,安全管理体系,.pdf,111111\隐患排查依据文本（一）\隐患排查依据文本（一）\标准\JBT 3929-2008 通用悬挂输送机.pdf
JBT3929,JBT 3929-2008 通用悬挂输送机,安全管理体系,.pdf,111111\隐患排查依据文本（二）\隐患排查依据文本（二）\较大危害因素\JBT 3929-2008 通用悬挂输送机.pdf
JB∕T2257.1,JB∕T 2257.1-2014 板料折弯机 第1部分：技术条件,安全管理体系,.pdf,111111\隐患排查依据文本（二）\隐患排查依据文本（二）\JB∕T 2257.1-2014 板料折弯机 第1部分：技术条件.pdf
JB∕T7679,JB∕T 7679-2019 螺旋输送机,安全管理体系,.pdf,111111\隐患排查依据文本（二）\隐患排查依据文本（二）\JB∕T 7679-2019 螺旋输送机.pdf
JT_T937,JT_T 937-2025 在用汽车喷烤漆房安全评价规范,安全管理体系,.pdf,安全标准\JT_T 937-2025 在用汽车喷烤漆房安全评价规范.pdf
QBT1852,QBT 1852-1993 白酒工业劳动安全技术规程,安全管理体系,.pdf,111111\隐患排查依据文本（一）\隐患排查依据文本（一）\法规\QBT 1852-1993 白酒工业劳动安全技术规程.pdf
SJT11384,SJT 11384 -2008 耐压测试仪通用规范,安全管理体系,.pdf,111111\隐患排查依据文本（二）\隐患排查依据文本（二）\SJT 11384 -2008 耐压测试仪通用规范.pdf
SJ_T11798,SJ_T 11798-2022 锂离子电池和电池组生产安全要求,安全管理体系,.pdf,111111\隐患排查依据文本（二）\隐患排查依据文本（二）\SJ_T 11798-2022 锂离子电池和电池组生产安全要求.pdf
SJ_T11807,SJ_T 11807-2022 锂离子电池和电池组充放电测试设备规范,安全管理体系,.pdf,111111\隐患排查依据文本（二）\隐患排查依据文本（二）\SJ_T 11807-2022 锂离子电池和电池组充放电测试设备规范.pdf
SYT6631,SYT6631-2005  危害辨识、风险评价和风险控制推荐作法,安全管理体系,.pdf,法律标准\标准\中油标准\SYT6631-2005  危害辨识、风险评价和风险控制推荐作法.pdf
gb3836.1,gb3836.1-2020爆炸性环境 第1部分：设备 通用要求,安全管理体系,.pdf,111111\隐患排查依据文本（一）\隐患排查依据文本（一）\法规\gb3836.1-2020爆炸性环境 第1部分：设备 通用要求.pdf
,1,安全管理体系,.jpg,111111\隐患排查依据文本（二）\隐患排查依据文本（二）\1.jpg
,2,安全管理体系,.jpg,111111\隐患排查依据文本（二）\隐患排查依据文本（二）\2.jpg
,2003工业管道的基本识别色、识别符号和安全标识,安全管理体系,.pdf,111111\隐患排查依据文本（一）\隐患排查依据文本（一）\法规\2003工业管道的基本识别色、识别符号和安全标识.pdf
,201211836257421,安全管理体系,.doc,法律标准\法律法规\安全评价\201211836257421.doc
,201211836257421,安全管理体系,.docx,法律标准\法律法规\安全评价\201211836257421.docx
,2018年市属集团公司安全生产责任制考核细则,安全管理体系,.doc,法律标准\法律法规\燃气\文件-杂货铺\2018年市属集团公司安全生产责任制考核细则.doc
,2018年市属集团公司安全生产责任制考核细则,安全管理体系,.docx,法律标准\法律法规\燃气\文件-杂货铺\2018年市属集团公司安全生产责任制考核细则.docx
,23-总局令第30号-.特种作业人员安全技术培训考核管理规定(80号令修正-全文公布),安全管理体系,.pdf,111111\隐患排查依据文本（一）\隐患排查依据文本（一）\法规\23-总局令第30号-.特种作业人员安全技术培训考核管理规定(80号令修正-全文公布).pdf
,3,安全管理体系,.jpg,111111\隐患排查依据文本（二）\隐患排查依据文本（二）\3.jpg
,C3-02 法律法规和其他要求合规性评价报告2016,安全管理体系,.doc,法律标准\法律法规\法律法规-任丘\C3-02 法律法规和其他要求合规性评价报告2016.doc
,C3-02 法律法规和其他要求合规性评价报告2016,安全管理体系,.docx,法律标准\法律法规\法律法规-任丘\C3-02 法律法规和其他要求合规性评价报告2016.docx
,C3-02法律法规和其他要求遵守内容与评价情况一览表2016,安全管理体系,.xls,法律标准\法律法规\法律法规-任丘\C3-02法律法规和其他要求遵守内容与评价情况一览表2016.xls
,JCT 821-2007  水泥工业用熟料输送机,安全管理体系,.pdf,111111\隐患排查依据文本（二）\隐患排查依据文本（二）\JCT 821-2007  水泥工业用熟料输送机.pdf
,JC_T 2635-2021 玻璃行业绿色工厂评价要求,安全管理体系,.pdf,新建文件夹 (2)\JC_T 2635-2021 玻璃行业绿色工厂评价要求.pdf
,JC∕T 2303-2015 水泥熟料烧成系统脱硝技术应用规范,安全管理体系,.pdf,111111\隐患排查依据文本（一）\隐患排查依据文本（一）\法规\JC∕T 2303-2015 水泥熟料烧成系统脱硝技术应用规范.pdf
,LNG天燃气站风险分级管控辨识清单,安全管理体系,.xls,标准\燃气资料\LNG天燃气站风险分级管控辨识清单.xls
,LNG气化站安全生产风险管理分析,安全管理体系,.doc,LNG\LNG气化站安全生产风险管理分析.doc
,LNG气化站安全生产风险管理分析,安全管理体系,.docx,LNG\LNG气化站安全生产风险管理分析.docx
,LNG气化站安全生产风险管理分析(最新版),安全管理体系,.docx,标准\燃气资料\LNG气化站安全生产风险管理分析(最新版).docx
,L_T 793.7-2022 发电设备可靠性评价规程 第7部分：光伏发电设备,安全管理体系,.pdf,光伏\L_T 793.7-2022 发电设备可靠性评价规程 第7部分：光伏发电设备.pdf
,NBT 32038-2017 光伏发电工程安全验收评价规程,安全管理体系,.pdf,光伏\NBT 32038-2017 光伏发电工程安全验收评价规程.pdf
,NBT 32039-2017 光伏发电工程安全预评价规程,安全管理体系,.pdf,光伏\NBT 32039-2017 光伏发电工程安全预评价规程.pdf
,NB_T 10997-2022 光伏发电站并网安全条件及评价规范,安全管理体系,.pdf,光伏\NB_T 10997-2022 光伏发电站并网安全条件及评价规范.pdf
,TCCAA33-2016 食品安全管理体系白酒生产企业要求,安全管理体系,.pdf,法律标准\标准\白酒\TCCAA33-2016 食品安全管理体系白酒生产企业要求.pdf
,T_CWAN 0081-2023 激光焊接机器人系统通用技术条件,安全管理体系,.pdf,111111\隐患排查依据文本（一）\隐患排查依据文本（一）\法规\T_CWAN 0081-2023 激光焊接机器人系统通用技术条件.pdf
,T∕ZZB 1069-2019 数控激光切割机,安全管理体系,.pdf,111111\隐患排查依据文本（一）\隐患排查依据文本（一）\法规\T∕ZZB 1069-2019 数控激光切割机.pdf
,《可容许风险标准》,安全管理体系,.doc,法律标准\标准\危险源\《可容许风险标准》.doc
,《可容许风险标准》,安全管理体系,.docx,法律标准\标准\危险源\《可容许风险标准》.docx
,《锂离子动力电池工厂安全风险管控指南》,安全管理体系,.docx,锂电池资料\电池其他\《锂离子动力电池工厂安全风险管控指南》.docx
,《锂离子动力电池工厂安全风险管控指南》,安全管理体系,.pdf,锂电池资料\锂电池检查\电池危害及检查表\《锂离子动力电池工厂安全风险管控指南》.pdf
,【附依据】企业隐患排查清单 第一册定稿（最全723页）,安全管理体系,.xdf,111111\【附依据】企业隐患排查清单 第一册定稿（最全723页）.xdf
,中华人民共和国安全生产法（2021版）,安全管理体系,.docx,111111\隐患排查依据文本（一）\隐患排查依据文本（一）\法规\中华人民共和国安全生产法（2021版）.docx
,中华人民共和国环境影响评价法2016,安全管理体系,.docx,法律标准\法律法规\环境保护法律法规\中华人民共和国环境影响评价法2016.docx
,中华人民共和国环境影响评价法2016年9月1日施行,安全管理体系,.docx,法律标准\法律法规\环境保护法律法规\中华人民共和国环境影响评价法2016年9月1日施行.docx
,中华人民共和国环境影响评价法主席令[2002]77号,安全管理体系,.doc,法律标准\法律法规\环境保护法律法规\中华人民共和国环境影响评价法主席令[2002]77号.doc
,中华人民共和国环境影响评价法主席令[2002]77号,安全管理体系,.docx,法律标准\法律法规\环境保护法律法规\中华人民共和国环境影响评价法主席令[2002]77号.docx
,中国石油天然气集团公司HSE管理体系培训咨询管理暂行规定-质安字[2000]第130号,安全管理体系,.doc,法律标准\法律法规\集团规章\中国石油天然气集团公司HSE管理体系培训咨询管理暂行规定-质安字[2000]第130号.doc
,中国石油天然气集团公司HSE管理体系培训咨询管理暂行规定-质安字[2000]第130号,安全管理体系,.docx,法律标准\法律法规\集团规章\中国石油天然气集团公司HSE管理体系培训咨询管理暂行规定-质安字[2000]第130号.docx
,中国石油天然气集团公司HSE管理体系审核管理规定-安全[2014]17号,安全管理体系,.doc,法律标准\法律法规\集团规章\中国石油天然气集团公司HSE管理体系审核管理规定-安全[2014]17号.doc
,中国石油天然气集团公司HSE管理体系审核管理规定-安全[2014]17号,安全管理体系,.docx,法律标准\法律法规\集团规章\中国石油天然气集团公司HSE管理体系审核管理规定-安全[2014]17号.docx
,中国石油天然气集团公司HSE管理体系认证管理规定（暂行）-质安字[2000]第66号,安全管理体系,.doc,法律标准\法律法规\集团规章\中国石油天然气集团公司HSE管理体系认证管理规定（暂行）-质安字[2000]第66号.doc
,中国石油天然气集团公司HSE管理体系认证管理规定（暂行）-质安字[2000]第66号,安全管理体系,.docx,法律标准\法律法规\集团规章\中国石油天然气集团公司HSE管理体系认证管理规定（暂行）-质安字[2000]第66号.docx
,中国石油天然气集团公司安全生产和环境保护责任制管理办法-中油安[2014]13号,安全管理体系,.doc,法律标准\法律法规\集团规章\中国石油天然气集团公司安全生产和环境保护责任制管理办法-中油安[2014]13号.doc
,中国石油天然气集团公司安全生产和环境保护责任制管理办法-中油安[2014]13号,安全管理体系,.docx,法律标准\法律法规\集团规章\中国石油天然气集团公司安全生产和环境保护责任制管理办法-中油安[2014]13号.docx
,中国石油天然气集团公司安全生产责任制通则,安全管理体系,.pdf,法律标准\法律法规\集团规章\中国石油天然气集团公司安全生产责任制通则.pdf
,中国石油天然气集团公司生产安全风险防控管理办法-中油安【2014】445号,安全管理体系,.doc,法律标准\法律法规\集团规章\中国石油天然气集团公司生产安全风险防控管理办法-中油安【2014】445号.doc
,中国石油天然气集团公司生产安全风险防控管理办法-中油安【2014】445号,安全管理体系,.docx,法律标准\法律法规\集团规章\中国石油天然气集团公司生产安全风险防控管理办法-中油安【2014】445号.docx
,中油集团公司环境风险防控管理办法,安全管理体系,.pdf,法律标准\标准\参考资料\中油集团公司环境风险防控管理办法.pdf
,产业结构调整指导目录（2019年本）,安全管理体系,.pdf,111111\隐患排查依据文本（一）\隐患排查依据文本（一）\法规\产业结构调整指导目录（2019年本）.pdf
,企业安全生产标准化现场评审报告,安全管理体系,.docx,新文件包\安全标准化定级办法2021.11\企业安全生产标准化现场评审报告.docx
,企业安全生产标准化自评报告,安全管理体系,.docx,新文件包\安全标准化定级办法2021.11\企业安全生产标准化自评报告.docx
,企业安全生产风险公告六条规定-安监总局令[2014]70号,安全管理体系,.docx,法律标准\法律法规\企业安全生产风险公告六条规定-安监总局令[2014]70号.docx
,企业隐患排查清单 第二册定稿,安全管理体系,.xdf,111111\企业隐患排查清单 第二册定稿.xdf
,企业隐患排查清单 第四册定稿_3-527,安全管理体系,.xdf,111111\企业隐患排查清单 第四册定稿_3-527.xdf
,企业隐患排查清单1册,安全管理体系,.pdf,111111\企业隐患排查清单1册.pdf
,企业隐患排查清单2册,安全管理体系,.pdf,111111\企业隐患排查清单2册.pdf
,企业隐患排查清单3册,安全管理体系,.pdf,111111\企业隐患排查清单3册.pdf
,企业隐患排查清单4册,安全管理体系,.pdf,111111\企业隐患排查清单4册.pdf
,入罐作业安全风险评估分析,安全管理体系,.docx,法律标准\法律法规\燃气\文件-杂货铺\入罐作业安全风险评估分析.docx
,关于印发河北省生产经营单位安全培训实施细则、管理规定的通知,安全管理体系,.doc,111111\隐患排查依据文本（一）\隐患排查依据文本（一）\法规\关于印发河北省生产经营单位安全培训实施细则、管理规定的通知.doc
,关于印发河北省生产经营单位安全培训实施细则、管理规定的通知,安全管理体系,.docx,111111\隐患排查依据文本（一）\隐患排查依据文本（一）\法规\关于印发河北省生产经营单位安全培训实施细则、管理规定的通知.docx
,制糖业较大危险因素辨识与防范指导手册（轻工业）,安全管理体系,.pdf,111111\隐患排查依据文本（二）\隐患排查依据文本（二）\较大危害因素\制糖业较大危险因素辨识与防范指导手册（轻工业）.pdf
,北京体育评估附件,安全管理体系,.doc,法律标准\标准\体育\北京体育评估附件.doc
,北京体育评估附件,安全管理体系,.docx,法律标准\标准\体育\北京体育评估附件.docx
,北京市体育运动场馆安全风险辨识评估标准（试行）,安全管理体系,.doc,法律标准\标准\体育\北京市体育运动场馆安全风险辨识评估标准（试行）.doc
,北京市体育运动场馆安全风险辨识评估标准（试行）,安全管理体系,.docx,法律标准\标准\体育\北京市体育运动场馆安全风险辨识评估标准（试行）.docx
,升降机安全风险告知卡,安全管理体系,.docx,标准\升降机\升降机安全风险告知卡.docx
,升降机安全风险告知牌,安全管理体系,.docx,标准\升降机\升降机安全风险告知牌.docx
,华都饲料厂现场隐患排查清单,安全管理体系,.docx,法律标准\标准\饲料\华都饲料厂现场隐患排查清单.docx
,印刷企业安全生产风险管控和隐患排查治理体系建设实施指南（定稿）,安全管理体系,.xdf,法律标准\标准\酸\印刷企业安全生产风险管控和隐患排查治理体系建设实施指南（定稿）.xdf
,印刷企业隐患排查标准,安全管理体系,.xdf,法律标准\标准\酸\印刷企业隐患排查标准.xdf
,印刷企业（印刷厂）安全生产风险分级管控体系方案[全套资料汇编完整版],安全管理体系,.xdf,法律标准\标准\酸\印刷企业（印刷厂）安全生产风险分级管控体系方案[全套资料汇编完整版].xdf
,印刷企业（厂）隐患排查治理体系方案,安全管理体系,.xdf,法律标准\标准\酸\印刷企业（厂）隐患排查治理体系方案.xdf
,各行业隐患排查表,安全管理体系,.pdf,安全标准\各行业隐患排查表.pdf
,国家安全生产监督管理总局令(第36号)建设项目安全设施“三同时”监督管理暂行办法,安全管理体系,.doc,法律标准\法律法规\安全评价\国家安全生产监督管理总局令(第36号)建设项目安全设施“三同时”监督管理暂行办法.doc
,国家安全生产监督管理总局令(第36号)建设项目安全设施“三同时”监督管理暂行办法,安全管理体系,.docx,法律标准\法律法规\安全评价\国家安全生产监督管理总局令(第36号)建设项目安全设施“三同时”监督管理暂行办法.docx
,国家安全监管总局关于修改生产经营单位安全培训规定等11件规章的决定安监总局令第63号,安全管理体系,.doc,111111\隐患排查依据文本（一）\隐患排查依据文本（一）\法规\国家安全监管总局关于修改生产经营单位安全培训规定等11件规章的决定安监总局令第63号.doc
,国家安全监管总局关于修改生产经营单位安全培训规定等11件规章的决定安监总局令第63号,安全管理体系,.docx,111111\隐患排查依据文本（一）\隐患排查依据文本（一）\法规\国家安全监管总局关于修改生产经营单位安全培训规定等11件规章的决定安监总局令第63号.docx
,国家生产经营单位安全培训规定安全生产监督管理总局3令(依据80号令修改),安全管理体系,.doc,111111\隐患排查依据文本（一）\隐患排查依据文本（一）\法规\国家生产经营单位安全培训规定安全生产监督管理总局3令(依据80号令修改).doc
,国家生产经营单位安全培训规定安全生产监督管理总局3令(依据80号令修改),安全管理体系,.docx,111111\隐患排查依据文本（一）\隐患排查依据文本（一）\法规\国家生产经营单位安全培训规定安全生产监督管理总局3令(依据80号令修改).docx
,大中型企业安全生产标准化管理体系要求,安全管理体系,.pdf,安全标准\大中型企业安全生产标准化管理体系要求.pdf
,天津市安全标准化样式,安全管理体系,.doc,法律标准\法律法规\培训\天津所用法规\天津政策\天津市安全标准化样式.doc
,天津市安全标准化样式,安全管理体系,.docx,法律标准\法律法规\培训\天津所用法规\天津政策\天津市安全标准化样式.docx
,安全标准化自评报告修改建议,安全管理体系,.docx,新标准\新增\安全标准化自评报告修改建议.docx
,安全评价检测检验机构管理办法,安全管理体系,.docx,法律标准\法律法规\安全评价检测检验机构管理办法.docx
,安徽省安全评价报告评审管理规范》,安全管理体系,.pdf,111111\安徽省安全评价报告评审管理规范》.pdf
,山东省玻璃制造企业安全标准化考评办法(试行),安全管理体系,.doc,法律标准\法律法规\山东省玻璃制造企业安全标准化考评办法(试行).doc
,山东省玻璃制造企业安全标准化考评办法(试行),安全管理体系,.docx,法律标准\法律法规\山东省玻璃制造企业安全标准化考评办法(试行).docx
,市安委会办公室关于全面加强企业全员安全生产责任制工作的通知,安全管理体系,.docx,法律标准\法律法规\天津法规\市安委会办公室关于全面加强企业全员安全生产责任制工作的通知.docx
,建材行业较大危险因素辨识与防范指导手册,安全管理体系,.pdf,111111\隐患排查依据文本（二）\隐患排查依据文本（二）\较大危害因素\建材行业较大危险因素辨识与防范指导手册.pdf
,建材行业较大危险因素辨识与防范指导手册(1),安全管理体系,.pdf,111111\隐患排查依据文本（二）\隐患排查依据文本（二）\较大危害因素\建材行业较大危险因素辨识与防范指导手册(1).pdf
,建设项目安全设施“三同时”监督管理办法(77号令),安全管理体系,.pdf,111111\隐患排查依据文本（一）\隐患排查依据文本（一）\法规\建设项目安全设施“三同时”监督管理办法(77号令).pdf
,建设项目安全设施三同时监督管理暂行办法国家安全监管总局令第77号修正,安全管理体系,.docx,法律标准\法律法规\安全评价\建设项目安全设施三同时监督管理暂行办法国家安全监管总局令第77号修正.docx
,建设项目环境影响评价分类管理名录,安全管理体系,.pdf,法律标准\法律法规\环境保护法律法规\建设项目环境影响评价分类管理名录.pdf
,承市安办字[2019]52号-关于印发《承德市深入推进安全生产风险分级管控和隐患排查治理双重预防机制建设工作方案》的通知,安全管理体系,.pdf,新文件包\承市安办字[2019]52号-关于印发《承德市深入推进安全生产风险分级管控和隐患排查治理双重预防机制建设工作方案》的通知.PDF
,承德市商贸行业小微企业风险管控指导手册（讨论稿）4.26,安全管理体系,.xls,新法规\承德市商贸行业小微企业风险管控指导手册（讨论稿）4.26.xls
,文件1：关于协同开展工业企业涉重点环保设施和项目安全治理工作的通知（冀环执法函 〔2022〕726号）,安全管理体系,.pdf,111111\隐患排查依据文本（二）\隐患排查依据文本（二）\文件1：关于协同开展工业企业涉重点环保设施和项目安全治理工作的通知（冀环执法函 〔2022〕726号）.pdf
,某某企业安全生产主体责任制清单,安全管理体系,.docx,锂电池资料\锂电池检查\电池危害及检查表\某某企业安全生产主体责任制清单.docx
,木材加工企业危险因素辨识防范指导手册,安全管理体系,.doc,111111\隐患排查依据文本（二）\隐患排查依据文本（二）\较大危害因素\木材加工企业危险因素辨识防范指导手册.doc
,木材加工企业危险因素辨识防范指导手册,安全管理体系,.docx,111111\隐患排查依据文本（二）\隐患排查依据文本（二）\较大危害因素\木材加工企业危险因素辨识防范指导手册.docx
,氧气充装安全风险告知牌-6392,安全管理体系,.doc,法律标准\标准\氧相关资料\氧气充装安全风险告知牌-6392.doc
,氧气充装安全风险告知牌-6392,安全管理体系,.docx,法律标准\标准\氧相关资料\氧气充装安全风险告知牌-6392.docx
,水泥制造企业较大危险因素辨识及防范措施,安全管理体系,.pdf,111111\隐患排查依据文本（二）\隐患排查依据文本（二）\较大危害因素\水泥制造企业较大危险因素辨识及防范措施.pdf
,水泥工厂重点风险,安全管理体系,.docx,新标准\水泥工厂重点风险.docx
,污水处理厂企业安全风险辨识建议清单(初稿),安全管理体系,.xdf,法律标准\标准\污水\污水处理厂企业安全风险辨识建议清单(初稿).xdf
,污水处理厂安全风险分级管控体系方案,安全管理体系,.xdf,法律标准\标准\污水\污水处理厂安全风险分级管控体系方案.xdf
,污水处理厂安全风险分级管控和隐患排查治理双体系方案全套资料[2019-2020完整实施方案模板],安全管理体系,.xdf,法律标准\标准\污水\污水处理厂安全风险分级管控和隐患排查治理双体系方案全套资料[2019-2020完整实施方案模板].xdf
,污水处理厂隐患排查治理体系方案,安全管理体系,.xdf,法律标准\标准\污水\污水处理厂隐患排查治理体系方案.xdf
,河北省安全生产条例（新版）,安全管理体系,.docx,111111\隐患排查依据文本（一）\隐患排查依据文本（一）\法规\河北省安全生产条例（新版）.docx
,河北省安全生产风险管控与隐患治理规定（河北省政府2号令）,安全管理体系,.doc,111111\隐患排查依据文本（一）\隐患排查依据文本（一）\法规\河北省安全生产风险管控与隐患治理规定（河北省政府2号令）.doc
,河北省安全生产风险管控与隐患治理规定（河北省政府2号令）,安全管理体系,.docx,111111\隐患排查依据文本（一）\隐患排查依据文本（一）\法规\河北省安全生产风险管控与隐患治理规定（河北省政府2号令）.docx
,河北省安全生产风险管控和隐患治理规定(省长2号令),安全管理体系,.docx,新文件包\河北省安全生产风险管控和隐患治理规定(省长2号令).docx
,河北省造酒企业安全生产隐患排查标准,安全管理体系,.xls,法律标准\标准\白酒\河北省造酒企业安全生产隐患排查标准.xls
,浅谈LNG气化站安全生产风险管理措施,安全管理体系,.rar,法律标准\标准\LNG\浅谈LNG气化站安全生产风险管理措施.rar
,涂装作业安全规程粉末静电喷涂工艺安全（征求意见稿）,安全管理体系,.docx,111111\隐患排查依据文本（一）\隐患排查依据文本（一）\法规\涂装作业安全规程粉末静电喷涂工艺安全（征求意见稿）.docx
,涉天然气（气化站）安全检查表,安全管理体系,.docx,111111\隐患排查依据文本（二）\隐患排查依据文本（二）\专项检查表\涉天然气（气化站）安全检查表.docx
,涉氨制冷企业安全检查表,安全管理体系,.docx,111111\隐患排查依据文本（二）\隐患排查依据文本（二）\专项检查表\涉氨制冷企业安全检查表.docx
,涉氨制冷隐患排查要点,安全管理体系,.rtf,新法规\涉氨制冷隐患排查要点.rtf
,深圳市龙华区高风险工艺锂离子电池使用企业分类分级评分细则,安全管理体系,.doc,锂电池资料\锂电池检查\深圳市龙华区高风险工艺锂离子电池使用企业分类分级评分细则.doc
,深圳市龙华区高风险工艺锂离子电池使用企业分类分级评分细则,安全管理体系,.docx,锂电池资料\锂电池检查\深圳市龙华区高风险工艺锂离子电池使用企业分类分级评分细则.docx
,深圳锂电池企业安全专项评价标准,安全管理体系,.doc,锂电池资料\锂电池检查\深圳锂电池企业安全专项评价标准.doc
,深圳锂电池企业安全专项评价标准,安全管理体系,.docx,锂电池资料\锂电池检查\深圳锂电池企业安全专项评价标准.docx
,煤粉制备系统现场隐患排查要点,安全管理体系,.docx,法律标准\标准\水泥\煤粉制备系统现场隐患排查要点.docx
,燃气隧道炉风险告知卡,安全管理体系,.docx,法律标准\标准\玻璃\玻璃1\燃气隧道炉风险告知卡.docx
,爆炸评价模型及伤害半径计算,安全管理体系,.doc,爆炸资料\爆炸评价模型及伤害半径计算.doc
,爆炸评价模型及伤害半径计算,安全管理体系,.docx,爆炸资料\爆炸评价模型及伤害半径计算.docx
,环保治理设施安全风险评估报告改(1),安全管理体系,.doc,法律标准\法律法规\其他参考\环保治理设施安全风险评估报告改(1).doc
,环保治理设施安全风险评估报告改(1),安全管理体系,.docx,法律标准\法律法规\其他参考\环保治理设施安全风险评估报告改(1).docx
,玻璃制品生产现状安全评价报告,安全管理体系,.doc,法律标准\标准\玻璃\玻璃1\玻璃制品生产现状安全评价报告.doc
,玻璃制品生产现状安全评价报告,安全管理体系,.docx,法律标准\标准\玻璃\玻璃1\玻璃制品生产现状安全评价报告.docx
,玻璃制造企业安全风险防控措施大全,安全管理体系,.docx,法律标准\标准\玻璃\玻璃1\玻璃制造企业安全风险防控措施大全.docx
,玻璃窑炉风险告知卡,安全管理体系,.docx,法律标准\标准\玻璃\玻璃1\玻璃窑炉风险告知卡.docx
,白酒制造行业较大危险因素辨识与防范措施,安全管理体系,.pdf,111111\隐患排查依据文本（二）\隐患排查依据文本（二）\较大危害因素\白酒制造行业较大危险因素辨识与防范措施.pdf
,简易升降机岗位安全风险告知卡,安全管理体系,.docx,标准\升降机\简易升降机岗位安全风险告知卡.docx
,简易升降机岗位安全风险告知卡,安全管理体系,.pptx,标准\升降机\简易升降机岗位安全风险告知卡.pptx
,粮食加工企业较大危险因素辨识与防范手册,安全管理体系,.docx,111111\隐患排查依据文本（二）\隐患排查依据文本（二）\较大危害因素\粮食加工企业较大危险因素辨识与防范手册.docx
,粮食加工企业较大危险因素辨识与防范指导手册16.doc,安全管理体系,.doc,111111\隐患排查依据文本（二）\隐患排查依据文本（二）\较大危害因素\粮食加工企业较大危险因素辨识与防范指导手册16.doc.doc
,粮食加工企业较大危险因素辨识与防范指导手册16.doc,安全管理体系,.docx,111111\隐患排查依据文本（二）\隐患排查依据文本（二）\较大危害因素\粮食加工企业较大危险因素辨识与防范指导手册16.doc.docx
,纺织行业较大危险因素与防范指导手册,安全管理体系,.pdf,111111\隐患排查依据文本（二）\隐患排查依据文本（二）\较大危害因素\纺织行业较大危险因素与防范指导手册.pdf
,谷物磨制、-饲料加工行业较大危险因素辨识与防范措施,安全管理体系,.pdf,111111\隐患排查依据文本（二）\隐患排查依据文本（二）\较大危害因素\谷物磨制、-饲料加工行业较大危险因素辨识与防范措施.pdf
,重大危险源评估报告,安全管理体系,.doc,法律标准\标准\重大危险源\重大危险源评估报告.doc
,重大危险源评估报告,安全管理体系,.docx,法律标准\标准\重大危险源\重大危险源评估报告.docx
,重大风险判定标准,安全管理体系,.docx,法律标准\法律法规\重大风险判定标准.docx
,鑫彩岗位风险告知卡,安全管理体系,.doc,法律标准\标准\玻璃\鑫彩岗位风险告知卡.doc
,鑫彩岗位风险告知卡,安全管理体系,.docx,法律标准\标准\玻璃\鑫彩岗位风险告知卡.docx
,锂离子动力电池工厂安全风险管控指南,安全管理体系,.pdf,锂电池资料\电池其他\锂离子动力电池工厂安全风险管控指南.pdf
,锂离子电池企业企业安全风险辨识分级管控清单,安全管理体系,.docx,锂电池资料\锂电池检查\电池危害及检查表\锂离子电池企业企业安全风险辨识分级管控清单.docx
,锂离子电池企业企业安全风险辨识分级管控清单 (1),安全管理体系,.docx,锂电池资料\锂电池检查\电池危害及检查表\锂离子电池企业企业安全风险辨识分级管控清单 (1).docx
,隐患排查依据文本（一）,安全管理体系,.zip,111111\隐患排查依据文本（一）.zip
,隐患排查依据文本（二）,安全管理体系,.zip,111111\隐患排查依据文本（二）.zip
,隐患排查标准手册,安全管理体系,.pdf,安全标准\隐患排查标准手册.pdf
,饲料加工企业较大危险因素辨识与防范-指导手册说明,安全管理体系,.pdf,111111\隐患排查依据文本（二）\隐患排查依据文本（二）\较大危害因素\饲料加工企业较大危险因素辨识与防范-指导手册说明.pdf
,饲料加工企业较大危险因素辨识与防范-指导手册说明书,安全管理体系,.pdf,111111\隐患排查依据文本（二）\隐患排查依据文本（二）\较大危害因素\饲料加工企业较大危险因素辨识与防范-指导手册说明书.pdf
,高新区隐患排查问题清单,安全管理体系,.pdf,111111\高新区隐患排查问题清单.pdf
,（重要）锂离子电池工厂安全检查表,安全管理体系,.pdf,111111\隐患排查依据文本（二）\隐患排查依据文本（二）\（重要）锂离子电池工厂安全检查表.pdf
AQ9010,AQ 9010-2019 安全生产责任保险事故预防技术服务规范,应急管理,.pdf,法律标准\标准\AQ 9010-2019 安全生产责任保险事故预防技术服务规范.pdf
AQ9012,AQ 9012—2023 生产安全事故应急救援评估规范,应急管理,.pdf,安全标准\AQ 9012—2023 生产安全事故应急救援评估规范.pdf
AQT-6110,AQT-6110-2012-工业空气呼吸器安全使用维护管理规范,应急管理,.pdf,法律标准\标准\应急管理\AQT-6110-2012-工业空气呼吸器安全使用维护管理规范.pdf
AQT5207,AQT 5207-2011 涂装企业事故应急预案编制要求(送审稿),应急管理,.rar,法律标准\标准\设备设施\涂装作业\AQT 5207-2011 涂装企业事故应急预案编制要求(送审稿).rar
AQT9002,AQT 9002-2006 生产经营单位安全生产事故应急预案编制导则,应急管理,.pdf,法律标准\标准\应急管理\AQT 9002-2006 生产经营单位安全生产事故应急预案编制导则.pdf
AQT9002,AQT9002-2006 生产经营单位安全生产事故应急预案编制导则,应急管理,.pdf,法律标准\标准\应急管理\应急\AQT9002-2006 生产经营单位安全生产事故应急预案编制导则.pdf
AQT9007,AQT 9007-2019 生产安全事故应急演练基本规范,应急管理,.pdf,法律标准\标准\应急管理\应急\AQT 9007-2019 生产安全事故应急演练基本规范.pdf
AQT9007,AQT9007-2011 生产安全事故应急演练指南,应急管理,.docx,法律标准\标准\应急管理\应急\AQT9007-2011 生产安全事故应急演练指南.docx
AQT9009,AQT9009-2015 生产安全事故应急演练评估指南,应急管理,.docx,法律标准\标准\应急管理\应急\AQT9009-2015 生产安全事故应急演练评估指南.docx
AQT9009,生产安全事故应急演练评估规范（AQT9009-2015）,应急管理,.doc,法律标准\标准\应急管理\生产安全事故应急演练评估规范（AQT9009-2015）.doc
AQT9009,生产安全事故应急演练评估规范（AQT9009-2015）,应急管理,.docx,法律标准\标准\应急管理\生产安全事故应急演练评估规范（AQT9009-2015）.docx
AQT9011,AQT 9011-2019 生产经营单位生产安全事故应急预案评估指南,应急管理,.pdf,法律标准\标准\应急管理\应急\AQT 9011-2019 生产经营单位生产安全事故应急预案评估指南.pdf
AQ_T9007,AQ_T 9007-2019 生产安全事故应急演练基本规范 ,应急管理,.pdf,安全标准\AQ_T 9007-2019 生产安全事故应急演练基本规范 .pdf
AQ_T9011,AQ_T 9011-2019 生产经营单位生产安全事故应急预案评估指南,应急管理,.pdf,安全标准\AQ_T 9011-2019 生产经营单位生产安全事故应急预案评估指南.pdf
DB11,DB11T 1479-2017 人员密集场所应急疏散演练导则,应急管理,.xdf,法律标准\标准\演练\DB11T 1479-2017 人员密集场所应急疏散演练导则.xdf
DB11,DB11∕T 1599-2018 政务部门信息安全应急预案编制指南,应急管理,.docx,应急\DB11∕T 1599-2018 政务部门信息安全应急预案编制指南.docx
DB11,DB11╱T 1583-2018 生产安全事故应急演练实施与评估细则,应急管理,.xdf,法律标准\标准\演练\DB11╱T 1583-2018 生产安全事故应急演练实施与评估细则.xdf
DB15,DB15∕T 2007-2020 党政机关办公区突发事件应急预案编制导则,应急管理,.docx,应急\DB15∕T 2007-2020 党政机关办公区突发事件应急预案编制导则.docx
DB23,DB23∕T 2574-2020 应急演练脚本设计规范,应急管理,.xdf,法律标准\标准\演练\DB23∕T 2574-2020 应急演练脚本设计规范.xdf
DB3204,DB3204∕T 1007-2020 突发事件应急预案编制指南,应急管理,.pptx,应急\DB3204∕T 1007-2020 突发事件应急预案编制指南.pptx
DB5301,DB5301∕T 48-2020城镇污水处理厂污泥处理处置规范_,应急管理,.xdf,法律标准\标准\污水\DB5301∕T 48-2020城镇污水处理厂污泥处理处置规范_.xdf
GB-T29639,(GB-T29639-2013)生产经营单位生产安全事故应急预案编制导则,应急管理,.doc,法律标准\标准\应急管理\应急\(GB-T29639-2013)生产经营单位生产安全事故应急预案编制导则.doc
GB-T29639,(GB-T29639-2013)生产经营单位生产安全事故应急预案编制导则,应急管理,.docx,法律标准\标准\应急管理\应急\(GB-T29639-2013)生产经营单位生产安全事故应急预案编制导则.docx
GB12158,GB 12158-2006防止静电事故通用导则,应急管理,.xdf,法律标准\标准\安全管理\GB 12158-2006防止静电事故通用导则.xdf
GB30760,GB 30760-2014 水泥窑协同处置固体废物技术规范,应急管理,.pdf,水泥\GB 30760-2014 水泥窑协同处置固体废物技术规范.pdf
GB30760,GB 30760-2014 水泥窑协同处置固体废物技术规范,应急管理,.pdf,法律标准\标准\水泥\GB 30760-2014 水泥窑协同处置固体废物技术规范.pdf
GB30760,GB 30760-2014 水泥窑协同处置固体废物技术规范,应急管理,.rar,法律标准\标准\水泥\GB 30760-2014 水泥窑协同处置固体废物技术规范.rar
GB30760,GB 30760-2014 水泥窑协同处置固体废物技术规范(1),应急管理,.docx,111111\新建文件夹 (2)(1)\新建文件夹 (2)\GB 30760-2014 水泥窑协同处置固体废物技术规范(1).docx
GB30760,GB 30760-2014水泥窑协同处置固体废物技术规范,应急管理,.xdf,法律标准\标准\水泥\GB 30760-2014水泥窑协同处置固体废物技术规范.xdf
GB50634,GB 50634-2010 水泥窑协同处置工业废物设计规范,应急管理,.docx,111111\新建文件夹 (2)(1)\新建文件夹 (2)\GB 50634-2010 水泥窑协同处置工业废物设计规范.docx
GB50634,GB 50634-2010 水泥窑协同处置工业废物设计规范,应急管理,.pdf,111111\隐患排查依据文本（一）\隐患排查依据文本（一）\法规\GB 50634-2010 水泥窑协同处置工业废物设计规范.pdf
GB50634,GB 50634-2010 水泥窑协同处置工业废物设计规范,应急管理,.pdf,111111\隐患排查依据文本（二）\隐患排查依据文本（二）\GB 50634-2010 水泥窑协同处置工业废物设计规范.pdf
GB50634,GB 50634-2010 水泥窑协同处置工业废物设计规范,应急管理,.pdf,水泥\GB 50634-2010 水泥窑协同处置工业废物设计规范.pdf
GB50634,GB 50634-2010 水泥窑协同处置工业废物设计规范,应急管理,.pdf,法律标准\标准\水泥\GB 50634-2010 水泥窑协同处置工业废物设计规范.pdf
GB50634,GB 50634-2010 水泥窑协同处置工业废物设计规范,应急管理,.rar,法律标准\标准\水泥\GB 50634-2010 水泥窑协同处置工业废物设计规范.rar
GB50757,GB 50757-2012 水泥窑协同处置污泥工程设计规划,应急管理,.xdf,水泥\GB 50757-2012 水泥窑协同处置污泥工程设计规划.xdf
GB50757,GB 50757-2012 水泥窑协同处置污泥工程设计规划,应急管理,.xdf,法律标准\标准\水泥\GB 50757-2012 水泥窑协同处置污泥工程设计规划.xdf
GB50954,GB 50954-2014 水泥窑协同处置垃圾工程设计规范,应急管理,.docx,111111\新建文件夹 (2)(1)\新建文件夹 (2)\GB 50954-2014 水泥窑协同处置垃圾工程设计规范.docx
GB50954,GB 50954-2014 水泥窑协同处置垃圾工程设计规范,应急管理,.pdf,111111\隐患排查依据文本（一）\隐患排查依据文本（一）\法规\GB 50954-2014 水泥窑协同处置垃圾工程设计规范.pdf
GB50954,GB 50954-2014 水泥窑协同处置垃圾工程设计规范,应急管理,.pdf,水泥\GB 50954-2014 水泥窑协同处置垃圾工程设计规范.pdf
GB50954,GB 50954-2014 水泥窑协同处置垃圾工程设计规范,应急管理,.xdf,法律标准\标准\水泥\GB 50954-2014 水泥窑协同处置垃圾工程设计规范.xdf
GB50954,GB 50954-2014_水泥窑协同处置垃圾工程设计规范,应急管理,.xdf,法律标准\标准\水泥\GB 50954-2014_水泥窑协同处置垃圾工程设计规范.xdf
GB55012,GB 55012-2021 生活垃圾处理处置工程项目规范,应急管理,.pdf,垃圾焚烧\GB 55012-2021 生活垃圾处理处置工程项目规范.pdf
GB6441,GB 6441-2025 生产安全事故分类与编码,应急管理,.pdf,安全标准\GB 6441-2025 生产安全事故分类与编码.pdf
GB6441,GB 6441-86 企业职工伤亡事故分类标准,应急管理,.pdf,法律标准\标准\安全管理\GB 6441-86 企业职工伤亡事故分类标准.pdf
GB6721,GB 6721-1986 企业职工伤亡事故经济损失统计标准,应急管理,.doc,法律标准\标准\安全管理\GB 6721-1986 企业职工伤亡事故经济损失统计标准.doc
GB6721,GB 6721-1986 企业职工伤亡事故经济损失统计标准,应急管理,.docx,法律标准\标准\安全管理\GB 6721-1986 企业职工伤亡事故经济损失统计标准.docx
GBT15499,GBT 15499-1995 事故伤害损失工作日标准,应急管理,.pdf,法律标准\标准\安全管理\GBT 15499-1995 事故伤害损失工作日标准.pdf
GBT29639,GBT 29639-2013 生产经营单位生产安全事故应急预案编制导则,应急管理,.pdf,111111\隐患排查依据文本（一）\隐患排查依据文本（一）\法规\GBT 29639-2013 生产经营单位生产安全事故应急预案编制导则.pdf
GBT29639,GBT 29639-2013 生产经营单位生产安全事故应急预案编制导则,应急管理,.pdf,法律标准\标准\应急管理\GBT 29639-2013 生产经营单位生产安全事故应急预案编制导则.pdf
GBT29639,GBT 29639-2020 生产经营单位生产安全事故应急预案编制导则,应急管理,.pdf,安全标准\GBT 29639-2020 生产经营单位生产安全事故应急预案编制导则.pdf
GBT33060,GBT 33060-2016 废电池处理中废液的处理处置方法,应急管理,.pdf,锂电池资料\电池\GBT 33060-2016 废电池处理中废液的处理处置方法.pdf
GBT33060,GBT 33060-2016 废电池处理中废液的处理处置方法,应急管理,.docx,锂电池资料\电池其他\新建文件夹\GBT 33060-2016 废电池处理中废液的处理处置方法.docx
GBT6721,GBT 6721-1986 企业职工伤亡事故经济损失统计标准,应急管理,.pdf,法律标准\标准\安全管理\GBT 6721-1986 企业职工伤亡事故经济损失统计标准.pdf
GB_T46793.1,GB_T 46793.1-2025-突发事件应急预案编制导则 第1部分_通则,应急管理,.pdf,安全标准\GB_T 46793.1-2025-突发事件应急预案编制导则 第1部分_通则.pdf
GB∕T38144.1,GB∕T 38144.1-2019 眼面部防护 应急喷淋和洗眼设备 第1部分：技术要求,应急管理,.pdf,111111\GB∕T 38144.1-2019 眼面部防护 应急喷淋和洗眼设备 第1部分：技术要求.pdf
GB∕T38305,GB∕T 38305-2019 头部防护 救援头盔,应急管理,.pdf,新标准\GB∕T 38305-2019 头部防护 救援头盔.pdf
HJ2042,HJ 2042-2014 危险废物处置工程技术导则,应急管理,.rar,标准\HJ 2042-2014 危险废物处置工程技术导则.rar
HJ2042,HJ 2042-2014 危险废物处置工程技术导则,应急管理,.pdf,标准\HJ 2042-2014 危险废物处置工程技术导则\HJ 2042-2014 危险废物处置工程技术导则.pdf
SL754,SL 754-2017 城市防洪应急预案编制导则,应急管理,.docx,应急\SL 754-2017 城市防洪应急预案编制导则.docx
,1.应急处置流程告知卡汇编（区域）,应急管理,.docx,应急\2021.3.4应急演练、桌面演练、脚本、记录大全（500项）\2021.3.4应急演练、桌面演练、脚本、记录大全（500项）\300项现场应急处置方案、流程卡\1.应急处置流程告知卡汇编（区域）.docx
,10个事故类型安全生产事故应急救援响应演练方案及记录,应急管理,.doc,应急\2021.3.4应急演练、桌面演练、脚本、记录大全（500项）\2021.3.4应急演练、桌面演练、脚本、记录大全（500项）\应急演练方案、脚本、计划、总结大全\10个事故类型安全生产事故应急救援响应演练方案及记录.doc
,10个事故类型安全生产事故应急救援响应演练方案及记录,应急管理,.docx,应急\2021.3.4应急演练、桌面演练、脚本、记录大全（500项）\2021.3.4应急演练、桌面演练、脚本、记录大全（500项）\应急演练方案、脚本、计划、总结大全\10个事故类型安全生产事故应急救援响应演练方案及记录.docx
,18-生产安全事故报告和调查处理条例（国务院493号令）,应急管理,.doc,111111\隐患排查依据文本（一）\隐患排查依据文本（一）\法规\18-生产安全事故报告和调查处理条例（国务院493号令）.doc
,18-生产安全事故报告和调查处理条例（国务院493号令）,应急管理,.docx,111111\隐患排查依据文本（一）\隐患排查依据文本（一）\法规\18-生产安全事故报告和调查处理条例（国务院493号令）.docx
,2009生产安全事故信息报告和处置办法,应急管理,.doc,111111\隐患排查依据文本（一）\隐患排查依据文本（一）\法规\2009生产安全事故信息报告和处置办法.doc
,2009生产安全事故信息报告和处置办法,应急管理,.docx,111111\隐患排查依据文本（一）\隐患排查依据文本（一）\法规\2009生产安全事故信息报告和处置办法.docx
,201706270324041,应急管理,.docx,法律标准\标准\应急管理\应急\201706270324041.docx
,2020年应急预案演练计划表,应急管理,.docx,应急\2021.3.4应急演练、桌面演练、脚本、记录大全（500项）\2021.3.4应急演练、桌面演练、脚本、记录大全（500项）\应急演练方案、脚本、计划、总结大全\2020年应急预案演练计划表.docx
,2021.3.4应急演练、桌面演练、脚本、记录大全（500项）,应急管理,.zip,应急\2021.3.4应急演练、桌面演练、脚本、记录大全（500项）.zip
,2021年应急预案演练计划表,应急管理,.docx,应急\2021.3.4应急演练、桌面演练、脚本、记录大全（500项）\2021.3.4应急演练、桌面演练、脚本、记录大全（500项）\应急演练方案、脚本、计划、总结大全\2021年应急预案演练计划表.docx
,3.应急处置流程告知卡汇编（事故类型）,应急管理,.doc,应急\2021.3.4应急演练、桌面演练、脚本、记录大全（500项）\2021.3.4应急演练、桌面演练、脚本、记录大全（500项）\300项现场应急处置方案、流程卡\3.应急处置流程告知卡汇编（事故类型）.doc
,3.应急处置流程告知卡汇编（事故类型）,应急管理,.docx,应急\2021.3.4应急演练、桌面演练、脚本、记录大全（500项）\2021.3.4应急演练、桌面演练、脚本、记录大全（500项）\300项现场应急处置方案、流程卡\3.应急处置流程告知卡汇编（事故类型）.docx
,300   燃气事故综合应急预案,应急管理,.docx,111111\300   燃气事故综合应急预案.docx
,8个应急预案演练方案范例汇编,应急管理,.docx,应急\2021.3.4应急演练、桌面演练、脚本、记录大全（500项）\2021.3.4应急演练、桌面演练、脚本、记录大全（500项）\应急演练方案、脚本、计划、总结大全\8个应急预案演练方案范例汇编.docx
,GB T 29639-2020_生产经营单位生产安全事故应急预案编制导则,应急管理,.pdf,应急\GB T 29639-2020_生产经营单位生产安全事故应急预案编制导则.pdf
,GB+6441-2025生产安全事故分类与编码,应急管理,.pdf,安全标准\GB+6441-2025生产安全事故分类与编码.pdf
,GB+6442-2025生产安全事故调查技术规范,应急管理,.pdf,安全标准\GB+6442-2025生产安全事故调查技术规范.pdf
,HGT 20570.14-1995 人身防护应急系统的设置,应急管理,.pdf,法律标准\标准\爆破片\HGT 20570\HGT 20570.14-1995 人身防护应急系统的设置.pdf
,HGT 4335.2-2012 酸类物质泄漏的处理处置方法 第2部分硫酸,应急管理,.rar,标准\新建文件夹\HGT 4335.2-2012 酸类物质泄漏的处理处置方法 第2部分硫酸.rar
,HGT 4335.2-2012 酸类物质泄漏的处理处置方法 第2部分硫酸,应急管理,.pdf,标准\新建文件夹\HGT 4335.2-2012 酸类物质泄漏的处理处置方法 第2部分硫酸\HGT 4335.2-2012 酸类物质泄漏的处理处置方法 第2部分硫酸.pdf
,HG_T 5963-2021 废电池冷却液处理处置技术规范,应急管理,.pdf,锂电池资料\电池\HG_T 5963-2021 废电池冷却液处理处置技术规范.pdf
,HG_T 5963-2021 废电池冷却液处理处置技术规范,应急管理,.docx,锂电池资料\电池其他\新建文件夹\HG_T 5963-2021 废电池冷却液处理处置技术规范.docx
,LNG泄露应急演练方案,应急管理,.docx,应急\2021.3.4应急演练、桌面演练、脚本、记录大全（500项）\2021.3.4应急演练、桌面演练、脚本、记录大全（500项）\应急演练方案、脚本、计划、总结大全\LNG泄露应急演练方案.docx
,P020190910349891905766,应急管理,.pdf,法律标准\标准\演练\P020190910349891905766.pdf
,QSY1425-2011  安全生产应急管理体系审核指南,应急管理,.pdf,法律标准\标准\中油标准\QSY1425-2011  安全生产应急管理体系审核指南.pdf
,XX公司安全生产月防洪应急演练方案,应急管理,.doc,应急\2021.3.4应急演练、桌面演练、脚本、记录大全（500项）\2021.3.4应急演练、桌面演练、脚本、记录大全（500项）\应急演练方案、脚本、计划、总结大全\XX公司安全生产月防洪应急演练方案.doc
,XX公司安全生产月防洪应急演练方案,应急管理,.docx,应急\2021.3.4应急演练、桌面演练、脚本、记录大全（500项）\2021.3.4应急演练、桌面演练、脚本、记录大全（500项）\应急演练方案、脚本、计划、总结大全\XX公司安全生产月防洪应急演练方案.docx
,XX公司粗苯泄漏着火事故演练方案(定),应急管理,.doc,应急\2021.3.4应急演练、桌面演练、脚本、记录大全（500项）\2021.3.4应急演练、桌面演练、脚本、记录大全（500项）\应急演练方案、脚本、计划、总结大全\XX公司粗苯泄漏着火事故演练方案(定).doc
,XX公司粗苯泄漏着火事故演练方案(定),应急管理,.docx,应急\2021.3.4应急演练、桌面演练、脚本、记录大全（500项）\2021.3.4应急演练、桌面演练、脚本、记录大全（500项）\应急演练方案、脚本、计划、总结大全\XX公司粗苯泄漏着火事故演练方案(定).docx
,YJ_T 32-2025 生产经营单位生产安全事故应急处置卡编制指南,应急管理,.pdf,安全标准\YJ_T 32-2025 生产经营单位生产安全事故应急处置卡编制指南.pdf
,lng气化站的安全技术措施与事故应急预案_secret,应急管理,.docx,LNG\lng气化站的安全技术措施与事故应急预案_secret.docx
,lng气化站的安全技术措施与事故应急预案_secret,应急管理,.pdf,LNG\lng气化站的安全技术措施与事故应急预案_secret.pdf
,三防演练方案,应急管理,.docx,应急\2021.3.4应急演练、桌面演练、脚本、记录大全（500项）\2021.3.4应急演练、桌面演练、脚本、记录大全（500项）\应急演练方案、脚本、计划、总结大全\三防演练方案.docx
,专家解读丨生产经营单位的生产安全事故应急工作责任,应急管理,.docx,法律标准\标准\应急管理\应急\专家解读丨生产经营单位的生产安全事故应急工作责任.docx
,中华人民共和国应急管理部令（第2号）应急管理部关于修改《生产安全事故应急预案管理办法》的决定,应急管理,.docx,111111\隐患排查依据文本（一）\隐患排查依据文本（一）\法规\中华人民共和国应急管理部令（第2号）应急管理部关于修改《生产安全事故应急预案管理办法》的决定.docx
,中国石油天然气集团公司事故与环境事件责任人员行政处分规定-中油监〔2012〕167号,应急管理,.doc,法律标准\法律法规\集团规章\中国石油天然气集团公司事故与环境事件责任人员行政处分规定-中油监〔2012〕167号.doc
,中国石油天然气集团公司事故与环境事件责任人员行政处分规定-中油监〔2012〕167号,应急管理,.docx,法律标准\法律法规\集团规章\中国石油天然气集团公司事故与环境事件责任人员行政处分规定-中油监〔2012〕167号.docx
,中国石油天然气集团公司事故隐患管理办法,应急管理,.doc,法律标准\法律法规\集团规章\中国石油天然气集团公司事故隐患管理办法.doc
,中国石油天然气集团公司事故隐患管理办法,应急管理,.docx,法律标准\法律法规\集团规章\中国石油天然气集团公司事故隐患管理办法.docx
,中国石油天然气集团公司安全事故行政责任追究暂行规定,应急管理,.pdf,法律标准\法律法规\集团规章\中国石油天然气集团公司安全事故行政责任追究暂行规定.pdf
,中国石油天然气集团公司安全环保事故隐患管理办法-中油安[2015]297号,应急管理,.doc,法律标准\法律法规\集团规章\中国石油天然气集团公司安全环保事故隐患管理办法-中油安[2015]297号.doc
,中国石油天然气集团公司安全环保事故隐患管理办法-中油安[2015]297号,应急管理,.docx,法律标准\法律法规\集团规章\中国石油天然气集团公司安全环保事故隐患管理办法-中油安[2015]297号.docx
,中国石油天然气集团公司安全生产保证基金自然灾害及事故损失赔偿细则-质安字〔1999〕第69号,应急管理,.doc,法律标准\法律法规\集团规章\中国石油天然气集团公司安全生产保证基金自然灾害及事故损失赔偿细则-质安字〔1999〕第69号.doc
,中国石油天然气集团公司安全生产保证基金自然灾害及事故损失赔偿细则-质安字〔1999〕第69号,应急管理,.docx,法律标准\法律法规\集团规章\中国石油天然气集团公司安全生产保证基金自然灾害及事故损失赔偿细则-质安字〔1999〕第69号.docx
,中国石油天然气集团公司安全生产应急管理办法-中油安[2015]175号,应急管理,.doc,法律标准\法律法规\集团规章\中国石油天然气集团公司安全生产应急管理办法-中油安[2015]175号.doc
,中国石油天然气集团公司安全生产应急管理办法-中油安[2015]175号,应急管理,.docx,法律标准\法律法规\集团规章\中国石油天然气集团公司安全生产应急管理办法-中油安[2015]175号.docx
,中国石油天然气集团公司应对突发重大事件（事故）管理办法-中油质安字〔2004〕672号,应急管理,.doc,法律标准\法律法规\集团规章\中国石油天然气集团公司应对突发重大事件（事故）管理办法-中油质安字〔2004〕672号.doc
,中国石油天然气集团公司应对突发重大事件（事故）管理办法-中油质安字〔2004〕672号,应急管理,.docx,法律标准\法律法规\集团规章\中国石油天然气集团公司应对突发重大事件（事故）管理办法-中油质安字〔2004〕672号.docx
,中国石油天然气集团公司应急预案编制通则-中油安〔2009〕318号,应急管理,.doc,法律标准\法律法规\集团规章\中国石油天然气集团公司应急预案编制通则-中油安〔2009〕318号.doc
,中国石油天然气集团公司应急预案编制通则-中油安〔2009〕318号,应急管理,.docx,法律标准\法律法规\集团规章\中国石油天然气集团公司应急预案编制通则-中油安〔2009〕318号.docx
,中国石油天然气集团公司生产安全事故事件百万工时统计管理办法-安全[2013]387号,应急管理,.doc,法律标准\法律法规\集团规章\中国石油天然气集团公司生产安全事故事件百万工时统计管理办法-安全[2013]387号.doc
,中国石油天然气集团公司生产安全事故事件百万工时统计管理办法-安全[2013]387号,应急管理,.docx,法律标准\法律法规\集团规章\中国石油天然气集团公司生产安全事故事件百万工时统计管理办法-安全[2013]387号.docx
,中国石油天然气集团公司生产安全事故瞒报谎报行为举报查处办法-安委办[2014]8号,应急管理,.doc,法律标准\法律法规\集团规章\中国石油天然气集团公司生产安全事故瞒报谎报行为举报查处办法-安委办[2014]8号.doc
,中国石油天然气集团公司生产安全事故瞒报谎报行为举报查处办法-安委办[2014]8号,应急管理,.docx,法律标准\法律法规\集团规章\中国石油天然气集团公司生产安全事故瞒报谎报行为举报查处办法-安委办[2014]8号.docx
,中国石油天然气集团公司生产安全事故管理办法,应急管理,.doc,法律标准\法律法规\集团规章\中国石油天然气集团公司生产安全事故管理办法.doc
,中国石油天然气集团公司生产安全事故管理办法,应急管理,.docx,法律标准\法律法规\集团规章\中国石油天然气集团公司生产安全事故管理办法.docx
,中国石油天然气集团公司生产安全事故管理办法-中油安字〔2007〕571号,应急管理,.doc,法律标准\法律法规\集团规章\中国石油天然气集团公司生产安全事故管理办法-中油安字〔2007〕571号.doc
,中国石油天然气集团公司生产安全事故管理办法-中油安字〔2007〕571号,应急管理,.docx,法律标准\法律法规\集团规章\中国石油天然气集团公司生产安全事故管理办法-中油安字〔2007〕571号.docx
,中国石油天然气集团公司生产安全事故调查规则,应急管理,.doc,法律标准\法律法规\集团规章\中国石油天然气集团公司生产安全事故调查规则.doc
,中国石油天然气集团公司生产安全事故调查规则,应急管理,.docx,法律标准\法律法规\集团规章\中国石油天然气集团公司生产安全事故调查规则.docx
,中国石油天然气集团公司生产安全事故隐患报告特别奖励办法-中油安字〔2007〕571号,应急管理,.doc,法律标准\法律法规\集团规章\中国石油天然气集团公司生产安全事故隐患报告特别奖励办法-中油安字〔2007〕571号.doc
,中国石油天然气集团公司生产安全事故隐患报告特别奖励办法-中油安字〔2007〕571号,应急管理,.docx,法律标准\法律法规\集团规章\中国石油天然气集团公司生产安全事故隐患报告特别奖励办法-中油安字〔2007〕571号.docx
,中国石油天然气集团公司突发事件应急物资储备管理办法-安全〔2010〕659号,应急管理,.doc,法律标准\法律法规\集团规章\中国石油天然气集团公司突发事件应急物资储备管理办法-安全〔2010〕659号.doc
,中国石油天然气集团公司突发事件应急物资储备管理办法-安全〔2010〕659号,应急管理,.docx,法律标准\法律法规\集团规章\中国石油天然气集团公司突发事件应急物资储备管理办法-安全〔2010〕659号.docx
,中暑应急预案演练方案,应急管理,.doc,应急\2021.3.4应急演练、桌面演练、脚本、记录大全（500项）\2021.3.4应急演练、桌面演练、脚本、记录大全（500项）\应急演练方案、脚本、计划、总结大全\中暑应急预案演练方案.doc
,中暑应急预案演练方案,应急管理,.docx,应急\2021.3.4应急演练、桌面演练、脚本、记录大全（500项）\2021.3.4应急演练、桌面演练、脚本、记录大全（500项）\应急演练方案、脚本、计划、总结大全\中暑应急预案演练方案.docx
,中暑急救演练,应急管理,.doc,应急\2021.3.4应急演练、桌面演练、脚本、记录大全（500项）\2021.3.4应急演练、桌面演练、脚本、记录大全（500项）\应急演练方案、脚本、计划、总结大全\中暑急救演练.doc
,中暑急救演练,应急管理,.docx,应急\2021.3.4应急演练、桌面演练、脚本、记录大全（500项）\2021.3.4应急演练、桌面演练、脚本、记录大全（500项）\应急演练方案、脚本、计划、总结大全\中暑急救演练.docx
,事故演练报告,应急管理,.doc,应急\2021.3.4应急演练、桌面演练、脚本、记录大全（500项）\2021.3.4应急演练、桌面演练、脚本、记录大全（500项）\应急演练方案、脚本、计划、总结大全\事故演练报告.doc
,事故演练报告,应急管理,.docx,应急\2021.3.4应急演练、桌面演练、脚本、记录大全（500项）\2021.3.4应急演练、桌面演练、脚本、记录大全（500项）\应急演练方案、脚本、计划、总结大全\事故演练报告.docx
,事故演练方案、记录表,应急管理,.doc,应急\2021.3.4应急演练、桌面演练、脚本、记录大全（500项）\2021.3.4应急演练、桌面演练、脚本、记录大全（500项）\应急演练方案、脚本、计划、总结大全\事故演练方案、记录表.doc
,事故演练方案、记录表,应急管理,.docx,应急\2021.3.4应急演练、桌面演练、脚本、记录大全（500项）\2021.3.4应急演练、桌面演练、脚本、记录大全（500项）\应急演练方案、脚本、计划、总结大全\事故演练方案、记录表.docx
,事故责任的正确表述方法,应急管理,.doc,法律标准\法律法规\河北省\事故责任的正确表述方法.doc
,事故责任的正确表述方法,应急管理,.docx,法律标准\法律法规\河北省\事故责任的正确表述方法.docx
,交通安全应急演练方案,应急管理,.docx,应急\2021.3.4应急演练、桌面演练、脚本、记录大全（500项）\2021.3.4应急演练、桌面演练、脚本、记录大全（500项）\应急演练方案、脚本、计划、总结大全\交通安全应急演练方案.docx
,交通运输企业应急预案演练脚本,应急管理,.pdf,应急\2021.3.4应急演练、桌面演练、脚本、记录大全（500项）\2021.3.4应急演练、桌面演练、脚本、记录大全（500项）\应急演练方案、脚本、计划、总结大全\交通运输企业应急预案演练脚本.pdf
,人员伤害应急预案演练记录,应急管理,.doc,应急\2021.3.4应急演练、桌面演练、脚本、记录大全（500项）\2021.3.4应急演练、桌面演练、脚本、记录大全（500项）\应急演练方案、脚本、计划、总结大全\人员伤害应急预案演练记录.doc
,人员伤害应急预案演练记录,应急管理,.docx,应急\2021.3.4应急演练、桌面演练、脚本、记录大全（500项）\2021.3.4应急演练、桌面演练、脚本、记录大全（500项）\应急演练方案、脚本、计划、总结大全\人员伤害应急预案演练记录.docx
,人员落水应急演练方案,应急管理,.doc,应急\2021.3.4应急演练、桌面演练、脚本、记录大全（500项）\2021.3.4应急演练、桌面演练、脚本、记录大全（500项）\应急演练方案、脚本、计划、总结大全\人员落水应急演练方案.doc
,人员落水应急演练方案,应急管理,.docx,应急\2021.3.4应急演练、桌面演练、脚本、记录大全（500项）\2021.3.4应急演练、桌面演练、脚本、记录大全（500项）\应急演练方案、脚本、计划、总结大全\人员落水应急演练方案.docx
,企业事业单位突发环境事件应急预案评审工作指南,应急管理,.doc,法律标准\法律法规\环境保护法律法规\企业事业单位突发环境事件应急预案评审工作指南.doc
,企业事业单位突发环境事件应急预案评审工作指南,应急管理,.docx,法律标准\法律法规\环境保护法律法规\企业事业单位突发环境事件应急预案评审工作指南.docx
,企业安全生产应急管理九条规定-安监总局令[2015]74号,应急管理,.docx,法律标准\法律法规\企业安全生产应急管理九条规定-安监总局令[2015]74号.docx
,关于修改生产安全事故应急预案管理办法的决定应急管理部第2号令,应急管理,.docx,法律标准\标准\应急管理\应急\关于修改生产安全事故应急预案管理办法的决定应急管理部第2号令.docx
,关于劳动能力鉴定有关问题的通知,应急管理,.doc,法律标准\法律法规\工伤事故\关于劳动能力鉴定有关问题的通知.doc
,关于劳动能力鉴定有关问题的通知,应急管理,.docx,法律标准\法律法规\工伤事故\关于劳动能力鉴定有关问题的通知.docx
,关于印发《河北省重大危险源分级评定办法》的通知（冀安监管应急〔2013〕93号）,应急管理,.doc,法律标准\标准\危险源\关于印发《河北省重大危险源分级评定办法》的通知（冀安监管应急〔2013〕93号）.doc
,关于印发《河北省重大危险源分级评定办法》的通知（冀安监管应急〔2013〕93号）,应急管理,.docx,法律标准\标准\危险源\关于印发《河北省重大危险源分级评定办法》的通知（冀安监管应急〔2013〕93号）.docx
,关于印发《渤海石油装备制造有限公司生产安全事故与环境事件责任人员行政处分实施细则》的通知(1),应急管理,.doc,法律标准\标准\参考资料\关于印发《渤海石油装备制造有限公司生产安全事故与环境事件责任人员行政处分实施细则》的通知(1).doc
,关于印发《渤海石油装备制造有限公司生产安全事故与环境事件责任人员行政处分实施细则》的通知(1),应急管理,.docx,法律标准\标准\参考资料\关于印发《渤海石油装备制造有限公司生产安全事故与环境事件责任人员行政处分实施细则》的通知(1).docx
,关于印发生产安全事故和环境事件升级调查和升级处理补充规定的通知-安委[2014]4号,应急管理,.docx,法律标准\法律法规\集团规章\关于印发生产安全事故和环境事件升级调查和升级处理补充规定的通知-安委[2014]4号.docx
,关于征求《承德市重污染天气应急预案》（征求意见稿）意见的通知,应急管理,.pdf,新文件包\关于征求《承德市重污染天气应急预案》（征求意见稿）意见的通知.pdf
,关于报送应急管理专家入库资料的通知,应急管理,.doc,法律标准\法律法规\关于报送应急管理专家入库资料的通知.doc
,关于报送应急管理专家入库资料的通知,应急管理,.docx,法律标准\法律法规\关于报送应急管理专家入库资料的通知.docx
,关于进一步加强应急预案管理工作的通知,应急管理,.docx,新文件包\关于进一步加强应急预案管理工作的通知.docx
,冀应急人〔2019〕50号,应急管理,.doc,新文件包\冀应急人〔2019〕50号.doc
,冀应急人〔2019〕50号,应急管理,.docx,新文件包\冀应急人〔2019〕50号.docx
,危废突发环境事故应急演练方案,应急管理,.doc,应急\2021.3.4应急演练、桌面演练、脚本、记录大全（500项）\2021.3.4应急演练、桌面演练、脚本、记录大全（500项）\应急演练方案、脚本、计划、总结大全\危废突发环境事故应急演练方案.doc
,危废突发环境事故应急演练方案,应急管理,.docx,应急\2021.3.4应急演练、桌面演练、脚本、记录大全（500项）\2021.3.4应急演练、桌面演练、脚本、记录大全（500项）\应急演练方案、脚本、计划、总结大全\危废突发环境事故应急演练方案.docx
,危险品运输事故应急预案演练脚本,应急管理,.docx,应急\2021.3.4应急演练、桌面演练、脚本、记录大全（500项）\2021.3.4应急演练、桌面演练、脚本、记录大全（500项）\应急演练方案、脚本、计划、总结大全\危险品运输事故应急预案演练脚本.docx
,厂内机动车辆事故应急演练方案,应急管理,.docx,应急\2021.3.4应急演练、桌面演练、脚本、记录大全（500项）\2021.3.4应急演练、桌面演练、脚本、记录大全（500项）\应急演练方案、脚本、计划、总结大全\厂内机动车辆事故应急演练方案.docx
,厂内机动车辆事故应急演练方案,应急管理,.docx,应急\2021.3.4应急演练、桌面演练、脚本、记录大全（500项）\2021.3.4应急演练、桌面演练、脚本、记录大全（500项）\应急演练方案、脚本、计划、总结大全\应急演练方案、脚本大全\厂内机动车辆事故应急演练方案.docx
,叉车事故应急演练方案,应急管理,.pdf,应急\2021.3.4应急演练、桌面演练、脚本、记录大全（500项）\2021.3.4应急演练、桌面演练、脚本、记录大全（500项）\应急演练方案、脚本、计划、总结大全\叉车事故应急演练方案.pdf
,叉车事故应急预案演练方案,应急管理,.docx,应急\2021.3.4应急演练、桌面演练、脚本、记录大全（500项）\2021.3.4应急演练、桌面演练、脚本、记录大全（500项）\应急演练方案、脚本、计划、总结大全\叉车事故应急预案演练方案.docx
,反恐应急演练方案脚本,应急管理,.doc,应急\2021.3.4应急演练、桌面演练、脚本、记录大全（500项）\2021.3.4应急演练、桌面演练、脚本、记录大全（500项）\应急演练方案、脚本、计划、总结大全\反恐应急演练方案脚本.doc
,反恐应急演练方案脚本,应急管理,.docx,应急\2021.3.4应急演练、桌面演练、脚本、记录大全（500项）\2021.3.4应急演练、桌面演练、脚本、记录大全（500项）\应急演练方案、脚本、计划、总结大全\反恐应急演练方案脚本.docx
,国务院关于特大安全事故行政责任追究的规定2001,应急管理,.doc,法律标准\法律法规\工伤事故\国务院关于特大安全事故行政责任追究的规定2001.doc
,国务院关于特大安全事故行政责任追究的规定2001,应急管理,.docx,法律标准\法律法规\工伤事故\国务院关于特大安全事故行政责任追究的规定2001.docx
,国务院办公厅关于印发突发事件应急预案管理办法的通知,应急管理,.doc,应急\国务院办公厅关于印发突发事件应急预案管理办法的通知.doc
,国务院办公厅关于印发突发事件应急预案管理办法的通知,应急管理,.docx,应急\国务院办公厅关于印发突发事件应急预案管理办法的通知.docx
,国家电网有限公司十八项电网重大反事故措施(修订版)-2018版(word文档良心出品),应急管理,.doc,新标准\电力线路\国家电网有限公司十八项电网重大反事故措施(修订版)-2018版(word文档良心出品).doc
,国家电网有限公司十八项电网重大反事故措施(修订版)-2018版(word文档良心出品),应急管理,.docx,新标准\电力线路\国家电网有限公司十八项电网重大反事故措施(修订版)-2018版(word文档良心出品).docx
,国家突发公共事件总体应急预案,应急管理,.doc,法律标准\法律法规\国家突发公共事件总体应急预案.doc
,国家突发公共事件总体应急预案,应急管理,.docx,法律标准\法律法规\国家突发公共事件总体应急预案.docx
,国网枣庄供电公司突发事件总体应急预案,应急管理,.docx,电力\国网枣庄供电公司突发事件总体应急预案.docx
,地质灾害应急演练方案,应急管理,.doc,应急\2021.3.4应急演练、桌面演练、脚本、记录大全（500项）\2021.3.4应急演练、桌面演练、脚本、记录大全（500项）\应急演练方案、脚本、计划、总结大全\地质灾害应急演练方案.doc
,地质灾害应急演练方案,应急管理,.docx,应急\2021.3.4应急演练、桌面演练、脚本、记录大全（500项）\2021.3.4应急演练、桌面演练、脚本、记录大全（500项）\应急演练方案、脚本、计划、总结大全\地质灾害应急演练方案.docx
,城镇污水处理厂污泥处置 水泥熟料生产用泥质,应急管理,.xdf,法律标准\标准\污水\城镇污水处理厂污泥处置 水泥熟料生产用泥质.xdf
,城镇燃气重大事故隐患判定标准（征求意见稿）,应急管理,.doc,新建文件夹\城镇燃气重大事故隐患判定标准（征求意见稿）.doc
,城镇燃气重大事故隐患判定标准（征求意见稿）,应急管理,.docx,新建文件夹\城镇燃气重大事故隐患判定标准（征求意见稿）.docx
,天然气泄漏演练总结,应急管理,.docx,应急\2021.3.4应急演练、桌面演练、脚本、记录大全（500项）\2021.3.4应急演练、桌面演练、脚本、记录大全（500项）\应急演练方案、脚本、计划、总结大全\天然气泄漏演练总结.docx
,安全生产事故隐患排查治理暂行规定-安监总局令[2007]16号,应急管理,.docx,法律标准\法律法规\隐患\安全生产事故隐患排查治理暂行规定-安监总局令[2007]16号.docx
,工伤保险条例-国务院令[2010]586号,应急管理,.doc,法律标准\法律法规\工伤事故\工伤保险条例-国务院令[2010]586号.doc
,工伤保险条例-国务院令[2010]586号,应急管理,.docx,法律标准\法律法规\工伤事故\工伤保险条例-国务院令[2010]586号.docx
,市安全监管局关于印发天津市生产安全事故应急预案管理办法实施细则,应急管理,.docx,法律标准\法律法规\培训\天津所用法规\天津政策\市安全监管局关于印发天津市生产安全事故应急预案管理办法实施细则.docx
,市安委会关于开展安全事故隐患大排查大整治专项行动的通知,应急管理,.docx,法律标准\法律法规\培训\天津所用法规\天津政策\市安委会关于开展安全事故隐患大排查大整治专项行动的通知.docx
,市安委会办公室关于吸取事故教训开展环保治理设施专项安全检查的通知,应急管理,.docx,法律标准\法律法规\天津法规\市安委会办公室关于吸取事故教训开展环保治理设施专项安全检查的通知.docx
,常州市应急 安全可视化指导手册,应急管理,.pdf,111111\常州市应急 安全可视化指导手册.pdf
,年度应急预案演练计划,应急管理,.doc,应急\2021.3.4应急演练、桌面演练、脚本、记录大全（500项）\2021.3.4应急演练、桌面演练、脚本、记录大全（500项）\应急演练方案、脚本、计划、总结大全\年度应急预案演练计划.doc
,年度应急预案演练计划,应急管理,.docx,应急\2021.3.4应急演练、桌面演练、脚本、记录大全（500项）\2021.3.4应急演练、桌面演练、脚本、记录大全（500项）\应急演练方案、脚本、计划、总结大全\年度应急预案演练计划.docx
,应急厅〔2023〕4号,应急管理,.pdf,111111\应急厅〔2023〕4号.pdf
,应急演练年度计划表,应急管理,.xls,应急\2021.3.4应急演练、桌面演练、脚本、记录大全（500项）\2021.3.4应急演练、桌面演练、脚本、记录大全（500项）\应急演练方案、脚本、计划、总结大全\应急演练年度计划表.xls
,应急演练方案,应急管理,.doc,应急\2021.3.4应急演练、桌面演练、脚本、记录大全（500项）\2021.3.4应急演练、桌面演练、脚本、记录大全（500项）\应急演练方案、脚本、计划、总结大全\应急演练方案.doc
,应急演练方案,应急管理,.docx,应急\2021.3.4应急演练、桌面演练、脚本、记录大全（500项）\2021.3.4应急演练、桌面演练、脚本、记录大全（500项）\应急演练方案、脚本、计划、总结大全\应急演练方案.docx
,应急演练方案、记录,应急管理,.doc,应急\2021.3.4应急演练、桌面演练、脚本、记录大全（500项）\2021.3.4应急演练、桌面演练、脚本、记录大全（500项）\应急演练方案、脚本、计划、总结大全\应急演练方案、记录.doc
,应急演练方案、记录,应急管理,.docx,应急\2021.3.4应急演练、桌面演练、脚本、记录大全（500项）\2021.3.4应急演练、桌面演练、脚本、记录大全（500项）\应急演练方案、脚本、计划、总结大全\应急演练方案、记录.docx
,应急演练方案脚本大全（33项）,应急管理,.docx,应急\2021.3.4应急演练、桌面演练、脚本、记录大全（500项）\2021.3.4应急演练、桌面演练、脚本、记录大全（500项）\应急演练方案、脚本、计划、总结大全\应急演练方案脚本大全（33项）.docx
,应急演练计划,应急管理,.doc,应急\2021.3.4应急演练、桌面演练、脚本、记录大全（500项）\2021.3.4应急演练、桌面演练、脚本、记录大全（500项）\应急演练方案、脚本、计划、总结大全\应急演练计划.doc
,应急演练计划,应急管理,.docx,应急\2021.3.4应急演练、桌面演练、脚本、记录大全（500项）\2021.3.4应急演练、桌面演练、脚本、记录大全（500项）\应急演练方案、脚本、计划、总结大全\应急演练计划.docx
,应急演练记录表(含内容),应急管理,.docx,应急\2021.3.4应急演练、桌面演练、脚本、记录大全（500项）\2021.3.4应急演练、桌面演练、脚本、记录大全（500项）\应急演练方案、脚本、计划、总结大全\应急演练记录表(含内容).docx
,应急演练评估报告,应急管理,.doc,应急\2021.3.4应急演练、桌面演练、脚本、记录大全（500项）\2021.3.4应急演练、桌面演练、脚本、记录大全（500项）\应急演练方案、脚本、计划、总结大全\应急演练评估报告.doc
,应急演练评估报告,应急管理,.docx,应急\2021.3.4应急演练、桌面演练、脚本、记录大全（500项）\2021.3.4应急演练、桌面演练、脚本、记录大全（500项）\应急演练方案、脚本、计划、总结大全\应急演练评估报告.docx
,应急演练评估效果表,应急管理,.doc,应急\2021.3.4应急演练、桌面演练、脚本、记录大全（500项）\2021.3.4应急演练、桌面演练、脚本、记录大全（500项）\应急演练方案、脚本、计划、总结大全\应急演练评估效果表.doc
,应急演练评估效果表,应急管理,.docx,应急\2021.3.4应急演练、桌面演练、脚本、记录大全（500项）\2021.3.4应急演练、桌面演练、脚本、记录大全（500项）\应急演练方案、脚本、计划、总结大全\应急演练评估效果表.docx
,应急管理培训班讲课课件,应急管理,.ppt,课件\应急管理培训班讲课课件.ppt
,应急管理知识-PPT课件,应急管理,.ppt,课件\应急管理知识-PPT课件.ppt
,应急管理知识培训ppt课件完整版,应急管理,.pptx,课件\应急管理知识培训ppt课件完整版.pptx
,应急管理知识培训课件,应急管理,.pptx,课件\应急管理知识培训课件.pptx
,应急管理部关于印发《企业安全生产标准化建设定级办法》的通知,应急管理,.doc,新文件包\安全标准化定级办法2021.11\应急管理部关于印发《企业安全生产标准化建设定级办法》的通知.doc
,应急管理部关于印发《企业安全生产标准化建设定级办法》的通知,应急管理,.docx,新文件包\安全标准化定级办法2021.11\应急管理部关于印发《企业安全生产标准化建设定级办法》的通知.docx
,应急管理部关于废止安全生产行业标准管理规定等四部规章的决定中华人民共和国应急管理部令第3号,应急管理,.docx,法律标准\标准\应急管理\应急\应急管理部关于废止安全生产行业标准管理规定等四部规章的决定中华人民共和国应急管理部令第3号.docx
,应急管理部办公厅关于印发,应急管理,.docx,法律标准\标准\应急管理部办公厅关于印发.docx
,应急舆情管理,应急管理,.pptx,课件\应急舆情管理.pptx
,应急预案及演练记录,应急管理,.doc,应急\2021.3.4应急演练、桌面演练、脚本、记录大全（500项）\2021.3.4应急演练、桌面演练、脚本、记录大全（500项）\应急演练方案、脚本、计划、总结大全\应急预案及演练记录.doc
,应急预案及演练记录,应急管理,.docx,应急\2021.3.4应急演练、桌面演练、脚本、记录大全（500项）\2021.3.4应急演练、桌面演练、脚本、记录大全（500项）\应急演练方案、脚本、计划、总结大全\应急预案及演练记录.docx
,应急预案演练、评估及评审记录（参考）,应急管理,.docx,应急\2021.3.4应急演练、桌面演练、脚本、记录大全（500项）\2021.3.4应急演练、桌面演练、脚本、记录大全（500项）\应急演练方案、脚本、计划、总结大全\应急预案演练、评估及评审记录（参考）.docx
,应急预案演练总结报告,应急管理,.docx,应急\2021.3.4应急演练、桌面演练、脚本、记录大全（500项）\2021.3.4应急演练、桌面演练、脚本、记录大全（500项）\应急演练方案、脚本、计划、总结大全\应急预案演练总结报告.docx
,应急预案演练方案,应急管理,.docx,应急\2021.3.4应急演练、桌面演练、脚本、记录大全（500项）\2021.3.4应急演练、桌面演练、脚本、记录大全（500项）\应急演练方案、脚本、计划、总结大全\应急预案演练方案.docx
,应急预案演练方案10篇最新版,应急管理,.doc,应急\2021.3.4应急演练、桌面演练、脚本、记录大全（500项）\2021.3.4应急演练、桌面演练、脚本、记录大全（500项）\应急演练方案、脚本、计划、总结大全\应急预案演练方案10篇最新版.doc
,应急预案演练方案10篇最新版,应急管理,.docx,应急\2021.3.4应急演练、桌面演练、脚本、记录大全（500项）\2021.3.4应急演练、桌面演练、脚本、记录大全（500项）\应急演练方案、脚本、计划、总结大全\应急预案演练方案10篇最新版.docx
,应急预案演练记录,应急管理,.doc,应急\2021.3.4应急演练、桌面演练、脚本、记录大全（500项）\2021.3.4应急演练、桌面演练、脚本、记录大全（500项）\应急演练方案、脚本、计划、总结大全\应急预案演练记录.doc
,应急预案演练记录,应急管理,.docx,应急\2021.3.4应急演练、桌面演练、脚本、记录大全（500项）\2021.3.4应急演练、桌面演练、脚本、记录大全（500项）\应急演练方案、脚本、计划、总结大全\应急预案演练记录.docx
,应急预案演练记录,应急管理,.doc,应急\2021.3.4应急演练、桌面演练、脚本、记录大全（500项）\2021.3.4应急演练、桌面演练、脚本、记录大全（500项）\应急演练方案、脚本、计划、总结大全\应急演练方案、脚本大全\应急预案演练记录.doc
,应急预案演练记录,应急管理,.docx,应急\2021.3.4应急演练、桌面演练、脚本、记录大全（500项）\2021.3.4应急演练、桌面演练、脚本、记录大全（500项）\应急演练方案、脚本、计划、总结大全\应急演练方案、脚本大全\应急预案演练记录.docx
,应急预案演练记录表,应急管理,.doc,应急\2021.3.4应急演练、桌面演练、脚本、记录大全（500项）\2021.3.4应急演练、桌面演练、脚本、记录大全（500项）\应急演练方案、脚本、计划、总结大全\应急预案演练记录表.doc
,应急预案演练记录表,应急管理,.docx,应急\2021.3.4应急演练、桌面演练、脚本、记录大全（500项）\2021.3.4应急演练、桌面演练、脚本、记录大全（500项）\应急演练方案、脚本、计划、总结大全\应急预案演练记录表.docx
,应急预案演练评价记录,应急管理,.doc,应急\2021.3.4应急演练、桌面演练、脚本、记录大全（500项）\2021.3.4应急演练、桌面演练、脚本、记录大全（500项）\应急演练方案、脚本、计划、总结大全\应急预案演练评价记录.doc
,应急预案演练评价记录,应急管理,.docx,应急\2021.3.4应急演练、桌面演练、脚本、记录大全（500项）\2021.3.4应急演练、桌面演练、脚本、记录大全（500项）\应急演练方案、脚本、计划、总结大全\应急预案演练评价记录.docx
,应急预案演练评估报告,应急管理,.doc,应急\2021.3.4应急演练、桌面演练、脚本、记录大全（500项）\2021.3.4应急演练、桌面演练、脚本、记录大全（500项）\应急演练方案、脚本、计划、总结大全\应急预案演练评估报告.doc
,应急预案演练评估报告,应急管理,.docx,应急\2021.3.4应急演练、桌面演练、脚本、记录大全（500项）\2021.3.4应急演练、桌面演练、脚本、记录大全（500项）\应急演练方案、脚本、计划、总结大全\应急预案演练评估报告.docx
,应急预案编制,应急管理,.pptx,课件\应急预案编制.pptx
,承德市应急管理局《关于印发承德市水泥行业安全生产专项整治方案》通知,应急管理,.pdf,新文件包\承德市应急管理局《关于印发承德市水泥行业安全生产专项整治方案》通知.pdf
,承德市重污染天气应急预案（2019版）（征求意见稿）,应急管理,.doc,新文件包\承德市重污染天气应急预案（2019版）（征求意见稿）.doc
,承德市重污染天气应急预案（2019版）（征求意见稿）,应急管理,.docx,新文件包\承德市重污染天气应急预案（2019版）（征求意见稿）.docx
,承德市重污染天气应急预案（终稿）,应急管理,.docx,新文件包\承德市重污染天气应急预案（终稿）.docx
,政府应急预案编制,应急管理,.ppt,课件\政府应急预案编制.ppt
,最新版：生产经营单位生产安全事故应急预案编制导则GB T 29639-2020_,应急管理,.docx,新文件包\最新版：生产经营单位生产安全事故应急预案编制导则GB T 29639-2020_.docx
,机动车交通事故责任强制保险条例2013,应急管理,.doc,法律标准\法律法规\工伤事故\机动车交通事故责任强制保险条例2013.doc
,机动车交通事故责任强制保险条例2013,应急管理,.docx,法律标准\法律法规\工伤事故\机动车交通事故责任强制保险条例2013.docx
,条例解读,应急管理,.docx,法律标准\标准\应急管理\应急\条例解读.docx
,某公司食物中毒应急演练方案（6页）,应急管理,.docx,应急\2021.3.4应急演练、桌面演练、脚本、记录大全（500项）\2021.3.4应急演练、桌面演练、脚本、记录大全（500项）\应急演练方案、脚本、计划、总结大全\某公司食物中毒应急演练方案（6页）.docx
,汽轮机油系统跑油事故原因分析及防范措施,应急管理,.xdf,法律标准\标准\余热\汽轮机油系统跑油事故原因分析及防范措施.xdf
,沧安监〔2018〕2号关于转发《河北省安全生产监督管理局关于印发河北省生产安全事故整改措施落实情况评估暂行办法的通知》的通知,应急管理,.pdf,安全标准\沧安监〔2018〕2号关于转发《河北省安全生产监督管理局关于印发河北省生产安全事故整改措施落实情况评估暂行办法的通知》的通知.pdf
,沧安监〔2018〕2号河北省安监局关于印发《河北省生产安全事故整改措施落实情况评估暂行办法》的通知,应急管理,.pdf,安全标准\沧安监〔2018〕2号河北省安监局关于印发《河北省生产安全事故整改措施落实情况评估暂行办法》的通知.pdf
,河北省安全生产监督管理局关于印发《河北省重大危险源分级评定办法》的通知（冀安监管应急〔2013〕93号）,应急管理,.doc,法律标准\标准\危险源\河北省安全生产监督管理局关于印发《河北省重大危险源分级评定办法》的通知（冀安监管应急〔2013〕93号）.doc
,河北省安全生产监督管理局关于印发《河北省重大危险源分级评定办法》的通知（冀安监管应急〔2013〕93号）,应急管理,.docx,法律标准\标准\危险源\河北省安全生产监督管理局关于印发《河北省重大危险源分级评定办法》的通知（冀安监管应急〔2013〕93号）.docx
,泰宁县商务局关于印发泰宁县商贸行业生产安全事故灾难应急预案的通知,应急管理,.docx,法律标准\标准\应急管理\应急\泰宁县商务局关于印发泰宁县商贸行业生产安全事故灾难应急预案的通知.docx
,津安监管急〔2018〕42号附件,应急管理,.doc,法律标准\标准\应急\津安监管急〔2018〕42号附件.doc
,津安监管急〔2018〕42号附件,应急管理,.docx,法律标准\标准\应急\津安监管急〔2018〕42号附件.docx
,浙江省应急管理厅关于印发,应急管理,.doc,法律标准\法律法规\浙江省应急管理厅关于印发.doc
,浙江省应急管理厅关于印发,应急管理,.docx,法律标准\法律法规\浙江省应急管理厅关于印发.docx
,液氨泄漏应急演练方案,应急管理,.doc,应急\2021.3.4应急演练、桌面演练、脚本、记录大全（500项）\2021.3.4应急演练、桌面演练、脚本、记录大全（500项）\应急演练方案、脚本、计划、总结大全\液氨泄漏应急演练方案.doc
,液氨泄漏应急演练方案,应急管理,.docx,应急\2021.3.4应急演练、桌面演练、脚本、记录大全（500项）\2021.3.4应急演练、桌面演练、脚本、记录大全（500项）\应急演练方案、脚本、计划、总结大全\液氨泄漏应急演练方案.docx
,液氨泄漏应急演练方案,应急管理,.doc,应急\2021.3.4应急演练、桌面演练、脚本、记录大全（500项）\2021.3.4应急演练、桌面演练、脚本、记录大全（500项）\应急演练方案、脚本、计划、总结大全\应急演练方案、脚本大全\液氨泄漏应急演练方案.doc
,液氨泄漏应急演练方案,应急管理,.docx,应急\2021.3.4应急演练、桌面演练、脚本、记录大全（500项）\2021.3.4应急演练、桌面演练、脚本、记录大全（500项）\应急演练方案、脚本、计划、总结大全\应急演练方案、脚本大全\液氨泄漏应急演练方案.docx
,游乐场应急预案及演练记录,应急管理,.doc,应急\2021.3.4应急演练、桌面演练、脚本、记录大全（500项）\2021.3.4应急演练、桌面演练、脚本、记录大全（500项）\应急演练方案、脚本、计划、总结大全\游乐场应急预案及演练记录.doc
,游乐场应急预案及演练记录,应急管理,.docx,应急\2021.3.4应急演练、桌面演练、脚本、记录大全（500项）\2021.3.4应急演练、桌面演练、脚本、记录大全（500项）\应急演练方案、脚本、计划、总结大全\游乐场应急预案及演练记录.docx
,溺水应急演练方案汇编,应急管理,.pdf,应急\2021.3.4应急演练、桌面演练、脚本、记录大全（500项）\2021.3.4应急演练、桌面演练、脚本、记录大全（500项）\应急演练方案、脚本、计划、总结大全\溺水应急演练方案汇编.pdf
,演练总结,应急管理,.doc,应急\2021.3.4应急演练、桌面演练、脚本、记录大全（500项）\2021.3.4应急演练、桌面演练、脚本、记录大全（500项）\应急演练方案、脚本、计划、总结大全\演练总结.doc
,演练总结,应急管理,.docx,应急\2021.3.4应急演练、桌面演练、脚本、记录大全（500项）\2021.3.4应急演练、桌面演练、脚本、记录大全（500项）\应急演练方案、脚本、计划、总结大全\演练总结.docx
,演练计划表1,应急管理,.doc,应急\2021.3.4应急演练、桌面演练、脚本、记录大全（500项）\2021.3.4应急演练、桌面演练、脚本、记录大全（500项）\应急演练方案、脚本、计划、总结大全\演练计划表1.doc
,演练计划表1,应急管理,.docx,应急\2021.3.4应急演练、桌面演练、脚本、记录大全（500项）\2021.3.4应急演练、桌面演练、脚本、记录大全（500项）\应急演练方案、脚本、计划、总结大全\演练计划表1.docx
,烫伤应急演练方案,应急管理,.docx,应急\2021.3.4应急演练、桌面演练、脚本、记录大全（500项）\2021.3.4应急演练、桌面演练、脚本、记录大全（500项）\应急演练方案、脚本、计划、总结大全\烫伤应急演练方案.docx
,燃气公司应急预案,应急管理,.doc,111111\燃气公司应急预案.doc
,燃气公司应急预案,应急管理,.docx,111111\燃气公司应急预案.docx
,燃气泄漏应急预案,应急管理,.doc,111111\燃气泄漏应急预案.doc
,燃气泄漏应急预案,应急管理,.docx,111111\燃气泄漏应急预案.docx
,物体打击应急演练方案(模板),应急管理,.doc,应急\2021.3.4应急演练、桌面演练、脚本、记录大全（500项）\2021.3.4应急演练、桌面演练、脚本、记录大全（500项）\应急演练方案、脚本、计划、总结大全\物体打击应急演练方案(模板).doc
,物体打击应急演练方案(模板),应急管理,.docx,应急\2021.3.4应急演练、桌面演练、脚本、记录大全（500项）\2021.3.4应急演练、桌面演练、脚本、记录大全（500项）\应急演练方案、脚本、计划、总结大全\物体打击应急演练方案(模板).docx
,玻璃生产企业常见事故隐患及防范措施,应急管理,.docx,法律标准\标准\玻璃\玻璃1\玻璃生产企业常见事故隐患及防范措施.docx
,玻璃电熔炉安全应急预案,应急管理,.docx,法律标准\标准\玻璃\玻璃1\玻璃电熔炉安全应急预案.docx
,生产安全事故应急救援演练方案,应急管理,.doc,应急\2021.3.4应急演练、桌面演练、脚本、记录大全（500项）\2021.3.4应急演练、桌面演练、脚本、记录大全（500项）\应急演练方案、脚本、计划、总结大全\生产安全事故应急救援演练方案.doc
,生产安全事故应急救援演练方案,应急管理,.docx,应急\2021.3.4应急演练、桌面演练、脚本、记录大全（500项）\2021.3.4应急演练、桌面演练、脚本、记录大全（500项）\应急演练方案、脚本、计划、总结大全\生产安全事故应急救援演练方案.docx
,生产安全事故应急条例国务院令第708号,应急管理,.docx,111111\隐患排查依据文本（一）\隐患排查依据文本（一）\法规\生产安全事故应急条例国务院令第708号.docx
,生产安全事故应急条例国务院令第708号,应急管理,.docx,法律标准\标准\应急管理\应急\生产安全事故应急条例国务院令第708号.docx
,生产安全事故应急预案管理办法,应急管理,.docx,法律标准\标准\应急管理\生产安全事故应急预案管理办法.docx
,生产安全事故应急预案管理办法 安监总局令88号,应急管理,.doc,法律标准\法律法规\生产安全事故应急预案管理办法 安监总局令88号.doc
,生产安全事故应急预案管理办法 安监总局令88号,应急管理,.docx,法律标准\法律法规\生产安全事故应急预案管理办法 安监总局令88号.docx
,生产安全事故应急预案管理办法安监总局令〔2016〕88号,应急管理,.pdf,法律标准\标准\应急管理\应急\生产安全事故应急预案管理办法安监总局令〔2016〕88号.pdf
,生产安全事故报告和调查处理条例-国务院令[2007]493号,应急管理,.doc,法律标准\法律法规\工伤事故\生产安全事故报告和调查处理条例-国务院令[2007]493号.doc
,生产安全事故报告和调查处理条例-国务院令[2007]493号,应急管理,.docx,法律标准\法律法规\工伤事故\生产安全事故报告和调查处理条例-国务院令[2007]493号.docx
,生产安全事故报告和调查处理条例2007,应急管理,.doc,法律标准\法律法规\工伤事故\生产安全事故报告和调查处理条例2007.doc
,生产安全事故报告和调查处理条例2007,应急管理,.docx,法律标准\法律法规\工伤事故\生产安全事故报告和调查处理条例2007.docx
,生产安全综合应急预案1,应急管理,.pdf,法律标准\标准\应急管理\应急\生产安全综合应急预案1.pdf
,生产经营单位生产安全事故应急预案评审指南,应急管理,.doc,法律标准\标准\应急管理\应急\生产经营单位生产安全事故应急预案评审指南.doc
,生产经营单位生产安全事故应急预案评审指南,应急管理,.docx,法律标准\标准\应急管理\应急\生产经营单位生产安全事故应急预案评审指南.docx
,生活垃圾转运、卫生填埋处置企业安全生产标准化规范,应急管理,.docx,法律标准\标准\垃圾\生活垃圾转运、卫生填埋处置企业安全生产标准化规范.docx
,电力、天然气领域安全生产事故案例汇编（最终）,应急管理,.docx,电力\能源手册  承德\电力、天然气领域安全生产事故案例汇编（最终）.docx
,疫情防控应急演练方案脚本,应急管理,.docx,应急\2021.3.4应急演练、桌面演练、脚本、记录大全（500项）\2021.3.4应急演练、桌面演练、脚本、记录大全（500项）\应急演练方案、脚本、计划、总结大全\疫情防控应急演练方案脚本.docx
,疫情防控演练方案,应急管理,.docx,应急\2021.3.4应急演练、桌面演练、脚本、记录大全（500项）\2021.3.4应急演练、桌面演练、脚本、记录大全（500项）\应急演练方案、脚本、计划、总结大全\疫情防控演练方案.docx
,空压站应急预案演练计划,应急管理,.doc,应急\2021.3.4应急演练、桌面演练、脚本、记录大全（500项）\2021.3.4应急演练、桌面演练、脚本、记录大全（500项）\应急演练方案、脚本、计划、总结大全\空压站应急预案演练计划.doc
,空压站应急预案演练计划,应急管理,.docx,应急\2021.3.4应急演练、桌面演练、脚本、记录大全（500项）\2021.3.4应急演练、桌面演练、脚本、记录大全（500项）\应急演练方案、脚本、计划、总结大全\空压站应急预案演练计划.docx
,突发事件应急预案管理办法2024,应急管理,.docx,应急\突发事件应急预案管理办法2024.docx
,突发事件应急预案管理办法培训PPT,应急管理,.pptx,课件\突发事件应急预案管理办法培训PPT.pptx
,突发事件应急预案编制指南,应急管理,.docx,应急\突发事件应急预案编制指南.docx
,突发公共卫生事件应急条例2003,应急管理,.doc,应急\突发公共卫生事件应急条例2003.doc
,突发公共卫生事件应急条例2003,应急管理,.docx,应急\突发公共卫生事件应急条例2003.docx
,突发环境事件应急预案演练总结,应急管理,.docx,应急\2021.3.4应急演练、桌面演练、脚本、记录大全（500项）\2021.3.4应急演练、桌面演练、脚本、记录大全（500项）\应急演练方案、脚本、计划、总结大全\突发环境事件应急预案演练总结.docx
,突发环境事件演练方案,应急管理,.docx,应急\2021.3.4应急演练、桌面演练、脚本、记录大全（500项）\2021.3.4应急演练、桌面演练、脚本、记录大全（500项）\应急演练方案、脚本、计划、总结大全\突发环境事件演练方案.docx
,突发环境事件演练方案,应急管理,.docx,应急\2021.3.4应急演练、桌面演练、脚本、记录大全（500项）\2021.3.4应急演练、桌面演练、脚本、记录大全（500项）\应急演练方案、脚本、计划、总结大全\应急演练方案、脚本大全\突发环境事件演练方案.docx
,突发环境事件演练方案-,应急管理,.docx,应急\2021.3.4应急演练、桌面演练、脚本、记录大全（500项）\2021.3.4应急演练、桌面演练、脚本、记录大全（500项）\应急演练方案、脚本、计划、总结大全\突发环境事件演练方案-.docx
,第一部分：典型事故伤害应急处置卡,应急管理,.doc,应急\2021.3.4应急演练、桌面演练、脚本、记录大全（500项）\2021.3.4应急演练、桌面演练、脚本、记录大全（500项）\300项现场应急处置方案、流程卡\第一部分：典型事故伤害应急处置卡.doc
,第一部分：典型事故伤害应急处置卡,应急管理,.docx,应急\2021.3.4应急演练、桌面演练、脚本、记录大全（500项）\2021.3.4应急演练、桌面演练、脚本、记录大全（500项）\300项现场应急处置方案、流程卡\第一部分：典型事故伤害应急处置卡.docx
,综合、专项应急预案演练记录,应急管理,.doc,应急\2021.3.4应急演练、桌面演练、脚本、记录大全（500项）\2021.3.4应急演练、桌面演练、脚本、记录大全（500项）\应急演练方案、脚本、计划、总结大全\综合、专项应急预案演练记录.doc
,综合、专项应急预案演练记录,应急管理,.docx,应急\2021.3.4应急演练、桌面演练、脚本、记录大全（500项）\2021.3.4应急演练、桌面演练、脚本、记录大全（500项）\应急演练方案、脚本、计划、总结大全\综合、专项应急预案演练记录.docx
,综合应急预案演练实施方案,应急管理,.docx,应急\2021.3.4应急演练、桌面演练、脚本、记录大全（500项）\2021.3.4应急演练、桌面演练、脚本、记录大全（500项）\应急演练方案、脚本、计划、总结大全\综合应急预案演练实施方案.docx
,罐区演练方案,应急管理,.doc,应急\2021.3.4应急演练、桌面演练、脚本、记录大全（500项）\2021.3.4应急演练、桌面演练、脚本、记录大全（500项）\应急演练方案、脚本、计划、总结大全\罐区演练方案.doc
,罐区演练方案,应急管理,.docx,应急\2021.3.4应急演练、桌面演练、脚本、记录大全（500项）\2021.3.4应急演练、桌面演练、脚本、记录大全（500项）\应急演练方案、脚本、计划、总结大全\罐区演练方案.docx
,触电事故应急预案演练方案,应急管理,.doc,应急\2021.3.4应急演练、桌面演练、脚本、记录大全（500项）\2021.3.4应急演练、桌面演练、脚本、记录大全（500项）\应急演练方案、脚本、计划、总结大全\触电事故应急预案演练方案.doc
,触电事故应急预案演练方案,应急管理,.docx,应急\2021.3.4应急演练、桌面演练、脚本、记录大全（500项）\2021.3.4应急演练、桌面演练、脚本、记录大全（500项）\应急演练方案、脚本、计划、总结大全\触电事故应急预案演练方案.docx
,触电事故演练方案及演练图片,应急管理,.doc,应急\2021.3.4应急演练、桌面演练、脚本、记录大全（500项）\2021.3.4应急演练、桌面演练、脚本、记录大全（500项）\应急演练方案、脚本、计划、总结大全\触电事故演练方案及演练图片.doc
,触电事故演练方案及演练图片,应急管理,.docx,应急\2021.3.4应急演练、桌面演练、脚本、记录大全（500项）\2021.3.4应急演练、桌面演练、脚本、记录大全（500项）\应急演练方案、脚本、计划、总结大全\触电事故演练方案及演练图片.docx
,触电事故现场处置方案演练,应急管理,.doc,应急\2021.3.4应急演练、桌面演练、脚本、记录大全（500项）\2021.3.4应急演练、桌面演练、脚本、记录大全（500项）\应急演练方案、脚本、计划、总结大全\触电事故现场处置方案演练.doc
,触电事故现场处置方案演练,应急管理,.docx,应急\2021.3.4应急演练、桌面演练、脚本、记录大全（500项）\2021.3.4应急演练、桌面演练、脚本、记录大全（500项）\应急演练方案、脚本、计划、总结大全\触电事故现场处置方案演练.docx
,质量事故应急演练,应急管理,.doc,应急\2021.3.4应急演练、桌面演练、脚本、记录大全（500项）\2021.3.4应急演练、桌面演练、脚本、记录大全（500项）\应急演练方案、脚本、计划、总结大全\质量事故应急演练.doc
,质量事故应急演练,应急管理,.docx,应急\2021.3.4应急演练、桌面演练、脚本、记录大全（500项）\2021.3.4应急演练、桌面演练、脚本、记录大全（500项）\应急演练方案、脚本、计划、总结大全\质量事故应急演练.docx
,车辆伤害演练方案,应急管理,.doc,应急\2021.3.4应急演练、桌面演练、脚本、记录大全（500项）\2021.3.4应急演练、桌面演练、脚本、记录大全（500项）\应急演练方案、脚本、计划、总结大全\车辆伤害演练方案.doc
,车辆伤害演练方案,应急管理,.docx,应急\2021.3.4应急演练、桌面演练、脚本、记录大全（500项）\2021.3.4应急演练、桌面演练、脚本、记录大全（500项）\应急演练方案、脚本、计划、总结大全\车辆伤害演练方案.docx
,通信故障演练方案,应急管理,.doc,应急\2021.3.4应急演练、桌面演练、脚本、记录大全（500项）\2021.3.4应急演练、桌面演练、脚本、记录大全（500项）\应急演练方案、脚本、计划、总结大全\通信故障演练方案.doc
,通信故障演练方案,应急管理,.docx,应急\2021.3.4应急演练、桌面演练、脚本、记录大全（500项）\2021.3.4应急演练、桌面演练、脚本、记录大全（500项）\应急演练方案、脚本、计划、总结大全\通信故障演练方案.docx
,重污染天气III级应急响应减排措施清单,应急管理,.xlsx,新文件包\重污染天气III级应急响应减排措施清单.xlsx
,锂电池安全生产画册（深圳市应急管理局）2020.8,应急管理,.xdf,锂电池资料\锂电池检查\锂电池安全生产画册（深圳市应急管理局）2020.8.xdf
,锂电池生产企业事故综合应急预案,应急管理,.pdf,锂电池资料\电池其他\锂电池生产企业事故综合应急预案.pdf
,锂电池生产企业锂电池生产岗位应急处置卡,应急管理,.xdf,锂电池资料\电池其他\锂电池生产企业锂电池生产岗位应急处置卡.xdf
,防台桌面演练,应急管理,.doc,应急\2021.3.4应急演练、桌面演练、脚本、记录大全（500项）\2021.3.4应急演练、桌面演练、脚本、记录大全（500项）\应急演练方案、脚本、计划、总结大全\防台桌面演练.doc
,防台桌面演练,应急管理,.docx,应急\2021.3.4应急演练、桌面演练、脚本、记录大全（500项）\2021.3.4应急演练、桌面演练、脚本、记录大全（500项）\应急演练方案、脚本、计划、总结大全\防台桌面演练.docx
,防台防汛演练方案,应急管理,.doc,应急\2021.3.4应急演练、桌面演练、脚本、记录大全（500项）\2021.3.4应急演练、桌面演练、脚本、记录大全（500项）\应急演练方案、脚本、计划、总结大全\防台防汛演练方案.doc
,防台防汛演练方案,应急管理,.docx,应急\2021.3.4应急演练、桌面演练、脚本、记录大全（500项）\2021.3.4应急演练、桌面演练、脚本、记录大全（500项）\应急演练方案、脚本、计划、总结大全\防台防汛演练方案.docx
,防暑演练方案,应急管理,.doc,应急\2021.3.4应急演练、桌面演练、脚本、记录大全（500项）\2021.3.4应急演练、桌面演练、脚本、记录大全（500项）\应急演练方案、脚本、计划、总结大全\防暑演练方案.doc
,防暑演练方案,应急管理,.docx,应急\2021.3.4应急演练、桌面演练、脚本、记录大全（500项）\2021.3.4应急演练、桌面演练、脚本、记录大全（500项）\应急演练方案、脚本、计划、总结大全\防暑演练方案.docx
,防止电力生产事故的二十五项重点要求,应急管理,.pdf,垃圾焚烧\垃圾发电补充1\防止电力生产事故的二十五项重点要求.pdf
,防汛应急演练方案,应急管理,.docx,应急\2021.3.4应急演练、桌面演练、脚本、记录大全（500项）\2021.3.4应急演练、桌面演练、脚本、记录大全（500项）\应急演练方案、脚本、计划、总结大全\防汛应急演练方案.docx
,防洪防汛应急预案演练方案,应急管理,.doc,应急\2021.3.4应急演练、桌面演练、脚本、记录大全（500项）\2021.3.4应急演练、桌面演练、脚本、记录大全（500项）\应急演练方案、脚本、计划、总结大全\防洪防汛应急预案演练方案.doc
,防洪防汛应急预案演练方案,应急管理,.docx,应急\2021.3.4应急演练、桌面演练、脚本、记录大全（500项）\2021.3.4应急演练、桌面演练、脚本、记录大全（500项）\应急演练方案、脚本、计划、总结大全\防洪防汛应急预案演练方案.docx
,防洪防汛演练方案,应急管理,.docx,应急\2021.3.4应急演练、桌面演练、脚本、记录大全（500项）\2021.3.4应急演练、桌面演练、脚本、记录大全（500项）\应急演练方案、脚本、计划、总结大全\防洪防汛演练方案.docx
,附件河北省突发事件应急预案管理实施办法（征求意见稿）,应急管理,.docx,安全标准\附件河北省突发事件应急预案管理实施办法（征求意见稿）.docx
,隧道交通事故应急救援演练方案参考模板,应急管理,.doc,应急\2021.3.4应急演练、桌面演练、脚本、记录大全（500项）\2021.3.4应急演练、桌面演练、脚本、记录大全（500项）\应急演练方案、脚本、计划、总结大全\隧道交通事故应急救援演练方案参考模板.doc
,隧道交通事故应急救援演练方案参考模板,应急管理,.docx,应急\2021.3.4应急演练、桌面演练、脚本、记录大全（500项）\2021.3.4应急演练、桌面演练、脚本、记录大全（500项）\应急演练方案、脚本、计划、总结大全\隧道交通事故应急救援演练方案参考模板.docx
,项目部食物中毒应急救援演练方案（13页）,应急管理,.docx,应急\2021.3.4应急演练、桌面演练、脚本、记录大全（500项）\2021.3.4应急演练、桌面演练、脚本、记录大全（500项）\应急演练方案、脚本、计划、总结大全\项目部食物中毒应急救援演练方案（13页）.docx
,（冀应急〔2022〕21号）关于印发《河北省企业安全生产标准化建设定级办法(试行)》的通知,应急管理,.doc,新法规\（冀应急〔2022〕21号）关于印发《河北省企业安全生产标准化建设定级办法(试行)》的通知.doc
,（冀应急〔2022〕21号）关于印发《河北省企业安全生产标准化建设定级办法(试行)》的通知,应急管理,.docx,新法规\（冀应急〔2022〕21号）关于印发《河北省企业安全生产标准化建设定级办法(试行)》的通知.docx
,（冀应急〔2022〕21号）关于印发《河北省企业安全生产标准化建设定级办法(试行)》的通知(1)(1),应急管理,.doc,新法规\（冀应急〔2022〕21号）关于印发《河北省企业安全生产标准化建设定级办法(试行)》的通知(1)(1).doc
,（冀应急〔2022〕21号）关于印发《河北省企业安全生产标准化建设定级办法(试行)》的通知(1)(1),应急管理,.docx,新法规\（冀应急〔2022〕21号）关于印发《河北省企业安全生产标准化建设定级办法(试行)》的通知(1)(1).docx
AQ2023,AQ 2023-2008 耐火材料生产安全规程,建筑施工,.pdf,法律标准\标准\设备设施\建筑\AQ 2023-2008 耐火材料生产安全规程.pdf
AQ7023,AQ 7023—2025 建筑卫生陶瓷生产安全规范,建筑施工,.pdf,安全标准\AQ 7023—2025 建筑卫生陶瓷生产安全规范.pdf
CJ13,CJ 13-1986 危险房屋鉴定标准,建筑施工,.pdf,法律标准\标准\建筑施工\CJ 13-1986 危险房屋鉴定标准.pdf
CJJ33,CJJ33-2005城镇燃气输配工程施工及验收规范,建筑施工,.pdf,法律标准\标准\燃气\燃气规范\CJJ33-2005城镇燃气输配工程施工及验收规范.pdf
CJJ33,《城镇燃气输配工程施工及验收规范》CJJ33—2005,建筑施工,.doc,法律标准\标准\燃气\城镇燃气\《城镇燃气输配工程施工及验收规范》CJJ33—2005.doc
CJJ33,《城镇燃气输配工程施工及验收规范》CJJ33—2005,建筑施工,.docx,法律标准\标准\燃气\城镇燃气\《城镇燃气输配工程施工及验收规范》CJJ33—2005.docx
CJJ94,CJJ 94-2009 城镇燃气室内工程施工与质量验收规范 附条文说明,建筑施工,.pdf,法律标准\标准\燃气\CJJ 94-2009 城镇燃气室内工程施工与质量验收规范 附条文说明.pdf
DB23,DB23_T 3632-2023 民用建筑换热站管理规程,建筑施工,.pdf,111111\DB23_T 3632-2023 民用建筑换热站管理规程.pdf
DL5022,DL 5022-2012 火力发电厂土建结构设计技术规程,建筑施工,.rar,垃圾焚烧\垃圾发电补充1\DL 5022-2012 火力发电厂土建结构设计技术规程.rar
DL5713,DL 5713-2014 火力发电厂热力设备及管道保温施工工艺导则,建筑施工,.rar,垃圾发电补充2\DL 5713-2014 火力发电厂热力设备及管道保温施工工艺导则.rar
DLT5029,DLT 5029-2012 火力发电厂建筑装修设计标准,建筑施工,.rar,垃圾焚烧\垃圾发电补充1\DLT 5029-2012 火力发电厂建筑装修设计标准.rar
DLT5461.4,DLT 5461.4-2013 火力发电厂施工图设计文件内容深度规定 第4部分运煤,建筑施工,.rar,标准123\DLT 5461.4-2013 火力发电厂施工图设计文件内容深度规定 第4部分运煤.rar
DLT5461.4,DLT 5461.4-2013 火力发电厂施工图设计文件内容深度规定 第4部分运煤,建筑施工,.pdf,标准123\DLT 5461.4-2013 火力发电厂施工图设计文件内容深度规定 第4部分运煤\DLT 5461.4-2013 火力发电厂施工图设计文件内容深度规定 第4部分运煤.pdf
DL∕T5052,DL∕T 5052-2016 火力发电厂辅助及附属建筑物面积标准,建筑施工,.rar,垃圾发电补充2\DL∕T 5052-2016 火力发电厂辅助及附属建筑物面积标准.rar
GB11341,GB 11341-1989 悬挂输送机安全规程（废止）,建筑施工,.pdf,法律标准\标准\设备设施\建筑\GB 11341-1989 悬挂输送机安全规程（废止）.pdf
GB18452,GB 18452-2001 破碎设备安全要求,建筑施工,.pdf,法律标准\标准\设备设施\建筑\GB 18452-2001 破碎设备安全要求.pdf
GB50007,GB 50007-2002 建筑地基基础设计规范条文说明,建筑施工,.pdf,法律标准\标准\建筑施工\GB 50007-2002 建筑地基基础设计规范条文说明.pdf
GB50010,GB 50010-2010(2015版) 混凝土结构设计规范,建筑施工,.rar,法律标准\标准\建筑施工\GB 50010-2010(2015版) 混凝土结构设计规范.rar
GB50011,GB 50011-2010 建筑抗震设计规范,建筑施工,.pdf,法律标准\标准\安全管理\设计\GB 50011-2010 建筑抗震设计规范.pdf
GB50011,《建筑抗震设计规范》GB 50011-2010,建筑施工,.pdf,法律标准\标准\矿山标准\《建筑抗震设计规范》GB 50011-2010.pdf
GB50015,GB 50015-2003 建筑给水排水设计规范2010,建筑施工,.pdf,法律标准\标准\安全管理\设计\GB 50015-2003 建筑给水排水设计规范2010.pdf
GB50034,GB 50034-2013 建筑照明设计标准,建筑施工,.pdf,法律标准\标准\安全管理\设计\GB 50034-2013 建筑照明设计标准.pdf
GB50034,GB 50034-2013 建筑照明设计标准,建筑施工,.pdf,法律标准\标准\建筑施工\GB 50034-2013 建筑照明设计标准.pdf
GB50046,GB 50046-2008 工业建筑防腐蚀设计规范,建筑施工,.pdf,法律标准\标准\安全管理\设计\GB 50046-2008 工业建筑防腐蚀设计规范.pdf
GB50057,GB 50057-2000建筑物防雷设计规范（废止）,建筑施工,.pdf,法律标准\标准\矿山标准\GB 50057-2000建筑物防雷设计规范（废止）.pdf
GB50057,GB 50057-2010 建筑物防雷设计规范,建筑施工,.pdf,法律标准\标准\安全管理\设计\GB 50057-2010 建筑物防雷设计规范.pdf
GB50211,GB 50211-2014 工业炉砌筑工程施工与验收规范,建筑施工,.rar,新建文件夹 (2)\玻璃\GB 50211-2014 工业炉砌筑工程施工与验收规范.rar
GB50235,GB50235-2010 工业金属管道工程施工规范,建筑施工,.pdf,法律标准\标准\管道\GB50235-2010 工业金属管道工程施工规范.pdf
GB50270,GB 50270-2010 输送设备安装工程施工及验收规范,建筑施工,.pdf,111111\隐患排查依据文本（一）\隐患排查依据文本（一）\标准\GB 50270-2010 输送设备安装工程施工及验收规范.pdf
GB50270,GB 50270-2010 输送设备安装工程施工及验收规范,建筑施工,.rar,新标准\冶金首鼎标准\GB 50270-2010 输送设备安装工程施工及验收规范.rar
GB50270,GB 50270-2010 输送设备安装工程施工及验收规范,建筑施工,.pdf,输送带（机）\GB 50270-2010 输送设备安装工程施工及验收规范.pdf
GB50274,GB 50274-2010 制冷设备、空气分离设备安装工程施工及验收规范,建筑施工,.pdf,安全标准\GB 50274-2010 制冷设备、空气分离设备安装工程施工及验收规范.pdf
GB50276,GB 50276-2010 破碎粉磨设备安装工程施工及验收规范,建筑施工,.rar,新标准\GB 50276-2010 破碎粉磨设备安装工程施工及验收规范.rar
GB50276,GB 50276-2010 破碎粉磨设备安装工程施工及验收规范,建筑施工,.pdf,新标准\GB 50276-2010 破碎粉磨设备安装工程施工及验收规范\GB 50276-2010 破碎粉磨设备安装工程施工及验收规范.pdf
GB50276,GB 50276-2010 破碎粉磨设备安装工程施工及验收规范,建筑施工,.docx,法律标准\标准\水泥\GB 50276-2010 破碎粉磨设备安装工程施工及验收规范.docx
GB50276,GB 50276-2010 破碎粉磨设备安装工程施工及验收规范,建筑施工,.pdf,法律标准\标准\水泥\GB 50276-2010 破碎粉磨设备安装工程施工及验收规范.pdf
GB50277,GB 50277-2010 铸造设备安装工程施工及验收规范,建筑施工,.rar,新标准\GB 50277-2010 铸造设备安装工程施工及验收规范.rar
GB50277,GB 50277-2010 铸造设备安装工程施工及验收规范,建筑施工,.pdf,新标准\GB 50277-2010 铸造设备安装工程施工及验收规范\GB 50277-2010 铸造设备安装工程施工及验收规范.pdf
GB50352,GB 50352-2005 民用建筑设计通则,建筑施工,.pdf,法律标准\标准\安全管理\设计\GB 50352-2005 民用建筑设计通则.pdf
GB50484,GB 50484-2008 石油化工建设工程施工安全技术规范,建筑施工,.pdf,法律标准\标准\建筑施工\GB 50484-2008 石油化工建设工程施工安全技术规范.pdf
GB50560,GB 50560-2010 建筑卫生陶瓷工厂设计规范,建筑施工,.pdf,法律标准\标准\设备设施\建筑\GB 50560-2010 建筑卫生陶瓷工厂设计规范.pdf
GB50575,GB 50575-2010 1kV及以下配线工程施工与验收规范,建筑施工,.pdf,安全标准\GB 50575-2010 1kV及以下配线工程施工与验收规范.pdf
GB50701,GB 50701-2011 烧结砖瓦工厂设计规范,建筑施工,.pdf,法律标准\标准\设备设施\建筑\GB 50701-2011 烧结砖瓦工厂设计规范.pdf
GB50794,GB 50794-2012 光伏发电站施工规范,建筑施工,.pdf,光伏\GB 50794-2012 光伏发电站施工规范.pdf
GB50794,GB 50794-2012 光伏发电站施工规范,建筑施工,.rar,新标准\电力线路\GB 50794-2012 光伏发电站施工规范.rar
GB51157,GB 51157-2016 物流建筑设计规范,建筑施工,.pdf,新标准\物流标准\GB 51157-2016 物流建筑设计规范.pdf
GB51221,GB 51221-2017城镇污水处理厂工程施工规范,建筑施工,.xdf,法律标准\标准\污水\GB 51221-2017城镇污水处理厂工程施工规范.xdf
GBT10171,GBT 10171-2005 混凝土搅拌站(楼),建筑施工,.pdf,法律标准\标准\建筑施工\GBT 10171-2005 混凝土搅拌站(楼).pdf
GBT23580,GBT 23580-2009 连续搬运设备 安全规范 专用规则,建筑施工,.pdf,法律标准\标准\设备设施\建筑\GBT 23580-2009 连续搬运设备 安全规范 专用规则.pdf
GBT25708,GBT 25708-2010 球磨机和棒磨机,建筑施工,.pdf,法律标准\标准\设备设施\建筑\GBT 25708-2010 球磨机和棒磨机.pdf
GBT50795,GBT 50795-2012 光伏发电工程施工组织设计规范,建筑施工,.pdf,光伏\GBT 50795-2012 光伏发电工程施工组织设计规范.pdf
GBT50795,GBT 50795-2012 光伏发电工程施工组织设计规范,建筑施工,.rar,新标准\电力线路\GBT 50795-2012 光伏发电工程施工组织设计规范.rar
GB_50057,GB_50057-2010 建筑物防雷设计规范(2010版),建筑施工,.rtf,法律标准\标准\安全管理\设计\GB_50057-2010 建筑物防雷设计规范(2010版).rtf
GB∕T1955,GB∕T 1955-2019 建筑卷扬机,建筑施工,.docx,法律标准\标准\水泥\GB∕T 1955-2019 建筑卷扬机.docx
GB∕T1955,GB∕T 1955-2019 建筑卷扬机,建筑施工,.pdf,法律标准\标准\水泥\GB∕T 1955-2019 建筑卷扬机.pdf
GB∕T34023,GB∕T 34023-2017 施工升降机安全使用规程(高清版),建筑施工,.xdf,法律标准\标准\升降机\GB∕T 34023-2017 施工升降机安全使用规程(高清版).xdf
JBT10280,JBT 10280-2001 喷雾造粒流化床干燥机 ,建筑施工,.pdf,法律标准\标准\设备设施\建筑\JBT 10280-2001 喷雾造粒流化床干燥机 .pdf
JBT10356,JBT 10356-2002 硫化床燃烧设备 技术条件,建筑施工,.pdf,法律标准\标准\设备设施\建筑\JBT 10356-2002 硫化床燃烧设备 技术条件.pdf
JBT4084,JBT 4084-2017 摆式磨粉机,建筑施工,.pdf,法律标准\标准\设备设施\建筑\JBT 4084-2017 摆式磨粉机.pdf
JB∕T12184,JB∕T 12184-2015 矿用带式布料机,建筑施工,.pdf,法律标准\标准\设备设施\建筑\JB∕T 12184-2015 矿用带式布料机.pdf
JGJ184,JGJ184-2009 建筑施工作业劳动保护用品配备及使用标准,建筑施工,.pdf,法律标准\标准\设备设施\建筑\JGJ184-2009 建筑施工作业劳动保护用品配备及使用标准.pdf
JGJ31,JGJ31-2003 体育建筑设计规范,建筑施工,.pdf,法律标准\标准\体育\秋实\JGJ31-2003 体育建筑设计规范.pdf
JGJ48,JGJ48-2014 商店建筑设计规范,建筑施工,.pdf,法律标准\标准\商场\JGJ48-2014 商店建筑设计规范.pdf
JGT5031,JGT 5031-1993 建筑卷扬机设计规范,建筑施工,.docx,法律标准\标准\水泥\JGT 5031-1993 建筑卷扬机设计规范.docx
JGT5031,JGT 5031-1993 建筑卷扬机设计规范,建筑施工,.pdf,法律标准\标准\水泥\JGT 5031-1993 建筑卷扬机设计规范.pdf
JGT506,JGT 506-2016 尾砂微晶发泡板材及砌块,建筑施工,.pdf,法律标准\标准\设备设施\建筑\JGT 506-2016 尾砂微晶发泡板材及砌块.pdf
NYT1220.3,NYT 1220.3-2019 沼气工程技术规范 第3部分：施工及验收,建筑施工,.pdf,安全标准\NYT 1220.3-2019 沼气工程技术规范 第3部分：施工及验收.pdf
SYT6444,SYT 6444-2018 石油工程建设施工安全规范,建筑施工,.pdf,新标准\SYT 6444-2018 石油工程建设施工安全规范.pdf
SYT7419,SYT 7419-2018 低温管道绝热工程设计、施工和验收规范,建筑施工,.pdf,玻璃\SYT 7419-2018 低温管道绝热工程设计、施工和验收规范.pdf
SY_T7304,SY_T 7304-2016 低温液化气储罐混凝土结构设计和施工规范,建筑施工,.xdf,法律标准\标准\重大危险源\SY_T 7304-2016 低温液化气储罐混凝土结构设计和施工规范.xdf
SY_T7419,SY_T 7419-2018 低温管道绝热工程设计、施工和验收规范,建筑施工,.xdf,法律标准\标准\重大危险源\SY_T 7419-2018 低温管道绝热工程设计、施工和验收规范.xdf
,05R502 燃气工程设计施工图集,建筑施工,.pdf,新标准\05R502 燃气工程设计施工图集.pdf
,05R502燃气工程设计施工,建筑施工,.xdf,新标准\新增\05R502燃气工程设计施工.xdf
,06X701 体育建筑专用弱电系统设计安装,建筑施工,.pdf,法律标准\标准\体育\06X701 体育建筑专用弱电系统设计安装.pdf
,09J940皮带运输机通廊建筑构造,建筑施工,.pdf,法律标准\标准\皮带\09J940皮带运输机通廊建筑构造.pdf
,14J938-抗爆、泄爆门窗及屋盖、墙体建筑构造,建筑施工,.pptx,法律标准\标准\14J938-抗爆、泄爆门窗及屋盖、墙体建筑构造.pptx
,14J938抗爆、泄爆门窗及屋盖、墙体建筑构造,建筑施工,.pdf,新标准\14J938抗爆、泄爆门窗及屋盖、墙体建筑构造.pdf
,15D501 建筑物防雷设施安装,建筑施工,.xdf,法律标准\标准\安全管理\设计\15D501 建筑物防雷设施安装.xdf
,2.应急处置流程告知卡汇编（施工）,建筑施工,.doc,应急\2021.3.4应急演练、桌面演练、脚本、记录大全（500项）\2021.3.4应急演练、桌面演练、脚本、记录大全（500项）\300项现场应急处置方案、流程卡\2.应急处置流程告知卡汇编（施工）.doc
,2.应急处置流程告知卡汇编（施工）,建筑施工,.docx,应急\2021.3.4应急演练、桌面演练、脚本、记录大全（500项）\2021.3.4应急演练、桌面演练、脚本、记录大全（500项）\300项现场应急处置方案、流程卡\2.应急处置流程告知卡汇编（施工）.docx
,220KV输电线路工程施工设计三篇,建筑施工,.doc,新标准\电力线路\220KV输电线路工程施工设计三篇.doc
,220KV输电线路工程施工设计三篇,建筑施工,.docx,新标准\电力线路\220KV输电线路工程施工设计三篇.docx
,4.应急处置流告知卡汇编（施工岗位风险）,建筑施工,.doc,应急\2021.3.4应急演练、桌面演练、脚本、记录大全（500项）\2021.3.4应急演练、桌面演练、脚本、记录大全（500项）\300项现场应急处置方案、流程卡\4.应急处置流告知卡汇编（施工岗位风险）.doc
,4.应急处置流告知卡汇编（施工岗位风险）,建筑施工,.docx,应急\2021.3.4应急演练、桌面演练、脚本、记录大全（500项）\2021.3.4应急演练、桌面演练、脚本、记录大全（500项）\300项现场应急处置方案、流程卡\4.应急处置流告知卡汇编（施工岗位风险）.docx
,CECS 364-2014 建筑燃气安全应用技术导则,建筑施工,.pdf,法律标准\标准\燃气\燃气规范\CECS 364-2014 建筑燃气安全应用技术导则.pdf
,CECS 384：2014 陶瓷工业窑炉工程质量验收规范,建筑施工,.pdf,法律标准\标准\设备设施\建筑\CECS 384：2014 陶瓷工业窑炉工程质量验收规范.pdf
,JCT 2070-2011 安全玻璃生产规程 第1部分：建筑用安全玻璃生产规程,建筑施工,.rar,法律标准\标准\玻璃\JCT 2070-2011 安全玻璃生产规程 第1部分：建筑用安全玻璃生产规程.rar
,JCT 2352-2016 建筑陶瓷企业安全生产规范,建筑施工,.pdf,法律标准\标准\设备设施\建筑\JCT 2352-2016 建筑陶瓷企业安全生产规范.pdf
,JC∕T 2447-2018 散装建筑材料气力输送设备,建筑施工,.pdf,标准\JC∕T 2447-2018 散装建筑材料气力输送设备.pdf
,JGJ 146-2013 建设工程施工现场环境与卫生标准,建筑施工,.pdf,法律标准\标准\建筑施工\JGJ 146-2013 建设工程施工现场环境与卫生标准.pdf
,JGJ 59-2011 建筑施工安全检查标准,建筑施工,.pdf,新标准\JGJ 59-2011 建筑施工安全检查标准.pdf
,JGJ 59-2011 建筑施工安全检查标准,建筑施工,.doc,法律标准\标准\建筑施工\JGJ 59-2011 建筑施工安全检查标准.doc
,JGJ 59-2011 建筑施工安全检查标准,建筑施工,.docx,法律标准\标准\建筑施工\JGJ 59-2011 建筑施工安全检查标准.docx
,JGJ 94-2008 建筑桩基技术规范,建筑施工,.pdf,电力\JGJ 94-2008 建筑桩基技术规范.pdf
,JGJ-T 10-2011 混凝土泵送施工技术规程,建筑施工,.pdf,法律标准\标准\建筑施工\JGJ-T 10-2011 混凝土泵送施工技术规程.pdf
,JGJT 104-2011 建筑工程冬期施工规程,建筑施工,.pdf,法律标准\标准\建筑施工\JGJT 104-2011 建筑工程冬期施工规程.pdf
,JGJT 179-2009 体育建筑智能化系统工程技术规程,建筑施工,.pdf,法律标准\标准\体育\秋实\JGJT 179-2009 体育建筑智能化系统工程技术规程.pdf
,JGJT 77-2010 施工企业安全生产评价标准,建筑施工,.rar,新标准\JGJT 77-2010 施工企业安全生产评价标准.rar
,JGJT 77-2010 施工企业安全生产评价标准,建筑施工,.pdf,新标准\JGJT 77-2010 施工企业安全生产评价标准\JGJT 77-2010 施工企业安全生产评价标准.pdf
,QSY 1307-2010 野外施工营地卫生和饮食卫生规范,建筑施工,.pdf,法律标准\标准\参考资料\QSY 1307-2010 野外施工营地卫生和饮食卫生规范.pdf
,QSY 1369-2011 野外施工传染病预防控制规范,建筑施工,.pdf,法律标准\标准\参考资料\QSY 1369-2011 野外施工传染病预防控制规范.pdf
,R4(一) 动力专业标准图集 水箱制作及管道附件安装(2007年合订本),建筑施工,.xdf,法律标准\标准\设备设施\建筑\R4(一) 动力专业标准图集 水箱制作及管道附件安装(2007年合订本).xdf
,R4(三)动力专业标准图集 室外热力管道安装(2007年合订本),建筑施工,.xdf,法律标准\标准\设备设施\建筑\R4(三)动力专业标准图集 室外热力管道安装(2007年合订本).xdf
,R4(二)动力专业标准图集 室内热力管道安装(2006年合订本),建筑施工,.xdf,法律标准\标准\设备设施\建筑\R4(二)动力专业标准图集 室内热力管道安装(2006年合订本).xdf
,SBJ12-2011氨制冷系统安装工程施工及验收规范及,建筑施工,.pdf,法律标准\标准\制冷\SBJ12-2011氨制冷系统安装工程施工及验收规范及.PDF
,SBJ12-2011氨制冷系统安装工程施工及验收规范（附条文）,建筑施工,.pdf,新标准\SBJ12-2011氨制冷系统安装工程施工及验收规范（附条文）.pdf
,SHT 3560-2017 石油化工立式圆筒形低温储罐施工质量验收规范,建筑施工,.xdf,法律标准\标准\重大危险源\SHT 3560-2017 石油化工立式圆筒形低温储罐施工质量验收规范.xdf
,国土资源部关于开展矿山和水电工地地质灾害防治工作检查的通知国土资电发,建筑施工,.docx,111111\国土资源部关于开展矿山和水电工地地质灾害防治工作检查的通知国土资电发.docx
,国家电网公司施工现场安全管理条文汇编(输变电工程类),建筑施工,.rar,新标准\电力线路\国家电网公司施工现场安全管理条文汇编(输变电工程类).rar
,国标图集14J938抗爆、泄爆门窗及屋盖、墙体建筑构造-国家建筑标准设计图集电子版下载(2),建筑施工,.xdf,法律标准\标准\安全管理\设计\国标图集14J938抗爆、泄爆门窗及屋盖、墙体建筑构造-国家建筑标准设计图集电子版下载(2).xdf
,国网（基建3）176-2019国家电网公司输变电工程施工安全风险识别、评估及预控措施管理办法,建筑施工,.pdf,新标准\电力线路\国网（基建3）176-2019国家电网公司输变电工程施工安全风险识别、评估及预控措施管理办法.pdf
,城镇燃气输配工程施工及验收标准,建筑施工,.pdf,新建文件夹\城镇燃气输配工程施工及验收标准.pdf
,建筑专业规范大全（2015版）,建筑施工,.chm,法律标准\标准\建筑专业规范大全（2015版）.chm
,建筑卫生陶瓷企业生产安全规程（征求意见稿）和编制说明,建筑施工,.docx,水泥\建筑卫生陶瓷企业生产安全规程（征求意见稿）和编制说明.docx
,建筑工程各项应急救援演练记录,建筑施工,.doc,应急\2021.3.4应急演练、桌面演练、脚本、记录大全（500项）\2021.3.4应急演练、桌面演练、脚本、记录大全（500项）\应急演练方案、脚本、计划、总结大全\建筑工程各项应急救援演练记录.doc
,建筑工程各项应急救援演练记录,建筑施工,.docx,应急\2021.3.4应急演练、桌面演练、脚本、记录大全（500项）\2021.3.4应急演练、桌面演练、脚本、记录大全（500项）\应急演练方案、脚本、计划、总结大全\建筑工程各项应急救援演练记录.docx
,建筑陶瓷辊道式干燥器,建筑施工,.pdf,法律标准\标准\设备设施\建筑\建筑陶瓷辊道式干燥器.pdf
,建筑陶瓷辊道窑,建筑施工,.pdf,法律标准\标准\设备设施\建筑\建筑陶瓷辊道窑.pdf
,新标准化厂房-建筑_t3(设备预埋与安排,建筑施工,.pdf,法律标准\标准\建筑施工\新标准化厂房-建筑_t3(设备预埋与安排.pdf
,施工验收规范大全（2015版）,建筑施工,.chm,法律标准\标准\设备设施\建筑\施工验收规范大全（2015版）.chm
,暖通专业规范大全（2015版）,建筑施工,.chm,法律标准\标准\设备设施\建筑\暖通专业规范大全（2015版）.chm
,电子书 电力工程建设安全文明施工实操规范手册  2017年出版 纸质书定价50元,建筑施工,.pdf,新标准\电子书 电力工程建设安全文明施工实操规范手册  2017年出版 纸质书定价50元.pdf
AQ1011,AQ1011-2005煤矿在用主通风机系统安全检测检验规范,有限空间,.pdf,法律标准\标准\矿山标准\AQ1011-2005煤矿在用主通风机系统安全检测检验规范.pdf
AQ2013.2,金属非金属地下矿山通风技术规范AQ 2013.2-2008,有限空间,.pdf,法律标准\标准\矿山标准\金属非金属地下矿山通风技术规范AQ 2013.2-2008.pdf
AQ2013.3,金属非金属地下矿山通风技术规范 通风系统检测AQ 2013.3-2008,有限空间,.pdf,法律标准\标准\矿山标准\金属非金属地下矿山通风技术规范 通风系统检测AQ 2013.3-2008.pdf
AQ2013.4,金属非金属地下矿山通风技术规范 通风管理AQ 2013.4-2008,有限空间,.pdf,法律标准\标准\矿山标准\金属非金属地下矿山通风技术规范 通风管理AQ 2013.4-2008.pdf
AQ2054,金属非金属矿山在用主通风机系统安全检验规范AQ 2054-2016,有限空间,.pdf,法律标准\标准\矿山标准\金属非金属矿山在用主通风机系统安全检验规范AQ 2054-2016.pdf
AQ3028,AQ 3028-2008 化学品生产单位受限空间作业安全规范,有限空间,.pdf,法律标准\标准\化学品\AQ 3028-2008 化学品生产单位受限空间作业安全规范.pdf
AQ3028,AQ 3028-2008 化学品生产单位受限空间作业安全规范,有限空间,.xdf,法律标准\标准\受限空间\AQ 3028-2008 化学品生产单位受限空间作业安全规范.xdf
AQ4271,AQ4271-2015 通风除尘系统运行监测与评估技术规范,有限空间,.pdf,法律标准\标准\职业卫生\AQ4271-2015 通风除尘系统运行监测与评估技术规范.pdf
AQ5212,AQ 5212-2011 通风净化装置安全性能检测要求及方法,有限空间,.pdf,法律标准\标准\职业卫生\AQ 5212-2011 通风净化装置安全性能检测要求及方法.pdf
AQ5212,AQ 5212-2011 通风净化设备安全性能检测要求及方法(非正式版),有限空间,.pdf,新标准\制罐标准\AQ 5212-2011 通风净化设备安全性能检测要求及方法(非正式版).pdf
AQ5212,AQ 5212-2011 通风静华装置安全性能检测要求及方法,有限空间,.pdf,法律标准\标准\安全、职业卫生新规范\AQ 5212-2011 通风静华装置安全性能检测要求及方法.pdf
AQT4271,AQT 4271-2015 通风除尘系统运行监测与评估技术规范,有限空间,.doc,法律标准\标准\设备设施\除尘器\AQT 4271-2015 通风除尘系统运行监测与评估技术规范.doc
AQT4271,AQT 4271-2015 通风除尘系统运行监测与评估技术规范,有限空间,.docx,法律标准\标准\设备设施\除尘器\AQT 4271-2015 通风除尘系统运行监测与评估技术规范.docx
AQT4275,AQT 4275-2016 家具制造业手动喷漆房通风设施技术规程,有限空间,.pdf,法律标准\标准\安全、职业卫生新规范\AQT 4275-2016 家具制造业手动喷漆房通风设施技术规程.pdf
DB11,DB11T 852-2019 有限空间作业安全技术规范,有限空间,.xdf,法律标准\标准\受限空间\DB11T 852-2019 有限空间作业安全技术规范.xdf
DB11,DB11∕T 852-2019 有限空间作业安全技术规范.,有限空间,.pdf,新标准\标准\DB11∕T 852-2019 有限空间作业安全技术规范..pdf
DB13,DB13_T 5023-2019,有限空间,.xdf,法律标准\标准\受限空间\DB13_T 5023-2019.xdf
DB13,DB13_T 5615.3-2023 重点行业领域生产安全事故应急演练规范 第3部分：有限空间作业,有限空间,.pdf,参考有限空间\DB13_T 5615.3-2023 重点行业领域生产安全事故应急演练规范 第3部分：有限空间作业.pdf
DB13,DB13_T 5835-2023 有限空间作业安全技术培训大纲及考核规范,有限空间,.pdf,参考有限空间\DB13_T 5835-2023 有限空间作业安全技术培训大纲及考核规范.pdf
DB13,DB13∕T 5023-2019 有限空间作业安全规范,有限空间,.pdf,111111\DB13∕T 5023-2019 有限空间作业安全规范.pdf
DB33,DB33T 707-2013 有限空间作业安全技术规程,有限空间,.rar,法律标准\法律法规\培训\天津所用法规\天津标准\DB33T 707-2013 有限空间作业安全技术规程.rar
DB33,DB33T-707-2013-有限空间作业安全技术规程,有限空间,.pdf,法律标准\标准\石灰\有限空间管理参考\DB33T-707-2013-有限空间作业安全技术规程.pdf
DB33,DB33／T 1149-2018 城镇供排水有限空间作业安全规程,有限空间,.xdf,法律标准\标准\受限空间\DB33／T 1149-2018 城镇供排水有限空间作业安全规程.xdf
DLT5035,DLT 5035-2016 发电厂供暖通风与空气调节设计规范,有限空间,.rar,垃圾发电补充2\DLT 5035-2016 发电厂供暖通风与空气调节设计规范.rar
DLT5035,DLT 5035-2016 发电厂供暖通风与空气调节设计规范,有限空间,.pdf,法律标准\标准\安全管理\设计\DLT 5035-2016 发电厂供暖通风与空气调节设计规范.pdf
GB12942,GB 12942-2006 涂装作业安全规程 有限空间作业安全技术要求,有限空间,.pdf,法律标准\标准\设备设施\涂装作业\GB 12942-2006 涂装作业安全规程 有限空间作业安全技术要求.pdf
GB46768,GB 46768-2025 有限空间作业安全技术规范》,有限空间,.pdf,111111\GB 46768-2025 有限空间作业安全技术规范》.pdf
GB50019,GB 50019-2015 工业建筑供暖通风与空气调节设计规范,有限空间,.pdf,新标准\GB 50019-2015 工业建筑供暖通风与空气调节设计规范.pdf
GB50019,GB 50019-2015 工业建筑供暖通风与空气调节设计规范,有限空间,.pdf,法律标准\标准\职业卫生\GB 50019-2015 工业建筑供暖通风与空气调节设计规范.pdf
GB6514,GB 6514-2008 涂装作业安全规程 涂漆工艺安全及其通风净化.pdf,有限空间,.pdf,法律标准\标准\设备设施\涂装作业\GB 6514-2008 涂装作业安全规程 涂漆工艺安全及其通风净化.pdf.pdf
GB6514,GB6514-2008涂装作业安全规程  涂漆工艺安全及其通风净化,有限空间,.doc,法律标准\标准\设备设施\涂装作业\GB6514-2008涂装作业安全规程  涂漆工艺安全及其通风净化.doc
GB6514,GB6514-2008涂装作业安全规程  涂漆工艺安全及其通风净化,有限空间,.docx,法律标准\标准\设备设施\涂装作业\GB6514-2008涂装作业安全规程  涂漆工艺安全及其通风净化.docx
GB6514,GB6514-2008涂装作业安全规程-涂漆工艺安全及其通风净化,有限空间,.doc,法律标准\标准\木材加工\GB6514-2008涂装作业安全规程-涂漆工艺安全及其通风净化.doc
GB6514,GB6514-2008涂装作业安全规程-涂漆工艺安全及其通风净化,有限空间,.docx,法律标准\标准\木材加工\GB6514-2008涂装作业安全规程-涂漆工艺安全及其通风净化.docx
GB6514,GB6514-2023 涂装作业安全工程  涂漆工艺安全及其通风 2024.10.1实施,有限空间,.pdf,标准（2024.3.3下载）\GB6514-2023 涂装作业安全工程  涂漆工艺安全及其通风 2024.10.1实施.pdf
GB6514,GB6514—2023涂装作业安全规程涂漆工艺安全及其通风,有限空间,.docx,安全标准\GB6514—2023涂装作业安全规程涂漆工艺安全及其通风.docx
GB7692,GB 7692-2012 涂装作业安全规程 涂漆前处理工艺安全及其通风净化,有限空间,.pdf,法律标准\标准\设备设施\涂装作业\GB 7692-2012 涂装作业安全规程 涂漆前处理工艺安全及其通风净化.pdf
GB8958,GB 8958-2006 缺氧危险作业安全规程,有限空间,.pdf,法律标准\标准\受限空间\GB 8958-2006 缺氧危险作业安全规程.pdf
GBT19074,GBT 19074工业通风机 通风机的机械安全装置 护罩,有限空间,.pdf,法律标准\标准\设备设施\机械安全\GBT 19074工业通风机 通风机的机械安全装置 护罩.pdf
GBZT205,GBZT 205-2007 密闭空间作业职业危害防护规范,有限空间,.pdf,法律标准\标准\职业卫生\GBZT 205-2007 密闭空间作业职业危害防护规范.pdf
JB-T8689,JB-T8689-1998通风机振动检测及其限值,有限空间,.pdf,法律标准\标准\设备设施\机械安全\JB-T8689-1998通风机振动检测及其限值.pdf
,01有限空间作业安全责任制度,有限空间,.doc,法律标准\标准\石灰\有限空间管理参考\01有限空间作业安全责任制度.doc
,01有限空间作业安全责任制度,有限空间,.docx,法律标准\标准\石灰\有限空间管理参考\01有限空间作业安全责任制度.docx
,09有限空间应急预案演练方案及过程,有限空间,.doc,应急\2021.3.4应急演练、桌面演练、脚本、记录大全（500项）\2021.3.4应急演练、桌面演练、脚本、记录大全（500项）\应急演练方案、脚本、计划、总结大全\09有限空间应急预案演练方案及过程.doc
,09有限空间应急预案演练方案及过程,有限空间,.docx,应急\2021.3.4应急演练、桌面演练、脚本、记录大全（500项）\2021.3.4应急演练、桌面演练、脚本、记录大全（500项）\应急演练方案、脚本、计划、总结大全\09有限空间应急预案演练方案及过程.docx
,1,有限空间,.docx,法律标准\标准\石灰\有限空间管理参考\1.docx
,1_有限空间作业专家指导服务专题培训（承德）,有限空间,.pptx,新法规\1_有限空间作业专家指导服务专题培训（承德）.pptx
,230426承德市应急管理局关于印发《全市工贸企业进一步深化有限空间作业专家指导服务工作实施方案》的通知,有限空间,.pdf,新法规\230426承德市应急管理局关于印发《全市工贸企业进一步深化有限空间作业专家指导服务工作实施方案》的通知.pdf
,3.21DB13T 5023-2019有限空间作业安全规范,有限空间,.doc,111111\隐患排查依据文本（一）\隐患排查依据文本（一）\法规\3.21DB13T 5023-2019有限空间作业安全规范.doc
,3.21DB13T 5023-2019有限空间作业安全规范,有限空间,.docx,111111\隐患排查依据文本（一）\隐患排查依据文本（一）\法规\3.21DB13T 5023-2019有限空间作业安全规范.docx
,3月3日，河北省应急管理厅研究制定安全措施，督促各地加强有限空间作业安全管理，,有限空间,.docx,法律标准\标准\受限空间\3月3日，河北省应急管理厅研究制定安全措施，督促各地加强有限空间作业安全管理，.docx
,59号令《工贸企业有限空间作业安全管理与监督暂行规定》,有限空间,.doc,法律标准\法律法规\有限空间\59号令《工贸企业有限空间作业安全管理与监督暂行规定》.doc
,59号令《工贸企业有限空间作业安全管理与监督暂行规定》,有限空间,.docx,法律标准\法律法规\有限空间\59号令《工贸企业有限空间作业安全管理与监督暂行规定》.docx
,GB+46768-2025 有限空间作业安全技术规范,有限空间,.pdf,安全标准\GB+46768-2025 有限空间作业安全技术规范.pdf
,GB+46768-2025 有限空间作业安全技术规范(4),有限空间,.docx,安全标准\GB+46768-2025 有限空间作业安全技术规范(4).docx
,GB+46768-2025有限空间作业安全技术规范,有限空间,.pdf,安全标准\GB+46768-2025有限空间作业安全技术规范.pdf
,GB+6514-2023 涂装作业安全规程 涂漆工艺安全及其通风,有限空间,.pdf,安全标准\新建文件夹 (4)\GB+6514-2023 涂装作业安全规程 涂漆工艺安全及其通风.pdf
,GB+6514-2023涂装作业安全规程 涂漆工艺安全及其通风,有限空间,.pdf,安全标准\GB+6514-2023涂装作业安全规程 涂漆工艺安全及其通风.pdf
,GBT+35077-2025机械安全 局部排气通风系统 安全要求,有限空间,.pdf,安全标准\GBT+35077-2025机械安全 局部排气通风系统 安全要求.pdf
,HG 30011-2013 生产区域受限空间作业安全规范,有限空间,.pdf,法律标准\标准\受限空间\HG 30011-2013 生产区域受限空间作业安全规范.pdf
,JB-T+10563-2006一般用途离心通风机技术条件,有限空间,.pdf,法律标准\标准\设备设施\机械安全\JB-T+10563-2006一般用途离心通风机技术条件.pdf
,QSY1242-2009  进入受限空间安全管理规范,有限空间,.pdf,法律标准\标准\中油标准\QSY1242-2009  进入受限空间安全管理规范.pdf
,T_CCAS 014.8-2022 水泥企业安全管理导则 第8部分：水泥工厂有限空间作业安全管理,有限空间,.pdf,参考有限空间\T_CCAS 014.8-2022 水泥企业安全管理导则 第8部分：水泥工厂有限空间作业安全管理.pdf
,XX市XX污水处理厂有限空间（下井）作业操作规程,有限空间,.xdf,法律标准\标准\石灰\有限空间管理参考\XX市XX污水处理厂有限空间（下井）作业操作规程.xdf
,上海水务排水有限空间,有限空间,.pdf,安全标准\上海水务排水有限空间.pdf
,中国石油天然气集团公司进入受限空间作业安全管理办法-安全[2014]86号,有限空间,.doc,法律标准\法律法规\集团规章\中国石油天然气集团公司进入受限空间作业安全管理办法-安全[2014]86号.doc
,中国石油天然气集团公司进入受限空间作业安全管理办法-安全[2014]86号,有限空间,.docx,法律标准\法律法规\集团规章\中国石油天然气集团公司进入受限空间作业安全管理办法-安全[2014]86号.docx
,中国通风换气标准一览,有限空间,.xls,法律标准\标准\设备设施\通风\中国通风换气标准一览.xls
,中毒窒息应急演练方案,有限空间,.doc,应急\2021.3.4应急演练、桌面演练、脚本、记录大全（500项）\2021.3.4应急演练、桌面演练、脚本、记录大全（500项）\应急演练方案、脚本、计划、总结大全\中毒窒息应急演练方案.doc
,中毒窒息应急演练方案,有限空间,.docx,应急\2021.3.4应急演练、桌面演练、脚本、记录大全（500项）\2021.3.4应急演练、桌面演练、脚本、记录大全（500项）\应急演练方案、脚本、计划、总结大全\中毒窒息应急演练方案.docx
,中美有限空间有关标准对比分析,有限空间,.xdf,法律标准\标准\演练\中美有限空间有关标准对比分析.xdf
,企业安全生产基础知识有限空间部分[58页],有限空间,.xdf,法律标准\标准\受限空间\企业安全生产基础知识有限空间部分[58页].xdf
,关于切实做好涉粉尘危害作业场所通风除尘设备检测工作的通知,有限空间,.doc,法律标准\法律法规\职业健康法律法规\关于切实做好涉粉尘危害作业场所通风除尘设备检测工作的通知.doc
,关于切实做好涉粉尘危害作业场所通风除尘设备检测工作的通知,有限空间,.docx,法律标准\法律法规\职业健康法律法规\关于切实做好涉粉尘危害作业场所通风除尘设备检测工作的通知.docx
,关于加强有限空间安全管理提示函,有限空间,.jpg,新文件包\关于加强有限空间安全管理提示函.jpg
,某某企业有限空间作业安全管理制度汇编,有限空间,.docx,法律标准\标准\石灰\有限空间管理参考\某某企业有限空间作业安全管理制度汇编.docx
,受限空间应急演练参考方案,有限空间,.docx,应急\2021.3.4应急演练、桌面演练、脚本、记录大全（500项）\2021.3.4应急演练、桌面演练、脚本、记录大全（500项）\应急演练方案、脚本、计划、总结大全\受限空间应急演练参考方案.docx
,国家安全监管总局办公厅关于进一步加强工商贸企业有限空间作业安全生产工作的通知,有限空间,.doc,法律标准\法律法规\有限空间\国家安全监管总局办公厅关于进一步加强工商贸企业有限空间作业安全生产工作的通知.doc
,国家安全监管总局办公厅关于进一步加强工商贸企业有限空间作业安全生产工作的通知,有限空间,.docx,法律标准\法律法规\有限空间\国家安全监管总局办公厅关于进一步加强工商贸企业有限空间作业安全生产工作的通知.docx
,工业通风换气次数的有关规定及其在评价中的应用,有限空间,.pdf,法律标准\标准\设备设施\通风\工业通风换气次数的有关规定及其在评价中的应用.pdf
,工贸企业有限空间作业安全管理与监督暂行规定(2015修正),有限空间,.pdf,新标准\新增\工贸企业有限空间作业安全管理与监督暂行规定(2015修正).pdf
,工贸重点企业有限空间作业专家指导服务事项讲解-20230509,有限空间,.pptx,新法规\工贸重点企业有限空间作业专家指导服务事项讲解-20230509.pptx
,应急管理部办公厅关于印发有限空间作业安全指导手册、折子页通知,有限空间,.docx,新文件包\应急管理部办公厅关于印发有限空间作业安全指导手册、折子页通知.docx
,应急管理部有限空间4个专题折子页,有限空间,.pdf,安全标准\应急管理部有限空间4个专题折子页.pdf
,新编文档-有限空间作业安全培训-空港1010x-精品文档,有限空间,.ppt,法律标准\标准\石灰\有限空间管理参考\新编文档-有限空间作业安全培训-空港1010x-精品文档.ppt
,有限空间作业事故视频1,有限空间,.mp4,法律标准\标准\法规标准补充\有限空间作业事故视频1.mp4
,有限空间作业安全培训（最终版）2020.6,有限空间,.pptx,法律标准\标准\法规标准补充\有限空间作业安全培训（最终版）2020.6.pptx
,有限空间作业安全指导手册,有限空间,.pdf,安全标准\有限空间作业安全指导手册.pdf
,有限空间作业安全操作规程,有限空间,.doc,法律标准\标准\石灰\有限空间管理参考\有限空间作业安全操作规程.doc
,有限空间作业安全操作规程,有限空间,.docx,法律标准\标准\石灰\有限空间管理参考\有限空间作业安全操作规程.docx
,有限空间作业安全操作规程完整,有限空间,.doc,法律标准\标准\石灰\有限空间管理参考\有限空间作业安全操作规程完整.doc
,有限空间作业安全操作规程完整,有限空间,.docx,法律标准\标准\石灰\有限空间管理参考\有限空间作业安全操作规程完整.docx
,有限空间作业安全生产责任制,有限空间,.docx,法律标准\标准\石灰\有限空间管理参考\有限空间作业安全生产责任制.docx
,有限空间作业安全管理制度,有限空间,.doc,法律标准\标准\石灰\有限空间管理参考\有限空间作业安全管理制度.doc
,有限空间作业安全管理制度,有限空间,.docx,法律标准\标准\石灰\有限空间管理参考\有限空间作业安全管理制度.docx
,有限空间作业安全管理制度,有限空间,.pdf,法律标准\标准\石灰\有限空间管理参考\有限空间作业安全管理制度.pdf
,有限空间作业安全管理制度(新),有限空间,.docx,法律标准\标准\石灰\有限空间管理参考\有限空间作业安全管理制度(新).docx
,有限空间作业安全管理制度参考范本,有限空间,.doc,法律标准\标准\石灰\有限空间管理参考\有限空间作业安全管理制度参考范本.doc
,有限空间作业安全管理制度参考范本,有限空间,.docx,法律标准\标准\石灰\有限空间管理参考\有限空间作业安全管理制度参考范本.docx
,有限空间作业安全讲义,有限空间,.pptx,法律标准\标准\石灰\有限空间管理参考\有限空间作业安全讲义.pptx
,有限空间作业安全责任制度,有限空间,.doc,法律标准\标准\石灰\有限空间管理参考\有限空间作业安全责任制度.doc
,有限空间作业安全责任制度,有限空间,.docx,法律标准\标准\石灰\有限空间管理参考\有限空间作业安全责任制度.docx
,有限空间作业安全责任制度(可参考),有限空间,.doc,法律标准\标准\石灰\有限空间管理参考\有限空间作业安全责任制度(可参考).doc
,有限空间作业安全责任制度(可参考),有限空间,.docx,法律标准\标准\石灰\有限空间管理参考\有限空间作业安全责任制度(可参考).docx
,有限空间作业条件通报,有限空间,.pdf,新文件包\有限空间作业条件通报.pdf
,有限空间安全作业五条规定-安监总局令[2014]69号,有限空间,.docx,法律标准\法律法规\有限空间安全作业五条规定-安监总局令[2014]69号.docx
,有限空间应急预案演练方案及过程,有限空间,.doc,应急\2021.3.4应急演练、桌面演练、脚本、记录大全（500项）\2021.3.4应急演练、桌面演练、脚本、记录大全（500项）\应急演练方案、脚本、计划、总结大全\有限空间应急预案演练方案及过程.doc
,有限空间应急预案演练方案及过程,有限空间,.docx,应急\2021.3.4应急演练、桌面演练、脚本、记录大全（500项）\2021.3.4应急演练、桌面演练、脚本、记录大全（500项）\应急演练方案、脚本、计划、总结大全\有限空间应急预案演练方案及过程.docx
,有限空间应急预案演练方案及过程,有限空间,.doc,应急\2021.3.4应急演练、桌面演练、脚本、记录大全（500项）\2021.3.4应急演练、桌面演练、脚本、记录大全（500项）\应急演练方案、脚本、计划、总结大全\应急演练方案、脚本大全\有限空间应急预案演练方案及过程.doc
,有限空间应急预案演练方案及过程,有限空间,.docx,应急\2021.3.4应急演练、桌面演练、脚本、记录大全（500项）\2021.3.4应急演练、桌面演练、脚本、记录大全（500项）\应急演练方案、脚本、计划、总结大全\应急演练方案、脚本大全\有限空间应急预案演练方案及过程.docx
,有限空间法律法规、技术标准,有限空间,.pdf,法律标准\标准\演练\有限空间法律法规、技术标准.pdf
,有限空间生产安全事故应急演练规范(2),有限空间,.doc,法律标准\法律法规\有限空间生产安全事故应急演练规范(2).doc
,有限空间生产安全事故应急演练规范(2),有限空间,.docx,法律标准\法律法规\有限空间生产安全事故应急演练规范(2).docx
,有限空间管理制度汇编,有限空间,.docx,法律标准\标准\石灰\有限空间管理参考\有限空间管理制度汇编.docx
,有限空间管理台账,有限空间,.doc,法律标准\标准\石灰\有限空间管理台账.doc
,有限空间管理台账,有限空间,.docx,法律标准\标准\石灰\有限空间管理台账.docx
,某公司污水厂有限空间风险辨识台账,有限空间,.xdf,法律标准\标准\石灰\有限空间管理参考\某公司污水厂有限空间风险辨识台账.xdf
,污水厂有限空间作业安全培训_图文,有限空间,.xdf,法律标准\标准\污水\污水厂有限空间作业安全培训_图文.xdf
,河北省住房和城乡建设厅关于加强有限空间作业安全管理的紧急通知,有限空间,.docx,安全标准\河北省住房和城乡建设厅关于加强有限空间作业安全管理的紧急通知.docx
,河北省卫生健康委办公室关于印发《医疗卫生机构有限空间目录》的通知冀卫办函〔2021〕12号,有限空间,.doc,参考有限空间\河北省卫生健康委办公室关于印发《医疗卫生机构有限空间目录》的通知冀卫办函〔2021〕12号.doc
,河北省卫生健康委办公室关于印发《医疗卫生机构有限空间目录》的通知冀卫办函〔2021〕12号,有限空间,.docx,参考有限空间\河北省卫生健康委办公室关于印发《医疗卫生机构有限空间目录》的通知冀卫办函〔2021〕12号.docx
,河北省有限空间作业安全管理规定政府令〔2020〕第 4 号,有限空间,.docx,新文件包\河北省有限空间作业安全管理规定政府令〔2020〕第 4 号.docx
,河北省有限空间作业安全管理规定解读,有限空间,.docx,安全标准\河北省有限空间作业安全管理规定解读.docx
,河北省有限空间作业安全管理规定（征求意见稿）,有限空间,.docx,新文件包\河北省有限空间作业安全管理规定（征求意见稿）.docx
,电厂有限空间作业安全管理制度,有限空间,.doc,法律标准\标准\石灰\有限空间管理参考\电厂有限空间作业安全管理制度.doc
,电厂有限空间作业安全管理制度,有限空间,.docx,法律标准\标准\石灰\有限空间管理参考\电厂有限空间作业安全管理制度.docx
,通风,有限空间,.doc,法律标准\标准\设备设施\通风\通风.doc
,通风,有限空间,.docx,法律标准\标准\设备设施\通风\通风.docx
,附件：市城管局关于有限空间作业整治推进方案,有限空间,.pdf,新文件包\附件：市城管局关于有限空间作业整治推进方案.PDF
,（冀安委办〔2019〕49号）河北省有限空间作业指导手册（附件）,有限空间,.doc,111111\隐患排查依据文本（一）\隐患排查依据文本（一）\法规\（冀安委办〔2019〕49号）河北省有限空间作业指导手册（附件）.doc
,（冀安委办〔2019〕49号）河北省有限空间作业指导手册（附件）,有限空间,.docx,111111\隐患排查依据文本（一）\隐患排查依据文本（一）\法规\（冀安委办〔2019〕49号）河北省有限空间作业指导手册（附件）.docx
AQ4242,AQ 4242-2015 纺织业防尘防毒技术规范,机械安全,.doc,法律标准\标准\纺织机械\AQ 4242-2015 纺织业防尘防毒技术规范.doc
AQ4242,AQ 4242-2015 纺织业防尘防毒技术规范,机械安全,.docx,法律标准\标准\纺织机械\AQ 4242-2015 纺织业防尘防毒技术规范.docx
AQ7001,AQ 7001-2007 机械压力机安全使用要求,机械安全,.doc,111111\隐患排查依据文本（一）\隐患排查依据文本（一）\法规\AQ 7001-2007 机械压力机安全使用要求.doc
AQ7001,AQ 7001-2007 机械压力机安全使用要求,机械安全,.docx,111111\隐患排查依据文本（一）\隐患排查依据文本（一）\法规\AQ 7001-2007 机械压力机安全使用要求.docx
AQ7001,AQ 7001-2007 机械压力机安全使用要求,机械安全,.pdf,111111\隐患排查依据文本（二）\隐患排查依据文本（二）\AQ 7001-2007 机械压力机安全使用要求.pdf
AQ7001,AQ 7001-2007 机械压力机安全使用要求,机械安全,.pdf,安全标准\AQ 7001-2007 机械压力机安全使用要求.pdf
AQ7002,AQ 7002-2007 纺织工业企业安全管理规范,机械安全,.pdf,法律标准\标准\纺织机械\AQ 7002-2007 纺织工业企业安全管理规范.pdf
AQ7002,AQ 7002-2007纺织工业企业安全管理规范,机械安全,.doc,法律标准\标准\纺织机械\AQ 7002-2007纺织工业企业安全管理规范.doc
AQ7002,AQ 7002-2007纺织工业企业安全管理规范,机械安全,.docx,法律标准\标准\纺织机械\AQ 7002-2007纺织工业企业安全管理规范.docx
AQ7003,AQ 7003-2007棉纺织企业安全生产规程,机械安全,.doc,法律标准\标准\纺织机械\AQ 7003-2007棉纺织企业安全生产规程.doc
AQ7003,AQ 7003-2007棉纺织企业安全生产规程,机械安全,.docx,法律标准\标准\纺织机械\AQ 7003-2007棉纺织企业安全生产规程.docx
AQ7005,AQ 7005-2008 木工机械 安全使用要求(送审稿),机械安全,.pdf,安全标准\AQ 7005-2008 木工机械 安全使用要求(送审稿).pdf
AQ7005,AQ 7005-2008 木工机械 安全使用要求(送审稿),机械安全,.rar,新标准\木工标准\AQ 7005-2008 木工机械 安全使用要求(送审稿).rar
AQ7005,AQ 7005-2008木工机械 安全使用要求,机械安全,.xdf,法律标准\标准\木材加工\AQ 7005-2008木工机械 安全使用要求.xdf
AQ7005,AQ7005-2008 木工机械 安全使用要求,机械安全,.pdf,111111\隐患排查依据文本（一）\隐患排查依据文本（一）\法规\AQ7005-2008 木工机械 安全使用要求.pdf
AQ7005,AQ7005-2008 木工机械 安全使用要求,机械安全,.pdf,新标准\木工标准\AQ7005-2008 木工机械 安全使用要求.pdf
AQ7005,AQ7005-2008 木工机械 安全使用要求,机械安全,.rtf,新标准\木工标准\AQ7005-2008 木工机械 安全使用要求.rtf
AQ7005,AQ7005-2008 木工机械 安全使用要求,机械安全,.rtf,法律标准\标准\木材加工\AQ7005-2008 木工机械 安全使用要求.rtf
AQ7009,AQ7009-2013机械制造企业安全生产标准化规范,机械安全,.doc,新标准\AQ7009-2013机械制造企业安全生产标准化规范.doc
AQ7009,AQ7009-2013机械制造企业安全生产标准化规范,机械安全,.docx,新标准\AQ7009-2013机械制造企业安全生产标准化规范.docx
AQT-7009,AQT-7009—2013机械制造企业安全生产标准化规范,机械安全,.docx,法律标准\标准\AQT-7009—2013机械制造企业安全生产标准化规范.docx
AQT7009,AQ T7009-2013 机械制造企业安全生产标准化规范,机械安全,.pdf,法律标准\标准\安全管理\AQ T7009-2013 机械制造企业安全生产标准化规范.pdf
AQT7009,AQT7009-2013-机械制造企业安全生产标准化规范,机械安全,.doc,法律标准\标准\新建文件夹\AQT7009-2013-机械制造企业安全生产标准化规范.doc
AQT7009,AQT7009-2013-机械制造企业安全生产标准化规范,机械安全,.docx,法律标准\标准\新建文件夹\AQT7009-2013-机械制造企业安全生产标准化规范.docx
DB11,DB11∕T 1322.1-2017 安全生产等级评定技术规范 第1部分：总则,机械安全,.pdf,新标准\木工标准\DB11∕T 1322.1-2017 安全生产等级评定技术规范 第1部分：总则.pdf
DB12,DB12∕T 724.10-2021 安全生产等级评定技术规范 第10部分：木材加工企业,机械安全,.pdf,新标准\木工标准\DB12∕T 724.10-2021 安全生产等级评定技术规范 第10部分：木材加工企业.pdf
DB12,DB12∕T 724.13-2017 安全生产等级评定技术规范 第13部分：机械制造企业,机械安全,.rar,法律标准\法律法规\培训\天津所用法规\天津标准\DB12∕T 724.13-2017 安全生产等级评定技术规范 第13部分：机械制造企业.rar
DB13,DB13∕T 2510.13-2017 安全生产等级评定技术规范 第13部分：机械制造企业,机械安全,.pdf,新标准\DB13∕T 2510.13-2017 安全生产等级评定技术规范 第13部分：机械制造企业.pdf
DB13,DB13∕T 5337-2021 锻造机械安全操作规程,机械安全,.pdf,新标准\冶金首鼎标准\DB13∕T 5337-2021 锻造机械安全操作规程.pdf
DB13,DB13∕T 5338-2021 金属切削机械安全操作规程,机械安全,.pdf,111111\隐患排查依据文本（二）\隐患排查依据文本（二）\DB13∕T 5338-2021 金属切削机械安全操作规程.pdf
DB13,DB13∕T 5338-2021 金属切削机械安全操作规程,机械安全,.pdf,新标准\DB13∕T 5338-2021 金属切削机械安全操作规程.pdf
DB22,DB22∕T 25-2014 贮木场作业安全技术规程,机械安全,.rar,新标准\木工标准\DB22∕T 25-2014 贮木场作业安全技术规程.rar
DB22,DB22∕T 28-2013 木器加工安全技术规程,机械安全,.rar,新标准\木工标准\DB22∕T 28-2013 木器加工安全技术规程.rar
DB23,DB23∕T 2573-2020 木工设备收尘罩安全技术规范,机械安全,.pdf,新标准\木工标准\DB23∕T 2573-2020 木工设备收尘罩安全技术规范.pdf
DB33,DB33T 2058-2017 木制品制造企业安全生产基本要求,机械安全,.rar,新标准\木工标准\DB33T 2058-2017 木制品制造企业安全生产基本要求.rar
DB37,DB37∕T 3169-2018 纸面石膏板企业生产安全事故隐患排查治理体系实施指南,机械安全,.pdf,石膏机械\DB37∕T 3169-2018 纸面石膏板企业生产安全事故隐患排查治理体系实施指南.pdf
DLT744,DLT 744-2012 电动机保护装置通用技术条件,机械安全,.pdf,法律标准\标准\设备设施\机械安全\DLT 744-2012 电动机保护装置通用技术条件.pdf
GB-T13573,GB-T 13573-1992木工圆锯片,机械安全,.xdf,新标准\木工标准\GB-T 13573-1992木工圆锯片.xdf
GB-T15706.1,GB-T 15706.1-2007 机械安全 基本概念与设计通则 第1部分：基本术语和方法,机械安全,.pdf,法律标准\标准\设备设施\机械安全\GB-T 15706.1-2007 机械安全 基本概念与设计通则 第1部分：基本术语和方法.pdf
GB-T8196,GB-T8196-2018机械安全防护装置固定式和活动式防护装置的设计与制造一般要求,机械安全,.pdf,111111\GB-T8196-2018机械安全防护装置固定式和活动式防护装置的设计与制造一般要求.pdf
GB10959,GB 10959-2005 木工机床 带移动工作台锯板机 术语和精度,机械安全,.xdf,新标准\木工标准\GB 10959-2005 木工机床 带移动工作台锯板机 术语和精度.xdf
GB11291.1,GB 11291.1-2011 工业环境用机器人 安全要求 第1部分：机器人,机械安全,.pdf,法律标准\标准\设备设施\机械安全\GB 11291.1-2011 工业环境用机器人 安全要求 第1部分：机器人.pdf
GB11291.2,GB11291.2-2013 机器人与机器人装备 工业机器人的安全要求 第2部分：机械人系统与集成,机械安全,.pdf,111111\隐患排查依据文本（一）\隐患排查依据文本（一）\法规\GB11291.2-2013 机器人与机器人装备 工业机器人的安全要求 第2部分：机械人系统与集成.pdf
GB11291.2,GB11291.2-2013 机器人与机器人装备 工业机器人的安全要求 第2部分：机械人系统与集成,机械安全,.pdf,安全标准\GB11291.2-2013 机器人与机器人装备 工业机器人的安全要求 第2部分：机械人系统与集成.pdf
GB11341,GB 11341-2008 悬挂输送机安全规程,机械安全,.pdf,法律标准\标准\设备设施\普通机床\GB 11341-2008 悬挂输送机安全规程.pdf
GB12265,机械防护安全距离GB12265-1990(废止）,机械安全,.doc,法律标准\标准\矿山标准\机械防护安全距离GB12265-1990(废止）.doc
GB12265,机械防护安全距离GB12265-1990(废止）,机械安全,.docx,法律标准\标准\矿山标准\机械防护安全距离GB12265-1990(废止）.docx
GB12265.3,GB 12265.3-1997 机械安全 避免人体各部位挤压的最小间距,机械安全,.pdf,法律标准\标准\设备设施\机械安全\GB 12265.3-1997 机械安全 避免人体各部位挤压的最小间距.pdf
GB12266,GB 12266-1990 机械加工设备一般安全要求,机械安全,.pdf,法律标准\标准\设备设施\普通机床\GB 12266-1990 机械加工设备一般安全要求.pdf
GB12299,GB 12299-90 机械工设备危险有害因素分类（已作废）,机械安全,.pdf,法律标准\标准\设备设施\机械安全\GB 12299-90 机械工设备危险有害因素分类（已作废）.pdf
GB12557,GB 12557-2000 木工机床安全通则,机械安全,.rar,新标准\木工标准\GB 12557-2000 木工机床安全通则.rar
GB12557,GB 12557-2010 木工机床 安全通则,机械安全,.pdf,111111\隐患排查依据文本（一）\隐患排查依据文本（一）\法规\GB 12557-2010 木工机床 安全通则.pdf
GB12557,GB 12557-2010 木工机床 安全通则,机械安全,.pdf,木加工\GB 12557-2010 木工机床 安全通则.pdf
GB12557,GB 12557-2010 木工机床 安全通则,机械安全,.xdf,法律标准\标准\木材加工\GB 12557-2010 木工机床 安全通则.xdf
GB13567,GB 13567-1998 电火花加工机床 安全防护技术要求,机械安全,.rar,新标准\GB 13567-1998 电火花加工机床 安全防护技术要求.rar
GB13567,GB 13567-1998 电火花加工机床 安全防护技术要求,机械安全,.pdf,新标准\GB 13567-1998 电火花加工机床 安全防护技术要求\GB 13567-1998 电火花加工机床 安全防护技术要求.pdf
GB13567,GB 13567-1998 电火花加工机床 安全防护技术要求,机械安全,.pdf,法律标准\标准\设备设施\普通机床\GB 13567-1998 电火花加工机床 安全防护技术要求.pdf
GB13887,GB 13887-2008 冷冲压安全规程,机械安全,.pdf,111111\隐患排查依据文本（二）\隐患排查依据文本（二）\GB 13887-2008 冷冲压安全规程.pdf
GB13887,GB 13887-2008 冷冲压安全规程,机械安全,.pdf,法律标准\标准\设备设施\普通机床\GB 13887-2008 冷冲压安全规程.pdf
GB14711,GB14711-2013中小型旋转电机通用安全要求,机械安全,.pdf,法律标准\标准\设备设施\机械安全\GB14711-2013中小型旋转电机通用安全要求.pdf
GB15606,GB 15606-2008 木工(材)车间安全生产通则,机械安全,.pdf,111111\隐患排查依据文本（一）\隐患排查依据文本（一）\法规\GB 15606-2008 木工(材)车间安全生产通则.pdf
GB15606,GB 15606-2008 木工(材)车间安全生产通则,机械安全,.pdf,新标准\木工标准\GB 15606-2008 木工(材)车间安全生产通则.pdf
GB15606,GB 15606-2008 木工(材)车间安全生产通则,机械安全,.rar,新标准\木工标准\GB 15606-2008 木工(材)车间安全生产通则.rar
GB15606,GB 15606-2008 木工(材)车间安全生产通则,机械安全,.rtf,新标准\木工标准\GB 15606-2008 木工(材)车间安全生产通则.rtf
GB15606,GB 15606-2008 木工(材)车间安全生产通则,机械安全,.pdf,木加工\GB 15606-2008 木工(材)车间安全生产通则.pdf
GB15606,GB 15606-2008 木工(材)车间安全生产通则,机械安全,.rtf,法律标准\标准\木材加工\GB 15606-2008 木工(材)车间安全生产通则.rtf
GB15706.2,GB15706.2-2007机械安全基本概念与设计通则第2部分技术原则,机械安全,.pdf,法律标准\标准\设备设施\机械安全\GB15706.2-2007机械安全基本概念与设计通则第2部分技术原则.pdf
GB15760,GB 15760-2004 金属切削机床 安全防护通用技术条件,机械安全,.pdf,111111\隐患排查依据文本（一）\隐患排查依据文本（一）\法规\GB 15760-2004 金属切削机床 安全防护通用技术条件.pdf
GB15760,GB 15760-2004 金属切削机床 安全防护通用技术条件,机械安全,.pdf,法律标准\标准\设备设施\普通机床\GB 15760-2004 金属切削机床 安全防护通用技术条件.pdf
GB15760,GB 15760-2025 金属切削机床 安全防护通用技术规范,机械安全,.pdf,安全标准\2025\GB 15760-2025 金属切削机床 安全防护通用技术规范.pdf
GB15760,《 金属切削机床 安全防护通用技术规范》（GB 15760-2025）,机械安全,.pdf,安全标准\《 金属切削机床 安全防护通用技术规范》（GB 15760-2025）.pdf
GB16754,GB 16754-2008 机械安全急停设计原则,机械安全,.pdf,法律标准\标准\设备设施\机械安全\GB 16754-2008 机械安全急停设计原则.pdf
GB16798,GB 16798-1997 食品机械安全卫生.pdf,机械安全,.pdf,新标准\GB 16798-1997 食品机械安全卫生.pdf.pdf
GB16798,GB16798-2023 食品机械安全要求 2024.4.1,机械安全,.pdf,标准（2024.3.3下载）\GB16798-2023 食品机械安全要求 2024.4.1.pdf
GB17120,GB 17120-2012 锻压机械 安全技术条件,机械安全,.pdf,法律标准\标准\设备设施\普通机床\GB 17120-2012 锻压机械 安全技术条件.pdf
GB17120,GB 17120-2025 锻压机械 安全技术规范,机械安全,.pdf,安全标准\GB 17120-2025 锻压机械 安全技术规范.pdf
GB17584,GB 17584-1998 牛头刨床安全防护技术要求,机械安全,.pdf,法律标准\标准\设备设施\普通机床\GB 17584-1998 牛头刨床安全防护技术要求.pdf
GB17585,GB 17585-1998 插床安全防护技术要求（废止，无替代））,机械安全,.rar,法律标准\标准\设备设施\普通机床\GB 17585-1998 插床安全防护技术要求（废止，无替代））.rar
GB17586,GB 17586-1998 拉床安全防护技术要求(废止，无替代）,机械安全,.rar,法律标准\标准\设备设施\普通机床\GB 17586-1998 拉床安全防护技术要求(废止，无替代）.rar
GB17888.1,GB 17888.1-2008 机械安全进入机械的固定设施第1部分：进入两级平面之间的固定设施的选择,机械安全,.pdf,法律标准\标准\设备设施\机械安全\GB 17888.1-2008 机械安全进入机械的固定设施第1部分：进入两级平面之间的固定设施的选择.pdf
GB17888.2,GB 17888.2-2008 机械安全 进入机械的固定设施 第2部分：工作平台和通道,机械安全,.pdf,法律标准\标准\设备设施\机械安全\GB 17888.2-2008 机械安全 进入机械的固定设施 第2部分：工作平台和通道.pdf
GB17888.3,GB 17888.3-2008 机械安全 进入机械的固定设施 第三部分,机械安全,.pdf,法律标准\标准\设备设施\机械安全\GB 17888.3-2008 机械安全 进入机械的固定设施 第三部分.pdf
GB17888.3,GB 17888.3-2008 机械安全进入机械的固定设施第3部分：楼梯、阶梯和护栏,机械安全,.pdf,法律标准\标准\设备设施\机械安全\GB 17888.3-2008 机械安全进入机械的固定设施第3部分：楼梯、阶梯和护栏.pdf
GB17888.4,GB 17888.4-2008 机械安全进入机械的固定设施第4部分：固定式直梯,机械安全,.pdf,法律标准\标准\设备设施\机械安全\GB 17888.4-2008 机械安全进入机械的固定设施第4部分：固定式直梯.pdf
GB17888.4,GB17888.4-2008 机械安全 进入机械的固定设施 第4部分∶固定式直梯,机械安全,.pdf,法律标准\标准\设备设施\机械安全\GB17888.4-2008 机械安全 进入机械的固定设施 第4部分∶固定式直梯.pdf
GB17907,机械式停车设备 通用安全要求GB 17907-2010,机械安全,.xdf,法律标准\标准\升降机\机械式停车设备 通用安全要求GB 17907-2010.xdf
GB17957,GB 17957-2005 凿岩机械与气动工具 安全要求,机械安全,.pdf,法律标准\标准\设备设施\电风梯平台\GB 17957-2005 凿岩机械与气动工具 安全要求.pdf
GB18080.1,GB 18080.1-2012 纺织业卫生防护距离 第1部分：：棉、化纤纺织及印染精加工业,机械安全,.pdf,法律标准\标准\纺织机械\GB 18080.1-2012 纺织业卫生防护距离 第1部分：：棉、化纤纺织及印染精加工业.pdf
GB18209.2,GB 18209.2-2000 机械安全 指示、标志和操作 第2部分：标志要求,机械安全,.pdf,法律标准\标准\设备设施\机械安全\GB 18209.2-2000 机械安全 指示、标志和操作 第2部分：标志要求.pdf
GB18490,GB 18490-2001 激光加工机械 安全要求,机械安全,.pdf,111111\隐患排查依据文本（一）\隐患排查依据文本（一）\法规\GB 18490-2001 激光加工机械 安全要求.pdf
GB18490,GB 18490-2001 激光加工机械 安全要求,机械安全,.doc,法律标准\标准\设备设施\其他\GB 18490-2001 激光加工机械 安全要求.doc
GB18490,GB 18490-2001 激光加工机械 安全要求,机械安全,.docx,法律标准\标准\设备设施\其他\GB 18490-2001 激光加工机械 安全要求.docx
GB18568,GB 18568-2001 加工中心安全防护技术条件,机械安全,.pdf,法律标准\标准\设备设施\普通机床\GB 18568-2001 加工中心安全防护技术条件.pdf
GB18955,GB 18955-2003 木工刀具安全 铣刀、圆锯片,机械安全,.rar,新标准\木工标准\GB 18955-2003 木工刀具安全 铣刀、圆锯片.rar
GB18956,GB 18956-2003木工机床安全 平压两用刨床,机械安全,.rar,新标准\木工标准\GB 18956-2003木工机床安全 平压两用刨床.rar
GB19999,GB 19999-2005 木工机床安全四面铣床和四面刨床,机械安全,.rar,新标准\木工标准\GB 19999-2005 木工机床安全四面铣床和四面刨床.rar
GB20179,GB 20179-2006 木工机床安全 手动进给圆锯机和带移动工作台锯板机,机械安全,.rar,新标准\GB 20179-2006 木工机床安全 手动进给圆锯机和带移动工作台锯板机.rar
GB20179,GB 20179-2006 木工机床安全 手动进给圆锯机和带移动工作台锯板机,机械安全,.pdf,新标准\GB 20179-2006 木工机床安全 手动进给圆锯机和带移动工作台锯板机\GB 20179-2006 木工机床安全 手动进给圆锯机和带移动工作台锯板机.pdf
GB20179,GB 20179-2006 木工机床安全 手动进给圆锯机和带移动工作台锯板机,机械安全,.xdf,新标准\木工标准\GB 20179-2006 木工机床安全 手动进给圆锯机和带移动工作台锯板机.xdf
GB20905,GB 20905-2007 铸造机械 安全要求,机械安全,.pdf,111111\隐患排查依据文本（一）\隐患排查依据文本（一）\标准\GB 20905-2007 铸造机械 安全要求.pdf
GB20905,GB 20905-2007 铸造机械 安全要求,机械安全,.pdf,法律标准\标准\设备设施\普通机床\GB 20905-2007 铸造机械 安全要求.pdf
GB20905,GB 20905-2025 铸造机械 安全要求,机械安全,.pdf,111111\GB 20905-2025 铸造机械 安全要求.pdf
GB20905,GB20905-2007铸造机械安全要求,机械安全,.xdf,法律标准\标准\钢铁\GB20905-2007铸造机械安全要求.xdf
GB20906,GB 20906-2007 压铸单元安全技术要求,机械安全,.pdf,法律标准\标准\设备设施\普通机床\GB 20906-2007 压铸单元安全技术要求.pdf
GB21501,GB 21501-2008  冲天炉与冲天炉加料机 安全要求,机械安全,.pdf,法律标准\标准\设备设施\普通机床\GB 21501-2008  冲天炉与冲天炉加料机 安全要求.pdf
GB22207,GB 22207-2008 容积式空气压缩机 安全要求,机械安全,.pdf,法律标准\标准\设备设施\普通机床\GB 22207-2008 容积式空气压缩机 安全要求.PDF
GB22659,GB 22659-2008 木工机床安全数控钻床和数控镂铣机,机械安全,.rar,新标准\GB 22659-2008 木工机床安全数控钻床和数控镂铣机.rar
GB22659,GB 22659-2008 木工机床安全数控钻床和数控镂铣机,机械安全,.pdf,新标准\GB 22659-2008 木工机床安全数控钻床和数控镂铣机\GB 22659-2008 木工机床安全数控钻床和数控镂铣机.pdf
GB22997,GB 22997-2008 机床安全 小规格数控车床与车削中心,机械安全,.pdf,法律标准\标准\设备设施\普通机床\GB 22997-2008 机床安全 小规格数控车床与车削中心.pdf
GB23821,GB 23821-2009 机械安全 防止上下肢触及危险区的安全距离,机械安全,.pdf,法律标准\标准\设备设施\机械安全\GB 23821-2009 机械安全 防止上下肢触及危险区的安全距离.pdf
GB24384,GB 24384-2009 外圆磨床 安全防护技术条件,机械安全,.pdf,法律标准\标准\设备设施\普通机床\GB 24384-2009 外圆磨床 安全防护技术条件.pdf
GB24385,GB 24385-2009 卧轴矩台平面磨床 安全防护技术条件,机械安全,.pdf,法律标准\标准\设备设施\普通机床\GB 24385-2009 卧轴矩台平面磨床 安全防护技术条件.pdf
GB24386,GB 24386-2009 磨齿机 安全防护技术条件,机械安全,.pdf,法律标准\标准\设备设施\普通机床\GB 24386-2009 磨齿机 安全防护技术条件.pdf
GB24391,GB 24391-2009 低压铸造机 安全要求,机械安全,.pdf,法律标准\标准\设备设施\普通机床\GB 24391-2009 低压铸造机 安全要求.pdf
GB25684.2,GB 25684.2-2010 土方机械 安全 第2部分：推土机的要求,机械安全,.pdf,法律标准\标准\设备设施\建筑\GB 25684.2-2010 土方机械 安全 第2部分：推土机的要求.pdf
GB28244,GB 28244-2012 自动锻压机 安全技术要求,机械安全,.pdf,法律标准\标准\设备设施\机械安全\GB 28244-2012 自动锻压机 安全技术要求.pdf
GB30459,GB 30459-2013 木工机床安全 平刨床,机械安全,.rar,新标准\木工标准\GB 30459-2013 木工机床安全 平刨床.rar
GB30460,GB 30460-2013 木工机床安全 单面压刨床,机械安全,.rar,新标准\木工标准\GB 30460-2013 木工机床安全 单面压刨床.rar
GB30461,GB 30461-2013 木工机床安全 带锯机,机械安全,.rar,新标准\木工标准\GB 30461-2013 木工机床安全 带锯机.rar
GB4674,GB 4674-2009 磨削机械安全规程,机械安全,.pdf,法律标准\标准\设备设施\普通机床\GB 4674-2009 磨削机械安全规程.pdf
GB46772,GB 46772-2025 包装机械安全要求,机械安全,.pdf,安全标准\2025\GB 46772-2025 包装机械安全要求.pdf
GB50377,GB 50377-2006 选矿机械设备工程安装验收规范,机械安全,.pdf,法律标准\标准\设备设施\其他\GB 50377-2006 选矿机械设备工程安装验收规范.pdf
GB50477,GB 50477-2009纺织工业企业职业安全卫生设计规范+附条文说明,机械安全,.pdf,法律标准\标准\纺织机械\GB 50477-2009纺织工业企业职业安全卫生设计规范+附条文说明.pdf
GB50499,GB 50499-2009 麻纺织工厂设计规范,机械安全,.pdf,法律标准\标准\纺织机械\GB 50499-2009 麻纺织工厂设计规范.PDF
GB50906,GB 50906-2013 机械工业厂房结构设计规范,机械安全,.rar,新标准\电力线路\GB 50906-2013 机械工业厂房结构设计规范.rar
GB5091,GB 5091-2011 压力机用安全防护装置技术要求,机械安全,.pdf,法律标准\标准\设备设施\普通机床\GB 5091-2011 压力机用安全防护装置技术要求.pdf
GB51155,GB 51155-2016 机械工程建设项目职业安全卫生设计规范,机械安全,.rar,补充标准\GB 51155-2016 机械工程建设项目职业安全卫生设计规范.rar
GB51155,GB 51155-2016 机械工程建设项目职业安全卫生设计规范,机械安全,.pdf,补充标准\GB 51155-2016 机械工程建设项目职业安全卫生设计规范\GB 51155-2016 机械工程建设项目职业安全卫生设计规范.pdf
GB6077,GB 6077-1985 剪切机械安全规程,机械安全,.xdf,法律标准\标准\污水\GB 6077-1985 剪切机械安全规程.xdf
GB8176,GB 8176-2012 冲压车间安全生产通则,机械安全,.pdf,111111\隐患排查依据文本（二）\隐患排查依据文本（二）\GB 8176-2012 冲压车间安全生产通则.pdf
GB8176,GB 8176-2012 冲压车间安全生产通则,机械安全,.pdf,法律标准\标准\设备设施\其他\GB 8176-2012 冲压车间安全生产通则.pdf
GBT10171,GBT 10171-2016 建筑施工机械与设备 混凝土搅拌站(楼),机械安全,.rar,法律标准\标准\水泥\GBT 10171-2016 建筑施工机械与设备 混凝土搅拌站(楼).rar
GBT10171,GBT 10171-2016 建筑施工机械与设备 混凝土搅拌站(楼),机械安全,.pdf,法律标准\标准\设备设施\建筑\GBT 10171-2016 建筑施工机械与设备 混凝土搅拌站(楼).pdf
GBT14253,GBT 14253-2008 轻工机械通用技术条件,机械安全,.pdf,新标准\制罐标准\GBT 14253-2008 轻工机械通用技术条件.pdf
GBT14384,GBT 14384-2010 木工机床 通用技术条件,机械安全,.pdf,新标准\木工标准\GBT 14384-2010 木工机床 通用技术条件.pdf
GBT14384,GBT 14384-2010 木工机床 通用技术条件,机械安全,.rar,新标准\木工标准\GBT 14384-2010 木工机床 通用技术条件.rar
GBT14384,GBT 14384-2010 木工机床 通用技术条件,机械安全,.xdf,新标准\木工标准\GBT 14384-2010 木工机床 通用技术条件.xdf
GBT15706,GBT 15706-2012 机械安全 设计通则 风险评估与风险减小,机械安全,.pdf,法律标准\标准\设备设施\机械安全\GBT 15706-2012 机械安全 设计通则 风险评估与风险减小.PDF
GBT16754,GBT16754-2021 机械安全急停功能设计原则,机械安全,.pdf,111111\GBT16754-2021 机械安全急停功能设计原则.pdf
GBT16855,GBT 16855-1-2008 机械安全 控制系统相关安全部件 第一部分 设计通则ok,机械安全,.pdf,法律标准\标准\污水\GBT 16855-1-2008 机械安全 控制系统相关安全部件 第一部分 设计通则ok.pdf
GBT16855.1,GBT 16855.1-2008 机械安全控制系统有关安全部件第1部分设计通则,机械安全,.pdf,法律标准\标准\设备设施\机械安全\GBT 16855.1-2008 机械安全控制系统有关安全部件第1部分设计通则.pdf
GBT16855.2,GBT 16855.2-2007 机械安全 控制系统有关安全部件 第2部分：确认,机械安全,.pdf,法律标准\标准\设备设施\机械安全\GBT 16855.2-2007 机械安全 控制系统有关安全部件 第2部分：确认.pdf
GBT16855.2,GBT 16855.2-2015 机械安全 控制系统安全相关部件 第2部分：确认,机械安全,.pdf,法律标准\标准\设备设施\机械安全\GBT 16855.2-2015 机械安全 控制系统安全相关部件 第2部分：确认.pdf
GBT16856,GBT16856-2015机械安全风险评估实施指南和方法举例国家标准,机械安全,.pdf,安全标准\GBT16856-2015机械安全风险评估实施指南和方法举例国家标准.pdf
GBT16856,深度解析(2026)《GBT 16856-2015机械安全 风险评估 实施指南和方法举例》,机械安全,.pdf,安全标准\深度解析(2026)《GBT 16856-2015机械安全 风险评估 实施指南和方法举例》.pdf
GBT16856.1,GBT 16856.1-2008 机械安全 风险评价第1部分 原则,机械安全,.pdf,法律标准\标准\设备设施\机械安全\GBT 16856.1-2008 机械安全 风险评价第1部分 原则.pdf
GBT16856.2,GBT 16856.2-2008 机械安全 风险评价 第2部分实施指南和方法举例,机械安全,.pdf,法律标准\标准\设备设施\机械安全\GBT 16856.2-2008 机械安全 风险评价 第2部分实施指南和方法举例.pdf
GBT17780,GBT 17780-1999 纺织机械安全要求.pdf,机械安全,.pdf,法律标准\标准\纺织机械\GBT 17780-1999 纺织机械安全要求.pdf.pdf
GBT17780.1,GBT 17780.1-2012 纺织机械 安全要求 第1部分：通用要求.pdf,机械安全,.pdf,法律标准\标准\纺织机械\GBT 17780.1-2012 纺织机械 安全要求 第1部分：通用要求.pdf.pdf
GBT17780.2,GBT 17780.2-2012 纺织机械 安全要求 第2部分：纺纱准备和纺纱机械.pdf,机械安全,.pdf,法律标准\标准\纺织机械\GBT 17780.2-2012 纺织机械 安全要求 第2部分：纺纱准备和纺纱机械.pdf.pdf
GBT17780.3,GBT 17780.3-2012 纺织机械 安全要求 第3部分非织造布机械.pdf,机械安全,.pdf,法律标准\标准\纺织机械\GBT 17780.3-2012 纺织机械 安全要求 第3部分非织造布机械.pdf.pdf
GBT17780.4,GBT 17780.4-2012 纺织机械 安全要求 第4部分：纱线和绳索加工机械.pdf,机械安全,.pdf,法律标准\标准\纺织机械\GBT 17780.4-2012 纺织机械 安全要求 第4部分：纱线和绳索加工机械.pdf.pdf
GBT17780.5,GBT 17780.5-2012 纺织机械 安全要求 第5部分：机织和针织准备机械.pdf,机械安全,.pdf,法律标准\标准\纺织机械\GBT 17780.5-2012 纺织机械 安全要求 第5部分：机织和针织准备机械.pdf.pdf
GBT18514,GBT 18514-2018 人造板机械安全通则,机械安全,.pdf,111111\GB∕T 18514-2018 人造板机械安全通则\GBT 18514-2018 人造板机械安全通则.pdf
GBT18515,GBT 18515-2001 旋切机结构安全,机械安全,.rar,新标准\木工标准\GBT 18515-2001 旋切机结构安全.rar
GBT19670,GBT 19670-2005 机械安全防止意外启动,机械安全,.pdf,法律标准\标准\设备设施\机械安全\GBT 19670-2005 机械安全防止意外启动.pdf
GBT20850,GBT 20850-2007 机械安全 机械安全标准的理解和使用指南,机械安全,.pdf,法律标准\标准\设备设施\机械安全\GBT 20850-2007 机械安全 机械安全标准的理解和使用指南.pdf
GBT20850,GBT 20850-2014 机械安全 机械安全标准的理解和使用指南,机械安全,.rar,法律标准\标准\安全管理\GBT 20850-2014 机械安全 机械安全标准的理解和使用指南.rar
GBT20867,GBT 20867-2007 工业机器人 安全实施规范,机械安全,.pdf,法律标准\标准\设备设施\机械安全\GBT 20867-2007 工业机器人 安全实施规范.pdf
GBT23821,GBT 23821-2022 机械安全 防止上下肢触及危险区的安全距离,机械安全,.pdf,安全标准\GBT 23821-2022 机械安全 防止上下肢触及危险区的安全距离.pdf
GBT25659.2,GBT 25659.2-2010 简式数控卧式车床 第2部分：技术条件,机械安全,.pdf,法律标准\标准\设备设施\普通机床\GBT 25659.2-2010 简式数控卧式车床 第2部分：技术条件.pdf
GBT25711,GBT 25711-2010 铸造机械 通用技术条件,机械安全,.pdf,111111\隐患排查依据文本（一）\隐患排查依据文本（一）\标准\GBT 25711-2010 铸造机械 通用技术条件.pdf
GBT25711,GBT 25711-2010 铸造机械 通用技术条件,机械安全,.pdf,新标准\冶金首鼎标准\GBT 25711-2010 铸造机械 通用技术条件.pdf
GBT29058,GBT 29058-2012 墙材工业机械安全技术要求 总则,机械安全,.pdf,石膏机械\GB∕T 29058-2012 墙材工业机械安全技术要求 总则\GBT 29058-2012 墙材工业机械安全技术要求 总则.pdf
GBT31255,GBT 31255-2014 机械安全 工业楼梯、工作平台和通道的安全设计规范,机械安全,.pdf,111111\隐患排查依据文本（一）\隐患排查依据文本（一）\法规\GBT 31255-2014 机械安全 工业楼梯、工作平台和通道的安全设计规范.pdf
GBT31255,GBT 31255-2014 机械安全 工业楼梯、工作平台和通道的安全设计规范,机械安全,.rar,新标准\GBT 31255-2014 机械安全 工业楼梯、工作平台和通道的安全设计规范.rar
GBT31255,GBT 31255-2014 机械安全 工业楼梯、工作平台和通道的安全设计规范,机械安全,.pdf,新标准\GBT 31255-2014 机械安全 工业楼梯、工作平台和通道的安全设计规范\GBT 31255-2014 机械安全 工业楼梯、工作平台和通道的安全设计规范.pdf
GBT31255,GBT 31255-2014 机械安全 工业楼梯、工作平台和通道的安全设计规范,机械安全,.pdf,新标准\制罐标准\GBT 31255-2014 机械安全 工业楼梯、工作平台和通道的安全设计规范.pdf
GBT35076,GBT 35076-2018 机械安全 生产设备安全通则,机械安全,.pdf,新标准\GBT 35076-2018 机械安全 生产设备安全通则.pdf
GBT3766,GBT 3766-2015 液压传动 系统及其元件的通用规则和安全要求,机械安全,.pdf,法律标准\标准\设备设施\机械安全\GBT 3766-2015 液压传动 系统及其元件的通用规则和安全要求.pdf
GBT3787,GBT 3787-2017 手持式电动工具的管理、使用、检查和维修安全技术规程,机械安全,.pdf,法律标准\标准\设备设施\普通机床\GBT 3787-2017 手持式电动工具的管理、使用、检查和维修安全技术规程.pdf
GBT46080,GBT 46080-2025机床安全电火花机床,机械安全,.pdf,安全标准\GBT 46080-2025机床安全电火花机床.pdf
GBT46628,GBT 46628-2025木工机床安全带移动工作台锯板机,机械安全,.pdf,安全标准\GBT 46628-2025木工机床安全带移动工作台锯板机.pdf
GBT51075,GBT 51075-2015 选矿机械设备工程安装规范,机械安全,.pdf,法律标准\标准\设备设施\其他\GBT 51075-2015 选矿机械设备工程安装规范.pdf
GBT7920.4,GBT 7920.4-2016 混凝土机械术语,机械安全,.pdf,法律标准\标准\设备设施\建筑\GBT 7920.4-2016 混凝土机械术语.pdf
GBT8196,GBT 8196-2003 机械安全_防护装置_固定式和活动式防护装置设计与制造一般要求（废止）,机械安全,.doc,法律标准\标准\设备设施\机械安全\GBT 8196-2003 机械安全_防护装置_固定式和活动式防护装置设计与制造一般要求（废止）.doc
GBT8196,GBT 8196-2003 机械安全_防护装置_固定式和活动式防护装置设计与制造一般要求（废止）,机械安全,.docx,法律标准\标准\设备设施\机械安全\GBT 8196-2003 机械安全_防护装置_固定式和活动式防护装置设计与制造一般要求（废止）.docx
GBT8196,GBT 8196-2003_机械安全 防护装置_固定式和活动式防护装置设计与制造一般要求,机械安全,.pdf,法律标准\标准\设备设施\机械安全\GBT 8196-2003_机械安全 防护装置_固定式和活动式防护装置设计与制造一般要求.pdf
GB_T12265,GB_T 12265-2021 机械安全 防止人体部位挤压的最小间距,机械安全,.pdf,新标准\制罐标准\GB_T 12265-2021 机械安全 防止人体部位挤压的最小间距.pdf
GB_T18831,GB_T 18831-2010机械安全　带防护装置的联锁装置　设计和选择原则,机械安全,.pdf,安全标准\GB_T 18831-2010机械安全　带防护装置的联锁装置　设计和选择原则.pdf
GB_T41994,GB_T 41994-2022 工业炉及相关工艺设备 电弧炉炼钢机械和设备的安全要求,机械安全,.pdf,新建文件夹 (2)\GB_T 41994-2022 工业炉及相关工艺设备 电弧炉炼钢机械和设备的安全要求.pdf
GB_T42627,GB_T 42627-2023 机械安全 围栏防护系统 安全要求,机械安全,.pdf,111111\GB_T 42627-2023 机械安全 围栏防护系统 安全要求.pdf
GB_T42627,GB_T 42627-2023机械安全 围栏防护系统 安全要求,机械安全,.pdf,机械安全\GB_T 42627-2023机械安全 围栏防护系统 安全要求.pdf
GB_T8196,GB_T 8196-2018 机械安全 防护装置 固定式和活动式防护装置的设计与制造一般要求,机械安全,.pdf,111111\隐患排查依据文本（一）\隐患排查依据文本（一）\法规\GB_T 8196-2018 机械安全 防护装置 固定式和活动式防护装置的设计与制造一般要求.pdf
GB_T8196,GB_T 8196-2018 机械安全 防护装置 固定式和活动式防护装置的设计与制造一般要求,机械安全,.docx,法律标准\标准\GB_T 8196-2018 机械安全 防护装置 固定式和活动式防护装置的设计与制造一般要求.docx
GB_T8196,GB_T 8196-2018 机械安全 防护装置 固定式和活动式防护装置的设计与制造一般要求,机械安全,.pdf,法律标准\标准\设备设施\机械安全\GB_T 8196-2018 机械安全 防护装置 固定式和活动式防护装置的设计与制造一般要求.pdf
GB_T8196,GB_T 8196-2018 机械安全 防护装置 固定式和活动式防护装置的设计与制造一般要求(PDF),机械安全,.xdf,法律标准\标准\设备设施\普通机床\GB_T 8196-2018 机械安全 防护装置 固定式和活动式防护装置的设计与制造一般要求(PDF).xdf
GB∕T18490.1,GB∕T 18490.1-2017 机械安全 激光加工机 第1部分：通用安全要求,机械安全,.pdf,锂电池资料\电池\GB∕T 18490.1-2017 机械安全 激光加工机 第1部分：通用安全要求.pdf
GB∕T18490.1,GB∕T 18490.1-2017 机械安全 激光加工机 第1部分：通用安全要求,机械安全,.docx,锂电池资料\电池其他\新建文件夹\GB∕T 18490.1-2017 机械安全 激光加工机 第1部分：通用安全要求.docx
GB∕T18490.1,GB∕T 18490.1-2017 机械安全 激光加工机 第1部分：通用安全要求(1),机械安全,.pdf,111111\隐患排查依据文本（一）\隐患排查依据文本（一）\法规\GB∕T 18490.1-2017 机械安全 激光加工机 第1部分：通用安全要求(1).pdf
GB∕T18514,GB∕T 18514-2018 人造板机械安全通则,机械安全,.rar,111111\GB∕T 18514-2018 人造板机械安全通则.rar
GB∕T19670,GB∕T 19670-2023 机械安全 防止意外启动,机械安全,.pdf,安全标准\GB∕T 19670-2023 机械安全 防止意外启动.pdf
GB∕T25680,GB∕T 25680-2023 印刷机械 卧式平压模切机,机械安全,.docx,安全标准\GB∕T 25680-2023 印刷机械 卧式平压模切机.docx
GB∕T25680,GB∕T 25680-2023 印刷机械 卧式平压模切机,机械安全,.pdf,安全标准\GB∕T 25680-2023 印刷机械 卧式平压模切机.pdf
GB∕T29058,GB∕T 29058-2012 墙材工业机械安全技术要求 总则,机械安全,.rar,石膏机械\GB∕T 29058-2012 墙材工业机械安全技术要求 总则.rar
GB∕T30479,GB∕T 30479-2013 木工机床 横向拼板机 术语,机械安全,.rar,新标准\木工标准\GB∕T 30479-2013 木工机床 横向拼板机 术语.rar
GB∕T35016,GB∕T 35016-2018 连续搬运机械 装卸机械 安全规范,机械安全,.pdf,法律标准\标准\冶金\GB∕T 35016-2018 连续搬运机械 装卸机械 安全规范.pdf
GB∕T39266,GB∕T 39266-2020 工业机器人机械环境可靠性要求和测试方法,机械安全,.pdf,机器人\GB∕T 39266-2020 工业机器人机械环境可靠性要求和测试方法.pdf
GB∕T41108,GB∕T 41108机械安全 联锁装置的安全要求 第2部分：带防护锁定的联锁装置,机械安全,.pdf,机械安全\GB∕T 41108机械安全 联锁装置的安全要求 第2部分：带防护锁定的联锁装置.pdf
GB∕T41108,GB∕T 41108机械安全 联锁装置的安全要求 第3部分：截留钥匙联锁装置及系统,机械安全,.pdf,机械安全\GB∕T 41108机械安全 联锁装置的安全要求 第3部分：截留钥匙联锁装置及系统.pdf
GB∕T44523,GB∕T 44523-2024 连续搬运机械 安全标志和危险图示通则,机械安全,.docx,安全标准\GB∕T 44523-2024 连续搬运机械 安全标志和危险图示通则.docx
HJ-T250,HJ-T 250-2006 环境保护产品技术要求 旋转式细格栅,机械安全,.xdf,法律标准\标准\污水\HJ-T 250-2006 环境保护产品技术要求 旋转式细格栅.xdf
JB-7741,JB-7741—95-金属切削加工--安全要求,机械安全,.doc,法律标准\标准\设备设施\机械安全\JB-7741—95-金属切削加工--安全要求.doc
JB-7741,JB-7741—95-金属切削加工--安全要求,机械安全,.docx,法律标准\标准\设备设施\机械安全\JB-7741—95-金属切削加工--安全要求.docx
JB3915,JB 3915-85 液压机安全技术条件,机械安全,.pdf,法律标准\标准\设备设施\普通机床\JB 3915-85 液压机安全技术条件.pdf
JB5725,JB 5725-1991 木工磨刀机 结构安全,机械安全,.rar,新标准\木工标准\JB 5725-1991 木工磨刀机 结构安全.rar
JB5726,JB 5726-1991 木工磨锯机 结构安全,机械安全,.rar,新标准\木工标准\JB 5726-1991 木工磨锯机 结构安全.rar
JB6107,JB 6107-1992 木工多用机床 结构安全,机械安全,.rar,新标准\木工标准\JB 6107-1992 木工多用机床 结构安全.rar
JB6111,JB 6111-1992 普通木工车床 结构安全,机械安全,.rar,新标准\木工标准\JB 6111-1992 普通木工车床 结构安全.rar
JB7233,JB 7233-1994 包装机械安全要求,机械安全,.pdf,石膏机械\JB 7233-1994 包装机械安全要求.pdf
JB8799,JB 8799-1998 砂轮机安全防护技术条件,机械安全,.pdf,法律标准\标准\设备设施\普通机床\JB 8799-1998 砂轮机安全防护技术条件.pdf
JB8799,JB 8799—1998 砂轮机 安全防护技术条件,机械安全,.xdf,法律标准\标准\设备设施\普通机床\JB 8799—1998 砂轮机 安全防护技术条件.xdf
JB9970,JB 9970-1999 冲型剪切机、联合冲剪机噪声限值,机械安全,.pdf,法律标准\标准\职业卫生\JB 9970-1999 冲型剪切机、联合冲剪机噪声限值.pdf
JBJ18,JBJ18-2000 机械工业职业安全卫生设计规范,机械安全,.pdf,法律标准\标准\安全管理\设计\JBJ18-2000 机械工业职业安全卫生设计规范.PDF
JBT10082,JBT 10082-2010 电火花线切割机床(往复走丝型)技术条件,机械安全,.pdf,法律标准\标准\纺织机械\JBT 10082-2010 电火花线切割机床(往复走丝型)技术条件.pdf
JBT10144,JBT 10144-1999 抛(喷)丸设备 安全要求,机械安全,.pdf,法律标准\标准\设备设施\普通机床\JBT 10144-1999 抛(喷)丸设备 安全要求.pdf
JBT10178,JBT 10178-2000 卧式流化床干燥机,机械安全,.rar,石膏机械\JBT 10178-2000 卧式流化床干燥机.rar
JBT10178,JBT 10178-2000 卧式流化床干燥机,机械安全,.pdf,石膏机械\JBT 10178-2000 卧式流化床干燥机\JBT 10178-2000 卧式流化床干燥机.pdf
JBT10332,JBT 10332-2002 车床用卡盘安全操作例行规范,机械安全,.pdf,法律标准\标准\设备设施\普通机床\JBT 10332-2002 车床用卡盘安全操作例行规范.pdf
JBT11461,JBT 11461-2013 印刷机械 切纸机风险评价及降低方法,机械安全,.pdf,法律标准\标准\设备设施\普通机床\JBT 11461-2013 印刷机械 切纸机风险评价及降低方法.pdf
JBT11999.2,JBT 11999.2-2014 数控往复走丝型多次切割电火花线切割机床 第2部分：技术条件,机械安全,.rar,新标准\JBT 11999.2-2014 数控往复走丝型多次切割电火花线切割机床 第2部分：技术条件.rar
JBT11999.2,JBT 11999.2-2014 数控往复走丝型多次切割电火花线切割机床 第2部分：技术条件,机械安全,.pdf,新标准\JBT 11999.2-2014 数控往复走丝型多次切割电火花线切割机床 第2部分：技术条件\JBT 11999.2-2014 数控往复走丝型多次切割电火花线切割机床 第2部分：技术条件.pdf
JBT12366,JBT 12366-2015 畜类屠宰加工机械 猪胴体自动劈半机,机械安全,.pdf,法律标准\标准\设备设施\屠宰\JBT 12366-2015 畜类屠宰加工机械 猪胴体自动劈半机.pdf
JBT12816,JBT 12816-2016 建筑施工机械与设备 环保型混凝土搅拌站（楼）,机械安全,.pdf,法律标准\标准\搅拌楼\JBT 12816-2016 建筑施工机械与设备 环保型混凝土搅拌站（楼）.pdf
JBT12817,JBT 12817-2016 建筑施工机械与设备 混凝土搅拌站（楼）拆装式粉料筒仓,机械安全,.pdf,法律标准\标准\搅拌楼\JBT 12817-2016 建筑施工机械与设备 混凝土搅拌站（楼）拆装式粉料筒仓.pdf
JBT12923,JBT 12923-2016 建筑施工机械与设备 砌块成型机模具,机械安全,.pdf,法律标准\标准\设备设施\建筑\JBT 12923-2016 建筑施工机械与设备 砌块成型机模具.pdf
JBT1644,JBT 1644-2005 铸造机械 通用技术条件,机械安全,.rar,新标准\JBT 1644-2005 铸造机械 通用技术条件.rar
JBT1644,JBT 1644-2005 铸造机械 通用技术条件,机械安全,.pdf,新标准\JBT 1644-2005 铸造机械 通用技术条件\JBT 1644-2005 铸造机械 通用技术条件.pdf
JBT1644,JBT 1644-2005 铸造机械 通用技术条件,机械安全,.pdf,法律标准\标准\设备设施\普通机床\JBT 1644-2005 铸造机械 通用技术条件.pdf
JBT1645,JBT 1645-2017 自动冷镦、切边、搓丝机 技术条件,机械安全,.pdf,法律标准\标准\设备设施\机械安全\JBT 1645-2017 自动冷镦、切边、搓丝机 技术条件.pdf
JBT1829,JBT 1829-1997 锻压机械 通用技术条件,机械安全,.pdf,法律标准\标准\设备设施\普通机床\JBT 1829-1997 锻压机械 通用技术条件.pdf
JBT2322.2,JBT 2322.2-2006 卧式车床 第2部分：技术条件,机械安全,.pdf,法律标准\标准\设备设施\普通机床\JBT 2322.2-2006 卧式车床 第2部分：技术条件.pdf
JBT2825.4,JBT 2825.4-2006 插床 第4部分：技术条件,机械安全,.pdf,法律标准\标准\设备设施\普通机床\JBT 2825.4-2006 插床 第4部分：技术条件.pdf
JBT3665.3,JBT 3665.3-2006 单柱、双柱立式车床 第3部分：技术条件,机械安全,.pdf,法律标准\标准\设备设施\普通机床\JBT 3665.3-2006 单柱、双柱立式车床 第3部分：技术条件.pdf
JBT3770,JBT 3770-2000 落地砂轮机,机械安全,.pdf,法律标准\标准\设备设施\普通机床\JBT 3770-2000 落地砂轮机.pdf
JBT3875.3,JBT 3875.3-2007 万能工具磨床 第3部分：技术条件,机械安全,.pdf,法律标准\标准\设备设施\普通机床\JBT 3875.3-2007 万能工具磨床 第3部分：技术条件.pdf
JBT3929,JBT 3929-2008 通用悬挂输送机,机械安全,.xdf,法律标准\标准\设备设施\普通机床\JBT 3929-2008 通用悬挂输送机.xdf
JBT4246,JBT 4246-2012 旋转概率筛,机械安全,.pdf,石膏机械\JB∕T 4246-2012 旋转概率筛\JBT 4246-2012 旋转概率筛.pdf
JBT5245.1,JBT 5245.1-2006 台式钻床 第1部分：精度检验,机械安全,.pdf,法律标准\标准\设备设施\机械安全\JBT 5245.1-2006 台式钻床 第1部分：精度检验.pdf
JBT5245.2,JBT 5245.2-2006 台式钻床 第2部分：通用型精度检验,机械安全,.pdf,法律标准\标准\设备设施\机械安全\JBT 5245.2-2006 台式钻床 第2部分：通用型精度检验.pdf
JBT5245.3,JBT 5245.3-2011 台式钻床 第3部分：轻型 精度检验,机械安全,.pdf,法律标准\标准\设备设施\机械安全\JBT 5245.3-2011 台式钻床 第3部分：轻型 精度检验.pdf
JBT5245.4,JBT 5245.4-2006 台式钻床 第4部分 技术要求,机械安全,.pdf,法律标准\标准\设备设施\机械安全\JBT 5245.4-2006 台式钻床 第4部分 技术要求.PDF
JBT5245.5,JBT 5245.5-2005 台式钻床 第5部分：主轴 技术条件,机械安全,.pdf,法律标准\标准\设备设施\机械安全\JBT 5245.5-2005 台式钻床 第5部分：主轴 技术条件.pdf
JBT5245.6,JBT 5245.6-2006 台式钻床 第6部分：主轴端部,机械安全,.pdf,法律标准\标准\设备设施\机械安全\JBT 5245.6-2006 台式钻床 第6部分：主轴端部.pdf
JBT5320,JBT 5320-2000 剪叉式升降台安全规程,机械安全,.pdf,法律标准\标准\设备设施\普通机床\JBT 5320-2000 剪叉式升降台安全规程.pdf
JBT5321,JBT 5321-2008 积放式悬挂输送机_技术条件,机械安全,.xdf,法律标准\标准\设备设施\普通机床\JBT 5321-2008 积放式悬挂输送机_技术条件.xdf
JBT6127,JBT 6127-2010 电动平车技术条件,机械安全,.pdf,法律标准\标准\设备设施\机械安全\JBT 6127-2010 电动平车技术条件.pdf
JBT6335.2,JBT 6335.2-2006 摇臂钻床 技术条件,机械安全,.pdf,法律标准\标准\设备设施\普通机床\JBT 6335.2-2006 摇臂钻床 技术条件.pdf
JBT6582,JBT 6582-1993 高速钢球自动冷镦机 技术条件,机械安全,.pdf,法律标准\标准\设备设施\机械安全\JBT 6582-1993 高速钢球自动冷镦机 技术条件.pdf
JBT8343.3,JBT 8343.3-2012 卧式木工带锯机 第3部分：技术条件,机械安全,.rar,新标准\JBT 8343.3-2012 卧式木工带锯机 第3部分：技术条件.rar
JBT8343.3,JBT 8343.3-2012 卧式木工带锯机 第3部分：技术条件,机械安全,.pdf,新标准\JBT 8343.3-2012 卧式木工带锯机 第3部分：技术条件\JBT 8343.3-2012 卧式木工带锯机 第3部分：技术条件.pdf
JBT8781,JBT 8781-1998 剪板机 安全技术要求,机械安全,.pdf,法律标准\标准\设备设施\普通机床\JBT 8781-1998 剪板机 安全技术要求.pdf
JB_T3770,JB_T 3770-2017 落地砂轮机,机械安全,.xdf,法律标准\标准\设备设施\普通机床\JB_T 3770-2017 落地砂轮机.xdf
JB∕T11859,JB∕T 11859-2014 建筑施工机械与设备 湿拌砂浆搅拌站,机械安全,.pdf,法律标准\标准\搅拌楼\JB∕T 11859-2014 建筑施工机械与设备 湿拌砂浆搅拌站.pdf
JB∕T11934,JB∕T 11934-2014 饲料机械 埋刮板输送机,机械安全,.pdf,新标准\JB∕T 11934-2014 饲料机械 埋刮板输送机.pdf
JB∕T12570.2,JB∕T 12570.2-2015 双立轴多锯片木工圆锯机,机械安全,.pdf,新标准\JB∕T 12570.2-2015 双立轴多锯片木工圆锯机.pdf
JB∕T13910.2,JB∕T 13910.2-2020 堆垛机 第2部分：技术条件,机械安全,.pdf,石膏机械\JB∕T 13910.2-2020 堆垛机 第2部分：技术条件.pdf
JB∕T3176.2,JB∕T 3176.2-2014 细木工带锯机 第2部分：技术条件,机械安全,.pdf,新标准\JB∕T 3176.2-2014 细木工带锯机 第2部分：技术条件.pdf
JB∕T3178.3,JB∕T 3178.3-2014 木工带锯机和跑车 第3部分：技术条件,机械安全,.pdf,新标准\JB∕T 3178.3-2014 木工带锯机和跑车 第3部分：技术条件.pdf
JB∕T4246,JB∕T 4246-2012 旋转概率筛,机械安全,.rar,石膏机械\JB∕T 4246-2012 旋转概率筛.rar
JB∕T5728.3,JB∕T 5728.3-2014 多锯片纵剖木工圆锯机 第3部分：技术条件,机械安全,.pdf,新标准\JB∕T 5728.3-2014 多锯片纵剖木工圆锯机 第3部分：技术条件.pdf
JB∕T6551.2,JB∕T 6551.2-2014 木工平压两用刨床 第2部分：技术条件,机械安全,.pdf,新标准\木工标准\JB∕T 6551.2-2014 木工平压两用刨床 第2部分：技术条件.pdf
JB／T10391,JB／T 10391-2008 Y系列(IP44)三相异步电动机技术条件(机座号80～355),机械安全,.pdf,法律标准\标准\设备设施\机械安全\JB／T 10391-2008 Y系列(IP44)三相异步电动机技术条件(机座号80～355).pdf
LY∕T1796,LY∕T 1796-2025 人造板机械 削片机安全要求,机械安全,.docx,安全标准\LY∕T 1796-2025 人造板机械 削片机安全要求.docx
LY∕T2734,LY∕T 2734-2016 单板堆垛机,机械安全,.pdf,石膏机械\LY∕T 2734-2016 单板堆垛机.pdf
LY∕T3459,LY∕T 3459-2025 板式家具机械 安全通则,机械安全,.docx,安全标准\2025\LY∕T 3459-2025 板式家具机械 安全通则.docx
LY∕T3459,LY∕T 3459-2025 板式家具机械 安全通则,机械安全,.pdf,安全标准\2025\LY∕T 3459-2025 板式家具机械 安全通则.pdf
QBT1588.5,QBT 1588.5-2016 轻工机械 包装通用技术条件,机械安全,.pdf,新标准\QBT 1588.5-2016 轻工机械 包装通用技术条件.pdf
QBT1593,QBT 1593-1992 多锯片木工圆锯机,机械安全,.rar,新标准\QBT 1593-1992 多锯片木工圆锯机.rar
QBT1593,QBT 1593-1992 多锯片木工圆锯机,机械安全,.pdf,新标准\QBT 1593-1992 多锯片木工圆锯机\QBT 1593-1992 多锯片木工圆锯机.pdf
QBT2373,QBT2373-2007 制酒机械 装瓶压盖机,机械安全,.pdf,法律标准\标准\设备设施\制酒\QBT2373-2007 制酒机械 装瓶压盖机.pdf
QBT2588,QBT 2588-2012 制酒饮料机械 卸箱机,机械安全,.pdf,新标准\QBT 2588-2012 制酒饮料机械 卸箱机.pdf
QBT2589,QBT2589-2012 制酒饮料机械 装箱机,机械安全,.pdf,法律标准\标准\设备设施\制酒\QBT2589-2012 制酒饮料机械 装箱机.pdf
QBT4224,QBT 4224-2011 制酒饮料机械 码瓶(罐)垛机,机械安全,.pdf,新标准\QBT 4224-2011 制酒饮料机械 码瓶(罐)垛机.pdf
QBT4225,QBT 4225-2011 制酒饮料机械 卸瓶(罐)垛机,机械安全,.pdf,新标准\QBT 4225-2011 制酒饮料机械 卸瓶(罐)垛机.pdf
QBT5469,QBT 5469-2019 制酒饮料机械 瓶(罐)输送机,机械安全,.pdf,新标准\QBT 5469-2019 制酒饮料机械 瓶(罐)输送机.pdf
QB∕T4212,QB∕T 4212-2018 饮料机械 包装饮用水（桶装）旋转式灌装封盖机,机械安全,.pdf,新标准\QB∕T 4212-2018 饮料机械 包装饮用水（桶装）旋转式灌装封盖机.pdf
QB∕T5024,QB∕T 5024-2017 罐头食品机械罐身补涂烘干机,机械安全,.pdf,新标准\制罐标准\QB∕T 5024-2017 罐头食品机械罐身补涂烘干机.pdf
SJT31029,SJ T31029-2016 数控电火花线切割机床完好要求和检查评定方法,机械安全,.pdf,新标准\SJ T31029-2016 数控电火花线切割机床完好要求和检查评定方法.pdf
SJT31060,SJT 31060-1994 捆扎机完好要求和检查评定方法,机械安全,.rar,石膏机械\SJT 31060-1994 捆扎机完好要求和检查评定方法.rar
SJT31060,SJT 31060-1994 捆扎机完好要求和检查评定方法,机械安全,.pdf,石膏机械\SJT 31060-1994 捆扎机完好要求和检查评定方法\SJT 31060-1994 捆扎机完好要求和检查评定方法.pdf
SY∕T5445,SY∕T 5445-2017 石油机械制造企业安全生产规范,机械安全,.pdf,新标准\SY∕T 5445-2017 石油机械制造企业安全生产规范.pdf
YB4355,YB 4355-2013 炼钢连铸机械设备检修技术标准,机械安全,.pdf,新标准\冶金首鼎标准\YB 4355-2013 炼钢连铸机械设备检修技术标准.pdf
YBT013,YBT 013-2017 中小型水平连铸机机械设备,机械安全,.pdf,新标准\冶金首鼎标准\YBT 013-2017 中小型水平连铸机机械设备.pdf
YBT016,YBT 016-1992 废钢液压剪切机,机械安全,.pdf,法律标准\标准\设备设施\普通机床\YBT 016-1992 废钢液压剪切机.pdf
,020堆垛机机械维护手册,机械安全,.docx,安全标准\堆垛机\020堆垛机机械维护手册.docx
,2007机械压力机安全使用要求,机械安全,.pdf,111111\隐患排查依据文本（二）\隐患排查依据文本（二）\2007机械压力机安全使用要求.pdf
,2008机械安全压敏防护装置第1部分：压敏垫和压敏地板设计和试验通则,机械安全,.pdf,法律标准\标准\参考资料\2008机械安全压敏防护装置第1部分：压敏垫和压敏地板设计和试验通则.pdf
,20220613023D2A58A8D35740,机械安全,.pdf,新标准\木工标准\20220613023D2A58A8D35740.pdf
,202206136282221193EB5737,机械安全,.pdf,新标准\木工标准\202206136282221193EB5737.pdf
,20220613922E358EB15CEA52,机械安全,.pdf,新标准\木工标准\20220613922E358EB15CEA52.pdf
,2022061392EC0AE670FA5792,机械安全,.pdf,新标准\木工标准\2022061392EC0AE670FA5792.pdf
,20220613DB3360D0B8368E07,机械安全,.pdf,新标准\木工标准\20220613DB3360D0B8368E07.pdf
,20220613F71C49CCF68D938D,机械安全,.pdf,新标准\木工标准\20220613F71C49CCF68D938D.pdf
,20_WD_2022006113_铸造机械  术语  第5部分：冲天炉、浇,机械安全,.pdf,111111\20_WD_2022006113_铸造机械  术语  第5部分：冲天炉、浇.pdf
,BT 4029-2000 磨床砂轮防护罩 安全防护技术要求.pdf,机械安全,.pdf,法律标准\标准\设备设施\普通机床\BT 4029-2000 磨床砂轮防护罩 安全防护技术要求.pdf.pdf
,CJ T 499-2016 剪切式垃圾破碎机,机械安全,.xdf,法律标准\标准\垃圾\CJ T 499-2016 剪切式垃圾破碎机.xdf
,GB T 10171-2016 建筑施工机械与设备混凝土搅拌站(楼),机械安全,.xdf,法律标准\标准\水泥\GB T 10171-2016 建筑施工机械与设备混凝土搅拌站(楼).xdf
,GB+15760-2025金属切削机床 安全防护通用技术规范,机械安全,.pdf,安全标准\GB+15760-2025金属切削机床 安全防护通用技术规范.pdf
,GB+17120-2025锻压机械 安全技术规范,机械安全,.pdf,安全标准\GB+17120-2025锻压机械 安全技术规范.pdf
,GB+20905-2025铸造机械 安全要求,机械安全,.pdf,安全标准\GB+20905-2025铸造机械 安全要求.pdf
,GB+39800.10-2025个体防护装备配备规范 第10部分：机械,机械安全,.pdf,安全标准\GB+39800.10-2025个体防护装备配备规范 第10部分：机械.pdf
,GB+46035-2025橡胶塑料机械 通用安全要求,机械安全,.pdf,安全标准\GB+46035-2025橡胶塑料机械 通用安全要求.pdf
,GB+46037-2025特种加工机床 安全技术要求,机械安全,.pdf,安全标准\GB+46037-2025特种加工机床 安全技术要求.pdf
,GB+46772-2025包装机械安全要求,机械安全,.pdf,安全标准\GB+46772-2025包装机械安全要求.pdf
,GB+T+16855.1-2018+机械安全++控制系统安全相关部件++第1部分：设计通则,机械安全,.pdf,安全标准\GB+T+16855.1-2018+机械安全++控制系统安全相关部件++第1部分：设计通则.pdf
,GBT+14711-2025中小型旋转电机通用安全要求,机械安全,.pdf,安全标准\GBT+14711-2025中小型旋转电机通用安全要求.pdf
,GBT+20956-2025印刷机械 裁切设备安全技术规范,机械安全,.pdf,安全标准\GBT+20956-2025印刷机械 裁切设备安全技术规范.pdf
,GBT+30574-2021机械安全 安全防护的实施准则,机械安全,.pdf,安全标准\GBT+30574-2021机械安全 安全防护的实施准则.pdf
,GBT+41108.2-2021机械安全　联锁装置的安全要求,机械安全,.pdf,安全标准\GBT+41108.2-2021机械安全　联锁装置的安全要求.pdf
,GBT+41344.1-2022机械安全 风险预警 第1部分：通则,机械安全,.pdf,安全标准\GBT+41344.1-2022机械安全 风险预警 第1部分：通则.pdf
,GBT+41349-2022!机械安全  急停装置技术条件,机械安全,.pdf,安全标准\GBT+41349-2022!机械安全  急停装置技术条件.pdf
,"GBT+42627-2023 机械安全 围护系统 安全技术要求,",机械安全,.pdf,"安全标准\GBT+42627-2023 机械安全 围护系统 安全技术要求,.pdf"
,GBT+45783-2025机械安全 安全防护授权系统 基本要求,机械安全,.pdf,安全标准\GBT+45783-2025机械安全 安全防护授权系统 基本要求.pdf
,GBT+45894-2025肉类食品加工机械安全要求,机械安全,.pdf,安全标准\GBT+45894-2025肉类食品加工机械安全要求.pdf
,GBT+47236-2026铸造机械 低压铸造机及其他金属型铸造设备 安全技术规范,机械安全,.pdf,安全标准\GBT+47236-2026铸造机械 低压铸造机及其他金属型铸造设备 安全技术规范.pdf
,GBT+47237-2026铸造机械 落砂除芯设备 安全技术规范,机械安全,.pdf,安全标准\GBT+47237-2026铸造机械 落砂除芯设备 安全技术规范.pdf
,GBT+47238-2026铸造机械 型砂制备与砂再生设备 安全技术规范,机械安全,.pdf,安全标准\GBT+47238-2026铸造机械 型砂制备与砂再生设备 安全技术规范.pdf
,GBT+47253-2026铸造机械 浇包、浇注机及相关设备 安全技术规范,机械安全,.pdf,安全标准\GBT+47253-2026铸造机械 浇包、浇注机及相关设备 安全技术规范.pdf
,GBT+47255-2026铸造机械 压铸机和压铸单元 安全技术规范,机械安全,.pdf,安全标准\GBT+47255-2026铸造机械 压铸机和压铸单元 安全技术规范.pdf
,GBT+47256-2026铸造机械 造型制芯设备 安全技术规范,机械安全,.pdf,安全标准\GBT+47256-2026铸造机械 造型制芯设备 安全技术规范.pdf
,GBT+47257-2026铸造机械 抛喷丸设备 安全技术规范,机械安全,.pdf,安全标准\GBT+47257-2026铸造机械 抛喷丸设备 安全技术规范.pdf
,GBT+9061-2025金属切削机床 通用技术规范,机械安全,.pdf,安全标准\GBT+9061-2025金属切削机床 通用技术规范.pdf
,HGT 4916-2016 纺织染整助剂 双氧水稳定剂 对双氧水稳定性能的测定,机械安全,.pdf,法律标准\标准\纺织机械\HGT 4916-2016 纺织染整助剂 双氧水稳定剂 对双氧水稳定性能的测定.pdf
,JBJ 18-2000 机械工业职业安全卫生设计规范,机械安全,.rar,机械安全\JBJ 18-2000 机械工业职业安全卫生设计规范.rar
,JBJ 18-2000 机械工业职业安全卫生设计规范,机械安全,.pdf,机械安全\JBJ 18-2000 机械工业职业安全卫生设计规范\JBJ 18-2000 机械工业职业安全卫生设计规范.pdf
,JBJ 6-1996 机械工厂电力设计规范,机械安全,.pdf,新标准\JBJ 6-1996 机械工厂电力设计规范.pdf
,JBJ-18-2000-机械工业职业安全卫生设计规范,机械安全,.docx,法律标准\标准\安全管理\设计\JBJ-18-2000-机械工业职业安全卫生设计规范.docx
,JC_T 2581-2021 建筑石膏煅烧设备 沸腾炉,机械安全,.pdf,石膏机械\JC_T 2581-2021 建筑石膏煅烧设备 沸腾炉.pdf
,JGJ 160-2016 施工现场机械设备检查技术规范,机械安全,.rar,新标准\JGJ 160-2016 施工现场机械设备检查技术规范.rar
,JGJ 160-2016 施工现场机械设备检查技术规范,机械安全,.pdf,新标准\JGJ 160-2016 施工现场机械设备检查技术规范\JGJ 160-2016 施工现场机械设备检查技术规范.pdf
,JGJ 33-2012 建筑机械使用安全技术规程,机械安全,.pdf,法律标准\标准\设备设施\建筑\JGJ 33-2012 建筑机械使用安全技术规程.pdf
,QSY1124.17-2015  石油企业现场安全检查规范  第17部分：机械加工-报批稿,机械安全,.docx,法律标准\标准\中油标准\QSY1124.17-2015  石油企业现场安全检查规范  第17部分：机械加工-报批稿.docx
,QSY5445-2010  石油机械制造企业安全生产规范,机械安全,.pdf,法律标准\标准\中油标准\QSY5445-2010  石油机械制造企业安全生产规范.pdf
,SB∕T 229-2013 食品机械通用技术条件产品包装技术要求,机械安全,.pdf,新标准\SB∕T 229-2013 食品机械通用技术条件产品包装技术要求.pdf
,T∕ZZB 1069-2019 数控激光切割机,机械安全,.pdf,法律标准\标准\设备设施\普通机床\T∕ZZB 1069-2019 数控激光切割机.pdf
,bz_E1AE48F0AAD729FD20220123_www.bzfxw.com,机械安全,.pdf,新标准\木工标准\bz_E1AE48F0AAD729FD20220123_www.bzfxw.com.pdf
,《机械制造企业安全生产标准化规范》解读,机械安全,.pdf,法律标准\标准\参考资料\《机械制造企业安全生产标准化规范》解读.pdf
,【EHS】机械防护：机器人防护要求,机械安全,.docx,机器人\【EHS】机械防护：机器人防护要求.docx
,【机械行业标准】JB T 9040-2010 带式压滤机 标准,机械安全,.xdf,法律标准\标准\污水\【机械行业标准】JB T 9040-2010 带式压滤机 标准.xdf
,中国机械工业标准汇编 木工机床与刀具卷上 2010年版,机械安全,.pdf,新标准\木工标准\中国机械工业标准汇编 木工机床与刀具卷上 2010年版.pdf
,工贸行业机械铸造企业金属冶炼活动基础类检查表.docx,机械安全,.docx,111111\工贸行业机械铸造企业金属冶炼活动基础类检查表.docx.docx
,工贸行业机械铸造企业金属冶炼活动现场类检查表,机械安全,.docx,111111\工贸行业机械铸造企业金属冶炼活动现场类检查表.docx
,木工机床安全 链进给式封边机,机械安全,.pdf,安全标准\木工机床安全 链进给式封边机.pdf
,机械企业重大事故隐患判定标准(3),机械安全,.pptx,安全标准\新建文件夹 (4)\机械企业重大事故隐患判定标准(3).pptx
,机械伤害事故应急预案演练方案,机械安全,.doc,应急\2021.3.4应急演练、桌面演练、脚本、记录大全（500项）\2021.3.4应急演练、桌面演练、脚本、记录大全（500项）\应急演练方案、脚本、计划、总结大全\机械伤害事故应急预案演练方案.doc
,机械伤害事故应急预案演练方案,机械安全,.docx,应急\2021.3.4应急演练、桌面演练、脚本、记录大全（500项）\2021.3.4应急演练、桌面演练、脚本、记录大全（500项）\应急演练方案、脚本、计划、总结大全\机械伤害事故应急预案演练方案.docx
,机械伤害应急演练总结,机械安全,.pdf,应急\2021.3.4应急演练、桌面演练、脚本、记录大全（500项）\2021.3.4应急演练、桌面演练、脚本、记录大全（500项）\应急演练方案、脚本、计划、总结大全\机械伤害应急演练总结.pdf
,机械伤害应急演练方案,机械安全,.doc,应急\2021.3.4应急演练、桌面演练、脚本、记录大全（500项）\2021.3.4应急演练、桌面演练、脚本、记录大全（500项）\应急演练方案、脚本、计划、总结大全\机械伤害应急演练方案.doc
,机械伤害应急演练方案,机械安全,.docx,应急\2021.3.4应急演练、桌面演练、脚本、记录大全（500项）\2021.3.4应急演练、桌面演练、脚本、记录大全（500项）\应急演练方案、脚本、计划、总结大全\机械伤害应急演练方案.docx
,机械伤害应急演练方案71180,机械安全,.doc,应急\2021.3.4应急演练、桌面演练、脚本、记录大全（500项）\2021.3.4应急演练、桌面演练、脚本、记录大全（500项）\应急演练方案、脚本、计划、总结大全\机械伤害应急演练方案71180.doc
,机械伤害应急演练方案71180,机械安全,.docx,应急\2021.3.4应急演练、桌面演练、脚本、记录大全（500项）\2021.3.4应急演练、桌面演练、脚本、记录大全（500项）\应急演练方案、脚本、计划、总结大全\机械伤害应急演练方案71180.docx
,机械伤害应急预案演练记录,机械安全,.doc,应急\2021.3.4应急演练、桌面演练、脚本、记录大全（500项）\2021.3.4应急演练、桌面演练、脚本、记录大全（500项）\应急演练方案、脚本、计划、总结大全\机械伤害应急预案演练记录.doc
,机械伤害应急预案演练记录,机械安全,.docx,应急\2021.3.4应急演练、桌面演练、脚本、记录大全（500项）\2021.3.4应急演练、桌面演练、脚本、记录大全（500项）\应急演练方案、脚本、计划、总结大全\机械伤害应急预案演练记录.docx
,机械制造企业安全生产标准化法规标准目录,机械安全,.doc,法律标准\标准\新建文件夹\机械制造企业安全生产标准化法规标准目录.doc
,机械制造企业安全生产标准化法规标准目录,机械安全,.docx,法律标准\标准\新建文件夹\机械制造企业安全生产标准化法规标准目录.docx
,机械制造企业安全质量标准化考核评级标准,机械安全,.doc,111111\机械制造企业安全质量标准化考核评级标准.doc
,机械制造企业安全质量标准化考核评级标准,机械安全,.docx,111111\机械制造企业安全质量标准化考核评级标准.docx
,机械制造企业标准化评定标准(新版),机械安全,.doc,法律标准\标准\新建文件夹\机械制造企业标准化评定标准(新版).doc
,机械制造企业标准化评定标准(新版),机械安全,.docx,法律标准\标准\新建文件夹\机械制造企业标准化评定标准(新版).docx
,机械安全 防止上下肢触及危险区的安全距离,机械安全,.pdf,111111\隐患排查依据文本（一）\隐患排查依据文本（一）\法规\机械安全 防止上下肢触及危险区的安全距离.pdf
,机械安全 防止上下肢触及危险区的安全距离,机械安全,.pdf,机械安全\机械安全 防止上下肢触及危险区的安全距离.pdf
,机械行业安全生产标准化评定标准,机械安全,.pdf,法律标准\标准\机械行业安全生产标准化评定标准.pdf
,机械行业安全生产隐患排查标准,机械安全,.xls,新法规\机械行业安全生产隐患排查标准.xls
,机械行业较大危险因素辨识与防范指导手册,机械安全,.pdf,111111\隐患排查依据文本（二）\隐患排查依据文本（二）\较大危害因素\机械行业较大危险因素辨识与防范指导手册.pdf
,机械设计手册  第3卷 第6版,机械安全,.rar,法律标准\标准\安全管理\设计\机械设计手册  第3卷 第6版.rar
,河北省应急管理厅关于印发《工贸企业常态化开展隐患排查防范机械伤害、高风险作业等事故九条措施》的通知-正文,机械安全,.pdf,安全标准\河北省应急管理厅关于印发《工贸企业常态化开展隐患排查防范机械伤害、高风险作业等事故九条措施》的通知-正文.pdf
,河北省纺织行业企业安全生产隐患排查标准,机械安全,.xls,法律标准\标准\纺织机械\河北省纺织行业企业安全生产隐患排查标准.xls
,涉金属冶炼机械铸造企业安全检查表,机械安全,.docx,111111\隐患排查依据文本（二）\隐患排查依据文本（二）\专项检查表\涉金属冶炼机械铸造企业安全检查表.docx
,石灰机械化竖窑自动化控制装置,机械安全,.pdf,新标准\石灰机械化竖窑自动化控制装置.pdf
,砂轮机安全防护技术条件,机械安全,.doc,法律标准\标准\设备设施\普通机床\砂轮机安全防护技术条件.doc
,砂轮机安全防护技术条件,机械安全,.docx,法律标准\标准\设备设施\普通机床\砂轮机安全防护技术条件.docx
,获取更多访问 学兔兔_工程技术学习网站,机械安全,.mht,石膏机械\GB∕T 29058-2012 墙材工业机械安全技术要求 总则\获取更多访问 学兔兔_工程技术学习网站.mht
,铸造机械 安全要求征求意见,机械安全,.pdf,安全标准\铸造机械 安全要求征求意见.pdf
,食品加工机械标准汇编 2011年版,机械安全,.pdf,111111\食品加工机械标准汇编 2011年版.pdf
AQ4237,AQ 4237-2014 焊接烟尘净化器通用技术条件,消防,.pdf,法律标准\标准\安全、职业卫生新规范\AQ 4237-2014 焊接烟尘净化器通用技术条件.pdf
AQ4245,AQ 4245-2015 卷烟制造企业防尘防毒技术规范,消防,.pdf,法律标准\标准\安全、职业卫生新规范\AQ 4245-2015 卷烟制造企业防尘防毒技术规范.pdf
AQ4245,AQ 4245-2015 卷烟制造企业防尘防毒技术规范,消防,.doc,法律标准\标准\职业卫生\AQ 4245-2015 卷烟制造企业防尘防毒技术规范.doc
AQ4245,AQ 4245-2015 卷烟制造企业防尘防毒技术规范,消防,.docx,法律标准\标准\职业卫生\AQ 4245-2015 卷烟制造企业防尘防毒技术规范.docx
DB11,DB11∕T 1824-2021 森林消防综合应急救援队伍装备使用和维护规范,消防,.pdf,新标准\DB11∕T 1824-2021 森林消防综合应急救援队伍装备使用和维护规范.pdf
DB12,DB12∕T 415-2009 单位消防安全管理标准,消防,.rar,法律标准\法律法规\培训\天津所用法规\天津标准\DB12∕T 415-2009 单位消防安全管理标准.rar
DB12,DB12∕T 485-2013 单位消防安全管理评估,消防,.rar,法律标准\法律法规\培训\天津所用法规\天津标准\DB12∕T 485-2013 单位消防安全管理评估.rar
DB12,DB12∕T 486-2013 学校消防安全管理,消防,.rar,法律标准\法律法规\培训\天津所用法规\天津标准\DB12∕T 486-2013 学校消防安全管理.rar
DB12,DB12∕T 724.21-2017 安全生产等级评定技术规范 第21部分：烟草制品企业,消防,.rar,法律标准\法律法规\培训\天津所用法规\天津标准\DB12∕T 724.21-2017 安全生产等级评定技术规范 第21部分：烟草制品企业.rar
DB13,DB13 T 1195-2010 仓储物流单位消防安全“四个能力”建设指南,消防,.rar,新标准\新增\DB13 T 1195-2010 仓储物流单位消防安全“四个能力”建设指南.rar
DB13,DB13 T 2510.21-2017 安全生产等级评定技术规范第21部分 烟草制品企业,消防,.xdf,法律标准\标准\烟草\DB13 T 2510.21-2017 安全生产等级评定技术规范第21部分 烟草制品企业.xdf
DB13,DB13T 2685-2018 油烟（粉尘）净化器控制器通用技术条件,消防,.pdf,新标准\DB13T 2685-2018 油烟（粉尘）净化器控制器通用技术条件.pdf
DB13,DB13∕T 5316-2020 电动汽车充电站消防安全技术标准,消防,.pdf,电动汽车\DB13∕T 5316-2020 电动汽车充电站消防安全技术标准.pdf
DB42,DB42T 415-2007  液化石油（天然）气、石油库消防安全管理规范,消防,.xdf,新标准\新增\DB42T 415-2007  液化石油（天然）气、石油库消防安全管理规范.xdf
DB51,DB51∕T 711-2007 白酒厂设计防火规范(废止）,消防,.pdf,法律标准\标准\DB51∕T 711-2007 白酒厂设计防火规范(废止）.pdf
DL5027,DL 5027-2015 电力设备典型消防规程,消防,.rar,新标准\电力线路\DL 5027-2015 电力设备典型消防规程.rar
DL5027,DL 5027-2015 电力设备典型消防规程,消防,.pdf,电力\DL 5027-2015 电力设备典型消防规程.PDF
DLT1121,DLT 1121-2009 燃煤电厂锅炉烟气袋式除尘工程技术规范,消防,.pdf,法律标准\标准\设备设施\除尘器\DLT 1121-2009 燃煤电厂锅炉烟气袋式除尘工程技术规范.pdf
DLT5196,DLT 5196-2016 火力发电厂石灰石-石膏湿法烟气脱硫系统设计规程,消防,.rar,垃圾发电补充2\DLT 5196-2016 火力发电厂石灰石-石膏湿法烟气脱硫系统设计规程.rar
DL_T1175,DL_T 1175-2021 火力发电厂锅炉烟气袋式除尘器滤料滤袋技术条件,消防,.pdf,垃圾焚烧\垃圾发电补充1\DL_T 1175-2021 火力发电厂锅炉烟气袋式除尘器滤料滤袋技术条件.pdf
DL_T1967,DL_T 1967-2019 垃圾发电厂烟气净化系统技术规范,消防,.pdf,垃圾焚烧\垃圾发电补充1\DL_T 1967-2019 垃圾发电厂烟气净化系统技术规范.pdf
DL_T1967,DL_T 1967-2019 垃圾发电厂烟气净化系统技术规范,消防,.xdf,法律标准\标准\垃圾\DL_T 1967-2019 垃圾发电厂烟气净化系统技术规范.xdf
GA1131,GA 1131-2014 仓储场所消防安全管理通则,消防,.pdf,法律标准\标准\消防\GA 1131-2014 仓储场所消防安全管理通则.pdf
GA494,GA 494-2004 消防用防坠落装备,消防,.rar,新标准\GA 494-2004 消防用防坠落装备.rar
GA494,GA 494-2004 消防用防坠落装备,消防,.pdf,新标准\GA 494-2004 消防用防坠落装备\GA 494-2004 消防用防坠落装备.pdf
GA503,GA 503-2004 建筑消防设施检测技术规程,消防,.pdf,法律标准\标准\消防\GA 503-2004 建筑消防设施检测技术规程.pdf
GA533,GA533-2012挡烟垂壁,消防,.xdf,法律标准\标准\消防\GA533-2012挡烟垂壁.xdf
GA95,GA 95-2007 灭火器维修与报废规程,消防,.pdf,法律标准\标准\消防\GA 95-2007 灭火器维修与报废规程.pdf
GB-50016,GB-50016-2014-建筑设计防火规范,消防,.doc,法律标准\标准\安全管理\设计\GB-50016-2014-建筑设计防火规范.doc
GB-50016,GB-50016-2014-建筑设计防火规范,消防,.docx,法律标准\标准\安全管理\设计\GB-50016-2014-建筑设计防火规范.docx
GB-50016,GB-50016-2014-建筑设计防火规范,消防,.doc,法律标准\标准\消防\GB-50016-2014-建筑设计防火规范.doc
GB-50016,GB-50016-2014-建筑设计防火规范,消防,.docx,法律标准\标准\消防\GB-50016-2014-建筑设计防火规范.docx
GB-50016,GB-50016-2014-建筑设计防火规范2018修订版),消防,.doc,111111\隐患排查依据文本（一）\隐患排查依据文本（一）\标准\GB-50016-2014-建筑设计防火规范2018修订版).doc
GB-50016,GB-50016-2014-建筑设计防火规范2018修订版),消防,.docx,111111\隐患排查依据文本（一）\隐患排查依据文本（一）\标准\GB-50016-2014-建筑设计防火规范2018修订版).docx
GB-50016,GB-50016-2014-建筑设计防火规范2018修订版),消防,.doc,法律标准\标准\安全管理\设计\GB-50016-2014-建筑设计防火规范2018修订版).doc
GB-50016,GB-50016-2014-建筑设计防火规范2018修订版),消防,.docx,法律标准\标准\安全管理\设计\GB-50016-2014-建筑设计防火规范2018修订版).docx
GB-50160,GB-50160-2008石油化工企业设计防火规范,消防,.pdf,法律标准\标准\安全管理\设计\GB-50160-2008石油化工企业设计防火规范.pdf
GB-50160,石油化工企业设计防火标准-GB-50160-2008（2018版））,消防,.pdf,法律标准\标准\消防\石油化工企业设计防火标准-GB-50160-2008（2018版））.pdf
GB-50694,GB-50694-2011-酒厂设计防火规范,消防,.docx,111111\GB-50694-2011-酒厂设计防火规范.docx
GB-50694,GB-50694-2011-酒厂设计防火规范,消防,.docx,法律标准\标准\安全管理\设计\GB-50694-2011-酒厂设计防火规范.docx
GB12514.1,GB 12514.1-2005 消防接口 第1部分 消防接口通用技术条件,消防,.xdf,法律标准\标准\消防\GB 12514.1-2005 消防接口 第1部分 消防接口通用技术条件.xdf
GB12514.1,GB 12514.1-2005 消防接口+第1部分：消防接口通用技术条件,消防,.pdf,法律标准\标准\消防\GB 12514.1-2005 消防接口+第1部分：消防接口通用技术条件.pdf
GB12514.2,GB 12514.2-2006 消防接口 第2部分：内扣式消防接口型式和基本参数,消防,.pdf,法律标准\标准\消防\GB 12514.2-2006 消防接口 第2部分：内扣式消防接口型式和基本参数.pdf
GB12514.2,GB 12514.2-2006消防接口 第2部分：内扣式消防接口型式和基本参数,消防,.xdf,法律标准\标准\消防\GB 12514.2-2006消防接口 第2部分：内扣式消防接口型式和基本参数.xdf
GB12514.3,GB 12514.3-2006 消防接口 第3部分卡式消防接口型式和基本参数.,消防,.xdf,法律标准\标准\消防\GB 12514.3-2006 消防接口 第3部分卡式消防接口型式和基本参数..xdf
GB12514.4,GB 12514.4-2006 消防接口 第4部分螺纹式消防接口型式和基本参数,消防,.xdf,法律标准\标准\消防\GB 12514.4-2006 消防接口 第4部分螺纹式消防接口型式和基本参数.xdf
GB13495.1,GB 13495.1-2015 消防安全标志 第1部分：标志,消防,.pdf,法律标准\标准\消防\GB 13495.1-2015 消防安全标志 第1部分：标志.pdf
GB14561,GB14561-2003 消火栓箱,消防,.pdf,法律标准\标准\消防\GB14561-2003 消火栓箱.pdf
GB15630,GB 15630-1995 消防安全标志设置要求,消防,.pdf,法律标准\标准\消防\GB 15630-1995 消防安全标志设置要求.pdf
GB15630,消防安全标志设置要求（GB15630-1995）,消防,.pdf,法律标准\标准\消防\消防安全标志设置要求（GB15630-1995）.pdf
GB16543,GB 16543-2008 高炉喷吹烟煤系统防爆安全规程,消防,.xdf,法律标准\标准\爆炸\GB 16543-2008 高炉喷吹烟煤系统防爆安全规程.xdf
GB16669,GB 16669-2010 二氧化碳灭火系统及部件通用技术条件 标准,消防,.xdf,法律标准\标准\消防\GB 16669-2010 二氧化碳灭火系统及部件通用技术条件 标准.xdf
GB16912,GB 16912-2008 深度冷冻法生产氧气及相关气体安全技术规程,消防,.pdf,法律标准\标准\消防\GB 16912-2008 深度冷冻法生产氧气及相关气体安全技术规程.pdf
GB17945,GB 17945-2000 消防应急灯具,消防,.pdf,法律标准\标准\消防\GB 17945-2000 消防应急灯具.pdf
GB17945,GB 17945-2010 消防应急照明和疏散指示系统,消防,.pdf,法律标准\标准\消防\GB 17945-2010 消防应急照明和疏散指示系统.pdf
GB18245,GB 18245－2000 烟草加工系统粉尘防爆安全规程,消防,.doc,法律标准\标准\爆炸\GB 18245－2000 烟草加工系统粉尘防爆安全规程.doc
GB18245,GB 18245－2000 烟草加工系统粉尘防爆安全规程,消防,.docx,法律标准\标准\爆炸\GB 18245－2000 烟草加工系统粉尘防爆安全规程.docx
GB23819,GB 23819-2009 机械安全 火灾防治,消防,.pdf,法律标准\标准\设备设施\机械安全\GB 23819-2009 机械安全 火灾防治.pdf
GB23864,GB23864-2023 防火封堵材料  2024.7.1实施,消防,.pdf,标准（2024.3.3下载）\GB23864-2023 防火封堵材料  2024.7.1实施.pdf
GB25201,GB25201-2010 建筑消防设施的维护管理,消防,.pdf,法律标准\标准\消防\GB25201-2010 建筑消防设施的维护管理.pdf
GB25506,GB 25506-2010 消防控制室通用技术要求,消防,.pdf,法律标准\标准\消防\GB 25506-2010 消防控制室通用技术要求.pdf
GB26465,GB26465-2011消防电梯制造与安装安全规范,消防,.pdf,法律标准\标准\设备设施\电梯\GB26465-2011消防电梯制造与安装安全规范.pdf
GB26851,GB 26851-2011 火灾声和∕或光警报器,消防,.rar,新标准\冶金首鼎标准\GB 26851-2011 火灾声和∕或光警报器.rar
GB32459,GB 32459-2015 消防应急救援装备 手动破拆工具通用技术条件,消防,.rar,新标准\GB 32459-2015 消防应急救援装备 手动破拆工具通用技术条件.rar
GB32459,GB 32459-2015 消防应急救援装备 手动破拆工具通用技术条件,消防,.pdf,新标准\GB 32459-2015 消防应急救援装备 手动破拆工具通用技术条件\GB 32459-2015 消防应急救援装备 手动破拆工具通用技术条件.pdf
GB32460,GB 32460-2015 消防应急救援装备 破拆机具通用技术条件,消防,.rar,新标准\GB 32460-2015 消防应急救援装备 破拆机具通用技术条件.rar
GB32460,GB 32460-2015 消防应急救援装备 破拆机具通用技术条件,消防,.pdf,新标准\GB 32460-2015 消防应急救援装备 破拆机具通用技术条件\GB 32460-2015 消防应急救援装备 破拆机具通用技术条件.pdf
GB3445,GB 3445-2005室内消火栓,消防,.pdf,法律标准\标准\消防\GB 3445-2005室内消火栓.pdf
GB3445,GB 3445-2018 室内消火栓,消防,.xdf,法律标准\标准\消防\GB 3445-2018 室内消火栓.xdf
GB35181,GB 35181-2017 重大火灾隐患判定方法,消防,.pdf,法律标准\标准\消防\GB 35181-2017 重大火灾隐患判定方法.pdf
GB4066.2,GB 4066.2-2004_干粉灭火剂第2部分ABC干粉灭火剂,消防,.pdf,法律标准\标准\消防\GB 4066.2-2004_干粉灭火剂第2部分ABC干粉灭火剂.pdf
GB4351,GB4351-2023 手提式灭火器 2025.1.1实施,消防,.pdf,标准（2024.3.3下载）\GB4351-2023 手提式灭火器 2025.1.1实施.pdf
GB4351.1,GB 4351.1-2005 手提式灭火器 第1部分 性能和结构要求,消防,.pdf,法律标准\标准\消防\GB 4351.1-2005 手提式灭火器 第1部分 性能和结构要求.pdf
GB4351.1,GB4351.1-2005 手提式灭火器 第1部分 性能和结构要求,消防,.xdf,法律标准\标准\消防\GB4351.1-2005 手提式灭火器 第1部分 性能和结构要求.xdf
GB4351.2,GB 4351.2-2005 手提式灭火器 第2部分手提式二氧化碳灭火器钢质无缝瓶体的要求,消防,.pdf,法律标准\标准\消防\GB 4351.2-2005 手提式灭火器 第2部分手提式二氧化碳灭火器钢质无缝瓶体的要求.pdf
GB4396,GB4396-2005二氧化碳灭火剂,消防,.pdf,法律标准\标准\消防\GB4396-2005二氧化碳灭火剂.pdf
GB4452,GB 4452-2011 室外消火栓,消防,.pdf,法律标准\标准\消防\GB 4452-2011 室外消火栓.pdf
GB4452,GB 4452-2011 室外消火栓,消防,.xdf,法律标准\标准\消防\GB 4452-2011 室外消火栓.xdf
GB4717,GB 4717-2005 火灾报警控制器,消防,.pdf,法律标准\标准\消防\GB 4717-2005 火灾报警控制器.pdf
GB50016,GB 50016-2012 建筑设计防火规范送审稿,消防,.pdf,法律标准\标准\消防\GB 50016-2012 建筑设计防火规范送审稿.pdf
GB50016,GB 50016-2014 建筑设计防火规范,消防,.pdf,法律标准\标准\安全管理\设计\GB 50016-2014 建筑设计防火规范.pdf
GB50016,GB50016-2014《建筑设计防火规范》(来源网址),消防,.pdf,法律标准\标准\消防\GB50016-2014《建筑设计防火规范》(来源网址).pdf
GB50016,GB50016-2014建筑设计防火规范(附带条文说明),消防,.docx,法律标准\标准\消防\GB50016-2014建筑设计防火规范(附带条文说明).docx
GB50016,《建筑设计防火规范》GB50016-2014-常见问题释疑-2016.06,消防,.pptx,法律标准\标准\新建文件夹2\《建筑设计防火规范》GB50016-2014-常见问题释疑-2016.06.pptx
GB50016,建筑设计防火规范GB50016-2014(附带条文说明),消防,.docx,法律标准\标准\安全管理\设计\建筑设计防火规范GB50016-2014(附带条文说明).docx
GB50058,13-爆炸和火灾危险环境装置电力设计规范GB50058-2014,消防,.docx,法律标准\标准\饲料\13-爆炸和火灾危险环境装置电力设计规范GB50058-2014.docx
GB50058,GB50058-1992爆炸和火灾危险环境电力装置设计规范(废止）,消防,.doc,法律标准\标准\消防\GB50058-1992爆炸和火灾危险环境电力装置设计规范(废止）.doc
GB50058,GB50058-1992爆炸和火灾危险环境电力装置设计规范(废止）,消防,.docx,法律标准\标准\消防\GB50058-1992爆炸和火灾危险环境电力装置设计规范(废止）.docx
GB50067,GB 50067-97 汽车库、修车库、停车场设计防火规范,消防,.pdf,法律标准\标准\安全管理\设计\GB 50067-97 汽车库、修车库、停车场设计防火规范.pdf
GB50067,GB50067-2014 《汽车库、修车库、停车场设计防火规范》,消防,.xdf,法律标准\标准\消防\GB50067-2014 《汽车库、修车库、停车场设计防火规范》.xdf
GB50116,GB 50116-2013 火灾自动报警系统设计规范,消防,.rar,111111\GB 50116-2013 火灾自动报警系统设计规范.rar
GB50116,GB 50116-2013 火灾自动报警系统设计规范,消防,.pdf,111111\GB 50116-2013 火灾自动报警系统设计规范\GB 50116-2013 火灾自动报警系统设计规范.pdf
GB50116,GB 50116-2013 火灾自动报警系统设计规范,消防,.pdf,法律标准\标准\消防\GB 50116-2013 火灾自动报警系统设计规范.pdf
GB50116,GB 50116-2013 火灾自动报警设计规范,消防,.xdf,法律标准\标准\消防\GB 50116-2013 火灾自动报警设计规范.xdf
GB50116,GB50116-2013 火灾自动报警设计规范,消防,.pdf,法律标准\标准\安全管理\设计\GB50116-2013 火灾自动报警设计规范.pdf
GB50116,GB50116火灾自动报警系统设计规范解读,消防,.xdf,法律标准\标准\安全管理\设计\GB50116火灾自动报警系统设计规范解读.xdf
GB50116,火灾自动报警系统设计规范 GB50116-2013,消防,.xdf,法律标准\标准\安全管理\设计\火灾自动报警系统设计规范 GB50116-2013.xdf
GB50116,"火灾自动报警系统设计规范,GB50116-2013",消防,.xdf,"法律标准\标准\消防\火灾自动报警系统设计规范,GB50116-2013.xdf"
GB50140,GB 50140-2005 建筑灭火器配置设计规范,消防,.doc,111111\隐患排查依据文本（一）\隐患排查依据文本（一）\标准\GB 50140-2005 建筑灭火器配置设计规范.doc
GB50140,GB 50140-2005 建筑灭火器配置设计规范,消防,.docx,111111\隐患排查依据文本（一）\隐患排查依据文本（一）\标准\GB 50140-2005 建筑灭火器配置设计规范.docx
GB50140,GB 50140-2005 建筑灭火器配置设计规范,消防,.doc,法律标准\标准\安全管理\设计\GB 50140-2005 建筑灭火器配置设计规范.doc
GB50140,GB 50140-2005 建筑灭火器配置设计规范,消防,.docx,法律标准\标准\安全管理\设计\GB 50140-2005 建筑灭火器配置设计规范.docx
GB50140,GB 50140-2005 建筑灭火器配置设计规范条文说明,消防,.doc,法律标准\标准\安全管理\设计\GB 50140-2005 建筑灭火器配置设计规范条文说明.doc
GB50140,GB 50140-2005 建筑灭火器配置设计规范条文说明,消防,.docx,法律标准\标准\安全管理\设计\GB 50140-2005 建筑灭火器配置设计规范条文说明.docx
GB50140,GB50140-2005 建筑灭火器配置设计规范,消防,.pdf,法律标准\标准\安全管理\设计\GB50140-2005 建筑灭火器配置设计规范.pdf
GB50140,《建筑灭火器配置设计规范》GB 50140-2005（废止）,消防,.doc,法律标准\标准\消防\《建筑灭火器配置设计规范》GB 50140-2005（废止）.doc
GB50140,《建筑灭火器配置设计规范》GB 50140-2005（废止）,消防,.docx,法律标准\标准\消防\《建筑灭火器配置设计规范》GB 50140-2005（废止）.docx
GB50140,建筑灭火器配置设计规范GB50140-2010,消防,.pdf,法律标准\标准\消防\建筑灭火器配置设计规范GB50140-2010.pdf
GB50160,GB 50160-2008(2018年版) 石油化工企业设计防火标准,消防,.xdf,法律标准\标准\安全管理\设计\GB 50160-2008(2018年版) 石油化工企业设计防火标准.xdf
GB50160,GB50160-2008石油化工企业设计防火标准（2018年版）,消防,.xdf,法律标准\标准\消防\GB50160-2008石油化工企业设计防火标准（2018年版）.xdf
GB50160,石油化工企业设计防火规范(GB50160-201,消防,.doc,法律标准\标准\消防\石油化工企业设计防火规范(GB50160-201.doc
GB50160,石油化工企业设计防火规范(GB50160-201,消防,.docx,法律标准\标准\消防\石油化工企业设计防火规范(GB50160-201.docx
GB50166,GB 50166-92 火灾自动报警系统施工及验收规范,消防,.doc,法律标准\标准\参考资料\GB 50166-92 火灾自动报警系统施工及验收规范.doc
GB50166,GB 50166-92 火灾自动报警系统施工及验收规范,消防,.docx,法律标准\标准\参考资料\GB 50166-92 火灾自动报警系统施工及验收规范.docx
GB50166,GB50166-2007《火灾自动报警系统施工及验收规范》,消防,.pdf,法律标准\标准\消防\GB50166-2007《火灾自动报警系统施工及验收规范》.pdf
GB50183,GB 50183-2004石油天然气工程设计防火规范,消防,.xdf,法律标准\标准\法规标准补充\GB 50183-2004石油天然气工程设计防火规范.xdf
GB50222,建筑内部装修设计防火规范 GB50222-2017,消防,.xdf,法律标准\标准\消防\建筑内部装修设计防火规范 GB50222-2017.xdf
GB50229,GB 50229-2019 火力发电厂与变电站设计防火标准,消防,.pdf,111111\GB 50229-2019 火力发电厂与变电站设计防火标准.pdf
GB50229,GB50229－2006《火力发电厂与变电所设计防火规范》,消防,.pdf,法律标准\标准\安全管理\设计\GB50229－2006《火力发电厂与变电所设计防火规范》.pdf
GB50347,GB50347-2004干粉灭火系统设计规范,消防,.xdf,法律标准\标准\消防\GB50347-2004干粉灭火系统设计规范.xdf
GB50351,GB50351-2014 储罐区防火堤设计规范,消防,.pdf,法律标准\标准\安全管理\设计\GB50351-2014 储罐区防火堤设计规范.pdf
GB50351,GB50351-2014 储罐区防火堤设计规范.,消防,.xdf,法律标准\标准\化学品\GB50351-2014 储罐区防火堤设计规范..xdf
GB50370,气体灭火系统设计规范(GB50370-2005),消防,.xdf,法律标准\标准\消防\气体灭火系统设计规范(GB50370-2005).xdf
GB50414,GB 50414-2007 钢铁冶金企业设计防火规范,消防,.pdf,法律标准\标准\消防\GB 50414-2007 钢铁冶金企业设计防火规范.pdf
GB50414,GB 50414-2018 钢铁冶金企业设计防火标准,消防,.pdf,法律标准\标准\消防\GB 50414-2018 钢铁冶金企业设计防火标准.pdf
GB50414,GB 50414-2018 钢铁冶金企业设计防火标准,消防,.xdf,法律标准\标准\钢铁\GB 50414-2018 钢铁冶金企业设计防火标准.xdf
GB50444,GB 50444-2008 建筑灭火器配置验收及检查规范,消防,.pdf,法律标准\标准\消防\GB 50444-2008 建筑灭火器配置验收及检查规范.pdf
GB50444,GB50444-2008建筑灭火器配置验收及检查规范,消防,.xdf,法律标准\标准\消防\GB50444-2008建筑灭火器配置验收及检查规范.xdf
GB50565,GB 50565-2010 纺织工程设计防火规范,消防,.pdf,法律标准\标准\安全管理\设计\GB 50565-2010 纺织工程设计防火规范.pdf
GB50630,"有色金属工程设计防火规范,GB50630-2010",消防,.xdf,"法律标准\标准\消防\有色金属工程设计防火规范,GB50630-2010.xdf"
GB50694,GB 50694-2011 酒厂设计防火规范,消防,.rar,111111\GB 50694-2011 酒厂设计防火规范.rar
GB50694,GB 50694-2011 酒厂设计防火规范,消防,.pdf,111111\GB 50694-2011 酒厂设计防火规范\GB 50694-2011 酒厂设计防火规范.pdf
GB50694,GB 50694-2011 酒厂设计防火规范,消防,.pdf,111111\隐患排查依据文本（一）\隐患排查依据文本（一）\法规\GB 50694-2011 酒厂设计防火规范.pdf
GB50694,GB 50694-2011 酒厂设计防火规范,消防,.pdf,法律标准\标准\安全管理\设计\GB 50694-2011 酒厂设计防火规范.pdf
GB50694,GB 50694-2011 高清晰版 酒厂设计防火规范,消防,.docx,111111\GB 50694-2011 高清晰版 酒厂设计防火规范.docx
GB50694,GB 50694-2011 高清晰版 酒厂设计防火规范,消防,.pdf,111111\GB 50694-2011 高清晰版 酒厂设计防火规范.pdf
GB50974,GB50974-2014消防给水及消火栓系统技术规范 ,消防,.pdf,法律标准\标准\消防\GB50974-2014消防给水及消火栓系统技术规范 .pdf
GB50974,GB50974-2014消防给水及消火栓系统技术规范（高清含条文说明）,消防,.xdf,法律标准\标准\消防\GB50974-2014消防给水及消火栓系统技术规范（高清含条文说明）.xdf
GB51020,GB 51020-2014 铝电解厂通风除尘与烟气净化设计规范,消防,.pdf,法律标准\标准\设备设施\除尘器\GB 51020-2014 铝电解厂通风除尘与烟气净化设计规范.pdf
GB51249,"建筑钢结构防火技术规范,GB51249-2017",消防,.xdf,"法律标准\标准\消防\建筑钢结构防火技术规范,GB51249-2017.xdf"
GB51309,GB51309-2018消防应急照明和疏散指示系统技术标准,消防,.xdf,法律标准\标准\消防\GB51309-2018消防应急照明和疏散指示系统技术标准.xdf
GB55036,GB 55036-2022 消防设施通用规范,消防,.pdf,111111\隐患排查依据文本（一）\隐患排查依据文本（一）\标准\GB 55036-2022 消防设施通用规范.pdf
GB55036,GB 55036-2022 消防设施通用规范,消防,.pdf,新建文件夹\GB 55036-2022 消防设施通用规范.pdf
GB55036.,《消防设施通用规范》GB 55036,消防,.docx,新标准\《消防设施通用规范》GB 55036.docx
GB55037,《建筑防火通用规范》GB 55037-2022，自2023年6月1日起实施(2),消防,.docx,111111\隐患排查依据文本（一）\隐患排查依据文本（一）\标准\《建筑防火通用规范》GB 55037-2022，自2023年6月1日起实施(2).docx
GB6246,GB 6246-2011 消防水带,消防,.pdf,法律标准\标准\消防\GB 6246-2011 消防水带.pdf
GB6246,GB6246-2011 消防水带,消防,.pdf,法律标准\标准\消防\GB6246-2011 消防水带.pdf
GB8109,GB 8109-2005 推车式灭火器,消防,.pdf,法律标准\标准\消防\GB 8109-2005 推车式灭火器.pdf
GB8109,GB8109-2023 推车式灭火器 2025.1.1实施,消防,.pdf,标准（2024.3.3下载）\GB8109-2023 推车式灭火器 2025.1.1实施.pdf
GBT29175,GBT 29175-2012 消防应急救援 技术训练指南,消防,.pdf,法律标准\标准\消防\GBT 29175-2012 消防应急救援 技术训练指南.pdf
GBT29178,GBT 29178-2012 消防应急救援 装备配备指南,消防,.rar,新标准\GBT 29178-2012 消防应急救援 装备配备指南.rar
GBT29178,GBT 29178-2012 消防应急救援 装备配备指南,消防,.pdf,新标准\GBT 29178-2012 消防应急救援 装备配备指南\GBT 29178-2012 消防应急救援 装备配备指南.pdf
GBT29178,GBT 29178-2012 消防应急救援 装备配备指南,消防,.pdf,法律标准\标准\消防\GBT 29178-2012 消防应急救援 装备配备指南.pdf
GBT29179,GBT 29179-2012 消防应急救援 作业规程,消防,.pdf,法律标准\标准\消防\GBT 29179-2012 消防应急救援 作业规程.pdf
GB_50140,《建筑灭火器配置设计规范》GB_50140-2005正式版,消防,.pdf,法律标准\标准\安全管理\设计\《建筑灭火器配置设计规范》GB_50140-2005正式版.pdf
GB_T28056,GB_T 28056-2011 烟道式余热锅炉通用技术条件,消防,.xdf,法律标准\标准\余热\GB_T 28056-2011 烟道式余热锅炉通用技术条件.xdf
GB∕T23819,GB∕T 23819-2018 机械安全 防火与消防,消防,.pdf,新标准\标准\GB∕T 23819-2018 机械安全 防火与消防.pdf
GB／T1527,GB／T 1527-2017 铜及铜合金拉制管,消防,.xdf,法律标准\标准\消防\GB／T 1527-2017 铜及铜合金拉制管.xdf
HJ_T288,环境保护产品技术要求湿式烟气脱硫除尘装置（HJ_T 288-2006）,消防,.pdf,法律标准\标准\设备设施\除尘器\环境保护产品技术要求湿式烟气脱硫除尘装置（HJ_T 288-2006）.pdf
JBT-10143,JBT-10143-2012-电火花成形机床用自动灭火器-技术条件,消防,.pdf,法律标准\标准\设备设施\普通机床\JBT-10143-2012-电火花成形机床用自动灭火器-技术条件.pdf
JBT10921,JBT 10921-2008 燃煤锅炉烟气袋式除尘器,消防,.pdf,法律标准\标准\设备设施\除尘器\JBT 10921-2008 燃煤锅炉烟气袋式除尘器.pdf
JBT11886,JBT 11886-2014 生物质燃烧发电锅炉烟气袋式除尘器,消防,.pdf,法律标准\标准\设备设施\除尘器\JBT 11886-2014 生物质燃烧发电锅炉烟气袋式除尘器.pdf
JBT12130,JBT 12130-2015 烟气脱硝液氨供应系统设计规程,消防,.docx,111111\新建文件夹 (2)(1)\新建文件夹 (2)\JBT 12130-2015 烟气脱硝液氨供应系统设计规程.docx
JBT12130,JBT 12130-2015 烟气脱硝液氨供应系统设计规程,消防,.pdf,111111\隐患排查依据文本（一）\隐患排查依据文本（一）\法规\JBT 12130-2015 烟气脱硝液氨供应系统设计规程.pdf
JBT12130,JBT 12130-2015 烟气脱硝液氨供应系统设计规程,消防,.pdf,111111\隐患排查依据文本（二）\隐患排查依据文本（二）\JBT 12130-2015 烟气脱硝液氨供应系统设计规程.pdf
JBT12130,JBT 12130-2015 烟气脱硝液氨供应系统设计规程,消防,.pdf,水泥\JBT 12130-2015 烟气脱硝液氨供应系统设计规程.pdf
JBT12130,JBT 12130-2015 烟气脱硝液氨供应系统设计规程,消防,.pdf,石膏机械\JB∕T 12130-2015 烟气脱硝液氨供应系统设计规程\JBT 12130-2015 烟气脱硝液氨供应系统设计规程.pdf
JBT7603,JBT 7603-1994 烟道式余热锅炉设计导则,消防,.xdf,法律标准\标准\余热\JBT 7603-1994 烟道式余热锅炉设计导则.xdf
JB∕T12130,JB∕T 12130-2015 烟气脱硝液氨供应系统设计规程,消防,.rar,石膏机械\JB∕T 12130-2015 烟气脱硝液氨供应系统设计规程.rar
XF1131,XF 1131-2014 仓储场所消防安全管理通则,消防,.docx,新标准\新增\XF 1131-2014 仓储场所消防安全管理通则.docx
XF1131,XF 1131-2014 仓储场所消防安全管理通则,消防,.pdf,新标准\物流标准\XF 1131-2014 仓储场所消防安全管理通则.pdf
XF_T3019,XF_T 3019-2023 大型商业综合体消防安全管理规则,消防,.pdf,新建文件夹\XF_T 3019-2023 大型商业综合体消防安全管理规则.pdf
,03J611-4 铝合金、彩钢、不锈钢夹芯板大门,消防,.xdf,法律标准\标准\消防\03J611-4 铝合金、彩钢、不锈钢夹芯板大门.xdf
,04S204 消防专用水泵选用及安装,消防,.xdf,法律标准\标准\消防\04S204 消防专用水泵选用及安装.xdf
,06D105 电缆防火阻燃设计与施工,消防,.xdf,法律标准\标准\消防\06D105 电缆防火阻燃设计与施工.xdf
,06R403_锅炉房风烟道及附件_动力专业图集,消防,.pdf,法律标准\标准\锅炉\06R403_锅炉房风烟道及附件_动力专业图集.pdf
,07S207 气体消防系统选用、安装与建筑灭火器配置,消防,.xdf,法律标准\标准\消防\07S207 气体消防系统选用、安装与建筑灭火器配置.xdf
,1 在烟气容易集聚的地方,消防,.docx,法律标准\标准\1 在烟气容易集聚的地方.docx
,119消防疏散演练方案及流程（17页）,消防,.docx,应急\2021.3.4应急演练、桌面演练、脚本、记录大全（500项）\2021.3.4应急演练、桌面演练、脚本、记录大全（500项）\应急演练方案、脚本、计划、总结大全\119消防疏散演练方案及流程（17页）.docx
,12J814 《汽车库、修车库、停车场设计防火规范》图示,消防,.pdf,法律标准\标准\安全管理\设计\12J814 《汽车库、修车库、停车场设计防火规范》图示.pdf
,12J912-2 常用设备用房 ,消防,.pdf,法律标准\标准\消防\12J912-2 常用设备用房 .pdf
,13S201室外消火栓及消防水鹤安装,消防,.pdf,法律标准\标准\消防\13S201室外消火栓及消防水鹤安装.pdf
,14X505-1,消防,.rar,法律标准\标准\消防\14X505-1.rar
,15S202 室内消火栓安装,消防,.xdf,法律标准\标准\消防\15S202 室内消火栓安装.xdf
,15S202_室内消火栓安装_OCR（带书签）,消防,.pdf,法律标准\标准\消防\15S202_室内消火栓安装_OCR（带书签）.pdf
,16S211 高位消防贮水箱选用及安装,消防,.xdf,法律标准\标准\消防\16S211 高位消防贮水箱选用及安装.xdf
,17S205 消防给水稳压设备选用与安装（2018.12更正版本）,消防,.xdf,法律标准\标准\消防\17S205 消防给水稳压设备选用与安装（2018.12更正版本）.xdf
,18J811-1_建筑设计防火规范图示,消防,.pdf,法律标准\标准\安全管理\设计\18J811-1_建筑设计防火规范图示.pdf
,19CJ60-5 防火、抗爆、泄爆板建筑构造-玻特防火板、钢贝特抗爆板、保贝特泄爆板,消防,.pdf,法律标准\标准\爆破片\19CJ60-5 防火、抗爆、泄爆板建筑构造-玻特防火板、钢贝特抗爆板、保贝特泄爆板.pdf
,19CJ60-5 防火、抗爆、泄爆板建筑构造—玻特防火板、钢贝特抗爆板、保贝特泄爆板,消防,.xdf,法律标准\标准\安全管理\设计\19CJ60-5 防火、抗爆、泄爆板建筑构造—玻特防火板、钢贝特抗爆板、保贝特泄爆板.xdf
,19D702-7 应急照明设计与安装,消防,.xdf,法律标准\标准\消防\19D702-7 应急照明设计与安装.xdf
,2021.2.1专题课件四：春节前安全教育课件,消防,.ppt,法律标准\标准\消防\2021.2.1专题课件四：春节前安全教育课件.ppt
,2021新版企业双重预防机制构建专题培训,消防,.pptx,法律标准\标准\消防\2021新版企业双重预防机制构建专题培训.pptx
,27.5%的双氧水划为乙类火灾危险类别的依据,消防,.doc,法律标准\标准\化学品\危险化学品文件要求\新建文件夹\27.5%的双氧水划为乙类火灾危险类别的依据.doc
,27.5%的双氧水划为乙类火灾危险类别的依据,消防,.docx,法律标准\标准\化学品\危险化学品文件要求\新建文件夹\27.5%的双氧水划为乙类火灾危险类别的依据.docx
,DGT J08-2022-2007 油浸式电力变压器火灾报警与灭火系统技术规程,消防,.rar,新标准\DGT J08-2022-2007 油浸式电力变压器火灾报警与灭火系统技术规程.rar
,DGT J08-2022-2007 油浸式电力变压器火灾报警与灭火系统技术规程,消防,.pdf,新标准\DGT J08-2022-2007 油浸式电力变压器火灾报警与灭火系统技术规程\DGT J08-2022-2007 油浸式电力变压器火灾报警与灭火系统技术规程.pdf
,DGT J08-2022-2007 油浸式电力变压器火灾报警与灭火系统技术规程,消防,.pdf,新标准\冶金首鼎标准\DGT J08-2022-2007 油浸式电力变压器火灾报警与灭火系统技术规程.pdf
,GBT+38315-2019社会单位灭火和应急疏散预案编制及实施导则,消防,.pdf,安全标准\GBT+38315-2019社会单位灭火和应急疏散预案编制及实施导则.pdf
,HGT 4335.7-2012 酸类物质泄漏的处理处置方法 第7部分：发烟硫酸,消防,.rar,标准\新建文件夹\HGT 4335.7-2012 酸类物质泄漏的处理处置方法 第7部分：发烟硫酸.rar
,HGT 4335.7-2012 酸类物质泄漏的处理处置方法 第7部分：发烟硫酸,消防,.pdf,标准\新建文件夹\HGT 4335.7-2012 酸类物质泄漏的处理处置方法 第7部分：发烟硫酸\HGT 4335.7-2012 酸类物质泄漏的处理处置方法 第7部分：发烟硫酸.pdf
,JB T 12130-2015 烟气脱硝液氨供应系统设计规程,消防,.xdf,法律标准\标准\水泥\JB T 12130-2015 烟气脱硝液氨供应系统设计规程.xdf
,JGJ 57-2000 剧场建筑设计规范,消防,.pdf,法律标准\标准\消防\JGJ 57-2000 剧场建筑设计规范.pdf
,XF T 3004-2020 汽车加油加气站消防安全管理,消防,.pdf,法律标准\标准\安全管理\设计\XF T 3004-2020 汽车加油加气站消防安全管理.pdf
,XX公司消防演练总结,消防,.docx,应急\2021.3.4应急演练、桌面演练、脚本、记录大全（500项）\2021.3.4应急演练、桌面演练、脚本、记录大全（500项）\应急演练方案、脚本、计划、总结大全\XX公司消防演练总结.docx
,YC-T 478-2013 烟草商业企业卷烟物流配送中心安全管理规范,消防,.xdf,法律标准\标准\烟草\YC-T 478-2013 烟草商业企业卷烟物流配送中心安全管理规范.xdf
,YCT 86.2-2006 烟草机械 带式输送机 第2部分：技术条件,消防,.pdf,输送带（机）\YCT 86.2-2006 烟草机械 带式输送机 第2部分：技术条件.pdf
,YC_T 384.2-2018 烟草企业安全生产标准化规范 第2部分：安全技术和现场规范,消防,.xdf,法律标准\标准\烟草\YC_T 384.2-2018 烟草企业安全生产标准化规范 第2部分：安全技术和现场规范.xdf
,ehs管理体系-第一章（83p）,消防,.ppt,法律标准\标准\消防\ehs管理体系-第一章（83p）.ppt
,“冬季四防”火灾事故应急救援预案演练方案,消防,.doc,应急\2021.3.4应急演练、桌面演练、脚本、记录大全（500项）\2021.3.4应急演练、桌面演练、脚本、记录大全（500项）\应急演练方案、脚本、计划、总结大全\“冬季四防”火灾事故应急救援预案演练方案.doc
,“冬季四防”火灾事故应急救援预案演练方案,消防,.docx,应急\2021.3.4应急演练、桌面演练、脚本、记录大全（500项）\2021.3.4应急演练、桌面演练、脚本、记录大全（500项）\应急演练方案、脚本、计划、总结大全\“冬季四防”火灾事故应急救援预案演练方案.docx
,《中华人民共和国消防法》,消防,.doc,法律标准\标准\消防\《中华人民共和国消防法》.doc
,《中华人民共和国消防法》,消防,.docx,法律标准\标准\消防\《中华人民共和国消防法》.docx
,《建筑设计防火规范》图解,消防,.rar,111111\《建筑设计防火规范》图解.rar
,《建筑设计防火规范》图解,消防,.pdf,111111\《建筑设计防火规范》图解\《建筑设计防火规范》图解.pdf
,《建设工程消防监督管理规定》（119号令）,消防,.doc,法律标准\标准\消防\《建设工程消防监督管理规定》（119号令）.doc
,《建设工程消防监督管理规定》（119号令）,消防,.docx,法律标准\标准\消防\《建设工程消防监督管理规定》（119号令）.docx
,《消防产品监督管理规定》（122号令）,消防,.doc,法律标准\标准\消防\《消防产品监督管理规定》（122号令）.doc
,《消防产品监督管理规定》（122号令）,消防,.docx,法律标准\标准\消防\《消防产品监督管理规定》（122号令）.docx
,《消防监督检查规定》(120号令),消防,.doc,法律标准\标准\消防\《消防监督检查规定》(120号令).doc
,《消防监督检查规定》(120号令),消防,.docx,法律标准\标准\消防\《消防监督检查规定》(120号令).docx
,《火灾事故调查规定》（121号令）,消防,.doc,法律标准\标准\消防\《火灾事故调查规定》（121号令）.doc
,《火灾事故调查规定》（121号令）,消防,.docx,法律标准\标准\消防\《火灾事故调查规定》（121号令）.docx
,《社会消防技术服务管理规定》（公安部令第129号）,消防,.doc,法律标准\标准\消防\《社会消防技术服务管理规定》（公安部令第129号）.doc
,《社会消防技术服务管理规定》（公安部令第129号）,消防,.docx,法律标准\标准\消防\《社会消防技术服务管理规定》（公安部令第129号）.docx
,上海市消防安全风险排查方法、标准及措施,消防,.pdf,新法规\上海市消防安全风险排查方法、标准及措施.pdf
,中华人民共和国消防法主席令[2008]6号,消防,.doc,法律标准\法律法规\消防法律法规\中华人民共和国消防法主席令[2008]6号.doc
,中华人民共和国消防法主席令[2008]6号,消防,.docx,法律标准\法律法规\消防法律法规\中华人民共和国消防法主席令[2008]6号.docx
,中华人民共和国消防法（2021版）,消防,.docx,111111\中华人民共和国消防法（2021版）.docx
,中华人民共和国消防法（2021版）,消防,.docx,111111\隐患排查依据文本（一）\隐患排查依据文本（一）\法规\中华人民共和国消防法（2021版）.docx
,中国石油天然气集团公司消防安全管理办法-中油安[2015]367号,消防,.doc,法律标准\法律法规\集团规章\中国石油天然气集团公司消防安全管理办法-中油安[2015]367号.doc
,中国石油天然气集团公司消防安全管理办法-中油安[2015]367号,消防,.docx,法律标准\法律法规\集团规章\中国石油天然气集团公司消防安全管理办法-中油安[2015]367号.docx
,人员密集场所消防安全“四个能力”建设标准,消防,.doc,法律标准\标准\商场\人员密集场所消防安全“四个能力”建设标准.doc
,人员密集场所消防安全“四个能力”建设标准,消防,.docx,法律标准\标准\商场\人员密集场所消防安全“四个能力”建设标准.docx
,人工洞白酒库消防安全难点解决方案,消防,.pdf,法律标准\标准\人工洞白酒库消防安全难点解决方案.pdf
,人工洞白酒库防火设计,消防,.pdf,法律标准\标准\人工洞白酒库防火设计.pdf
,仓库防火安全管理规则-公安部[1990]6号,消防,.doc,法律标准\法律法规\消防法律法规\仓库防火安全管理规则-公安部[1990]6号.doc
,仓库防火安全管理规则-公安部[1990]6号,消防,.docx,法律标准\法律法规\消防法律法规\仓库防火安全管理规则-公安部[1990]6号.docx
,仓库防火安全管理规则（公安部令 第6号1990）,消防,.doc,法律标准\法律法规\危化品法律法规\仓库防火安全管理规则（公安部令 第6号1990）.doc
,仓库防火安全管理规则（公安部令 第6号1990）,消防,.docx,法律标准\法律法规\危化品法律法规\仓库防火安全管理规则（公安部令 第6号1990）.docx
,公众聚集场所易燃可燃装修材料消防安全专项整治验收工作方案,消防,.doc,法律标准\法律法规\燃气\文件-杂货铺\公众聚集场所易燃可燃装修材料消防安全专项整治验收工作方案.doc
,公众聚集场所易燃可燃装修材料消防安全专项整治验收工作方案,消防,.docx,法律标准\法律法规\燃气\文件-杂货铺\公众聚集场所易燃可燃装修材料消防安全专项整治验收工作方案.docx
,公众聚集场所消防安全要求,消防,.docx,新法规\公众聚集场所消防安全要求.docx
,关于加强锂离子电池厂房消防安全监管的通知,消防,.xdf,锂电池资料\电池其他\关于加强锂离子电池厂房消防安全监管的通知.xdf
,关于厂房火灾危险性判定的疑难解析,消防,.docx,法律标准\标准\消防\关于厂房火灾危险性判定的疑难解析.docx
,关于消防救援领域行业标准以“XF”代号重新编号发布的公告,消防,.docx,法律标准\法律法规\关于消防救援领域行业标准以“XF”代号重新编号发布的公告.docx
,关于转发《国家安监总局办公厅关于印发机械纺织卷烟造纸白酒建设项目初步设计安全专篇编写提纲通知》的通知,消防,.doc,法律标准\法律法规\安全评价\关于转发《国家安监总局办公厅关于印发机械纺织卷烟造纸白酒建设项目初步设计安全专篇编写提纲通知》的通知.doc
,关于转发《国家安监总局办公厅关于印发机械纺织卷烟造纸白酒建设项目初步设计安全专篇编写提纲通知》的通知,消防,.docx,法律标准\法律法规\安全评价\关于转发《国家安监总局办公厅关于印发机械纺织卷烟造纸白酒建设项目初步设计安全专篇编写提纲通知》的通知.docx
,关于进一步加强工贸企业火灾隐患防范工作的提示函,消防,.pdf,安全标准\关于进一步加强工贸企业火灾隐患防范工作的提示函.pdf
,冶金有色建材机械轻工纺织烟草商贸行业安全监管分类标准（试行）,消防,.docx,法律标准\法律法规\冶金有色建材机械轻工纺织烟草商贸行业安全监管分类标准（试行）.docx
,国务院安全生产委员会关于开展劳动密集型企业消防安全专项治理工作的通知安委,消防,.docx,法律标准\标准\消防\国务院安全生产委员会关于开展劳动密集型企业消防安全专项治理工作的通知安委.docx
,国家安全监管总局关于进一步做好冶金有色建材机械轻工纺织烟草商贸等行业建设项目安全设施“三同时”工作的,消防,.doc,法律标准\法律法规\燃气\文件-杂货铺\国家安全监管总局关于进一步做好冶金有色建材机械轻工纺织烟草商贸等行业建设项目安全设施“三同时”工作的.doc
,国家安全监管总局关于进一步做好冶金有色建材机械轻工纺织烟草商贸等行业建设项目安全设施“三同时”工作的,消防,.docx,法律标准\法律法规\燃气\文件-杂货铺\国家安全监管总局关于进一步做好冶金有色建材机械轻工纺织烟草商贸等行业建设项目安全设施“三同时”工作的.docx
,国家安全监管总局办公厅关于印发2010年冶金有色建材机械轻工纺织烟草商贸等行业,消防,.doc,法律标准\法律法规\燃气\文件-杂货铺\国家安全监管总局办公厅关于印发2010年冶金有色建材机械轻工纺织烟草商贸等行业.doc
,国家安全监管总局办公厅关于印发2010年冶金有色建材机械轻工纺织烟草商贸等行业,消防,.docx,法律标准\法律法规\燃气\文件-杂货铺\国家安全监管总局办公厅关于印发2010年冶金有色建材机械轻工纺织烟草商贸等行业.docx
,国家安监总局关于进一步做好冶金有色建材机械轻工纺织烟草商贸等行业建设项目安全设施“三同时”工作的通知,消防,.doc,法律标准\法律法规\燃气\文件-杂货铺\国家安监总局关于进一步做好冶金有色建材机械轻工纺织烟草商贸等行业建设项目安全设施“三同时”工作的通知.doc
,国家安监总局关于进一步做好冶金有色建材机械轻工纺织烟草商贸等行业建设项目安全设施“三同时”工作的通知,消防,.docx,法律标准\法律法规\燃气\文件-杂货铺\国家安监总局关于进一步做好冶金有色建材机械轻工纺织烟草商贸等行业建设项目安全设施“三同时”工作的通知.docx
,国家标准图《高位消防贮水箱选用与安装》（16S211）介绍 PPT,消防,.xdf,法律标准\标准\消防\国家标准图《高位消防贮水箱选用与安装》（16S211）介绍 PPT.xdf
,大型木器加工厂消防工程设计,消防,.xdf,法律标准\标准\木材加工\大型木器加工厂消防工程设计.xdf
,大气排放各个标准规定的烟囱高度要求,消防,.doc,法律标准\法律法规\环境保护法律法规\大气排放各个标准规定的烟囱高度要求.doc
,大气排放各个标准规定的烟囱高度要求,消防,.docx,法律标准\法律法规\环境保护法律法规\大气排放各个标准规定的烟囱高度要求.docx
,安徽省人民政府安全生产委员会关于开展劳动密集型企业消防安全专项治理工作的通知,消防,.doc,法律标准\标准\消防\安徽省人民政府安全生产委员会关于开展劳动密集型企业消防安全专项治理工作的通知.doc
,安徽省人民政府安全生产委员会关于开展劳动密集型企业消防安全专项治理工作的通知,消防,.docx,法律标准\标准\消防\安徽省人民政府安全生产委员会关于开展劳动密集型企业消防安全专项治理工作的通知.docx
,室外消火栓安装,消防,.xdf,法律标准\标准\消防\室外消火栓安装.xdf
,年度第一次消防演练计划,消防,.docx,应急\2021.3.4应急演练、桌面演练、脚本、记录大全（500项）\2021.3.4应急演练、桌面演练、脚本、记录大全（500项）\应急演练方案、脚本、计划、总结大全\年度第一次消防演练计划.docx
,应急管理部办公厅关于修订冶金有色建材机械轻工纺织烟草商贸行业安全监管分类标准试行的通知应急厅,消防,.docx,新文件包\应急管理部办公厅关于修订冶金有色建材机械轻工纺织烟草商贸行业安全监管分类标准试行的通知应急厅.docx
,建筑工程消防验收评定暂行办法-2010,消防,.doc,法律标准\法律法规\消防法律法规\建筑工程消防验收评定暂行办法-2010.doc
,建筑工程消防验收评定暂行办法-2010,消防,.docx,法律标准\法律法规\消防法律法规\建筑工程消防验收评定暂行办法-2010.docx
,建筑防火通用规范55037-2022,消防,.pdf,新标准\建筑防火通用规范55037-2022.pdf
,建设工程消防监督管理规定,消防,.doc,法律标准\标准\消防\建设工程消防监督管理规定.doc
,建设工程消防监督管理规定,消防,.docx,法律标准\标准\消防\建设工程消防监督管理规定.docx
,建设工程消防监督管理规定-公安部令〔2012〕119号,消防,.doc,法律标准\法律法规\消防法律法规\建设工程消防监督管理规定-公安部令〔2012〕119号.doc
,建设工程消防监督管理规定-公安部令〔2012〕119号,消防,.docx,法律标准\法律法规\消防法律法规\建设工程消防监督管理规定-公安部令〔2012〕119号.docx
,建设工程消防监督管理规定[2012],消防,.doc,法律标准\标准\消防\建设工程消防监督管理规定[2012].doc
,建设工程消防监督管理规定[2012],消防,.docx,法律标准\标准\消防\建设工程消防监督管理规定[2012].docx
,施工现场消防演练和应急疏散预案,消防,.doc,应急\2021.3.4应急演练、桌面演练、脚本、记录大全（500项）\2021.3.4应急演练、桌面演练、脚本、记录大全（500项）\应急演练方案、脚本、计划、总结大全\施工现场消防演练和应急疏散预案.doc
,施工现场消防演练和应急疏散预案,消防,.docx,应急\2021.3.4应急演练、桌面演练、脚本、记录大全（500项）\2021.3.4应急演练、桌面演练、脚本、记录大全（500项）\应急演练方案、脚本、计划、总结大全\施工现场消防演练和应急疏散预案.docx
,施工现场火灾应急演练方案,消防,.doc,应急\2021.3.4应急演练、桌面演练、脚本、记录大全（500项）\2021.3.4应急演练、桌面演练、脚本、记录大全（500项）\应急演练方案、脚本、计划、总结大全\施工现场火灾应急演练方案.doc
,施工现场火灾应急演练方案,消防,.docx,应急\2021.3.4应急演练、桌面演练、脚本、记录大全（500项）\2021.3.4应急演练、桌面演练、脚本、记录大全（500项）\应急演练方案、脚本、计划、总结大全\施工现场火灾应急演练方案.docx
,施工现场火灾应急演练方案模板,消防,.doc,应急\2021.3.4应急演练、桌面演练、脚本、记录大全（500项）\2021.3.4应急演练、桌面演练、脚本、记录大全（500项）\应急演练方案、脚本、计划、总结大全\施工现场火灾应急演练方案模板.doc
,施工现场火灾应急演练方案模板,消防,.docx,应急\2021.3.4应急演练、桌面演练、脚本、记录大全（500项）\2021.3.4应急演练、桌面演练、脚本、记录大全（500项）\应急演练方案、脚本、计划、总结大全\施工现场火灾应急演练方案模板.docx
,更多资料访问 - 标准分享网,消防,.mht,111111\GB 50116-2013 火灾自动报警系统设计规范\更多资料访问 - 标准分享网.mht
,更多资料访问 - 标准分享网,消防,.mht,111111\GB 50694-2011 酒厂设计防火规范\更多资料访问 - 标准分享网.mht
,机关、团体、企业、事业单位消防安全管理规定-公安部令[2002]  第61号,消防,.doc,法律标准\法律法规\消防法律法规\机关、团体、企业、事业单位消防安全管理规定-公安部令[2002]  第61号.doc
,机关、团体、企业、事业单位消防安全管理规定-公安部令[2002]  第61号,消防,.docx,法律标准\法律法规\消防法律法规\机关、团体、企业、事业单位消防安全管理规定-公安部令[2002]  第61号.docx
,森林火灾应急预案演练方案,消防,.docx,应急\2021.3.4应急演练、桌面演练、脚本、记录大全（500项）\2021.3.4应急演练、桌面演练、脚本、记录大全（500项）\应急演练方案、脚本、计划、总结大全\森林火灾应急预案演练方案.docx
,森林火灾桌面应急演练方案,消防,.docx,应急\2021.3.4应急演练、桌面演练、脚本、记录大全（500项）\2021.3.4应急演练、桌面演练、脚本、记录大全（500项）\应急演练方案、脚本、计划、总结大全\森林火灾桌面应急演练方案.docx
,民用建筑设置锅炉房消防设计规定,消防,.ppt,法律标准\标准\消防\民用建筑设置锅炉房消防设计规定.ppt
,水泥工厂煤粉制备系统防火防爆安全规程（征求意见稿）和编制说,消防,.doc,水泥\水泥工厂煤粉制备系统防火防爆安全规程（征求意见稿）和编制说.doc
,水泥工厂煤粉制备系统防火防爆安全规程（征求意见稿）和编制说,消防,.docx,水泥\水泥工厂煤粉制备系统防火防爆安全规程（征求意见稿）和编制说.docx
,河北省消防安全责任制实施办法,消防,.doc,法律标准\标准\消防\河北省消防安全责任制实施办法.doc
,河北省消防安全责任制实施办法,消防,.docx,法律标准\标准\消防\河北省消防安全责任制实施办法.docx
,河北省消防安全重点单位界定标准,消防,.doc,法律标准\标准\消防\河北省消防安全重点单位界定标准.doc
,河北省消防安全重点单位界定标准,消防,.docx,法律标准\标准\消防\河北省消防安全重点单位界定标准.docx
,河北省消防条例,消防,.doc,法律标准\标准\消防\河北省消防条例.doc
,河北省消防条例,消防,.docx,法律标准\标准\消防\河北省消防条例.docx
,河北省消防设施管理规定,消防,.doc,法律标准\标准\消防\河北省消防设施管理规定.doc
,河北省消防设施管理规定,消防,.docx,法律标准\标准\消防\河北省消防设施管理规定.docx
,河北省涉可燃粉尘企业火灾与爆炸防护实践指导书(试行)-冀安监管[2014]60号,消防,.pdf,法律标准\法律法规\河北省涉可燃粉尘企业火灾与爆炸防护实践指导书(试行)-冀安监管[2014]60号.pdf
,浅谈建筑设计防火规范中防爆泄压设计的重大调整和实际工程遭遇NFPA68,消防,.pdf,法律标准\标准\浅谈建筑设计防火规范中防爆泄压设计的重大调整和实际工程遭遇NFPA68.pdf
,消防安全标标示规范卷--单(最终版),消防,.doc,法律标准\标准\商场\消防安全标标示规范卷--单(最终版).doc
,消防安全标标示规范卷--单(最终版),消防,.docx,法律标准\标准\商场\消防安全标标示规范卷--单(最终版).docx
,消防水泵的联动控制设计--解读《〈火灾自动报警系统设计规范〉图示》,消防,.xdf,法律标准\标准\消防\消防水泵的联动控制设计--解读《〈火灾自动报警系统设计规范〉图示》.xdf
,消防演练方案,消防,.doc,应急\2021.3.4应急演练、桌面演练、脚本、记录大全（500项）\2021.3.4应急演练、桌面演练、脚本、记录大全（500项）\应急演练方案、脚本、计划、总结大全\消防演练方案.doc
,消防演练方案,消防,.docx,应急\2021.3.4应急演练、桌面演练、脚本、记录大全（500项）\2021.3.4应急演练、桌面演练、脚本、记录大全（500项）\应急演练方案、脚本、计划、总结大全\消防演练方案.docx
,消防演练方案-任选一个方案,消防,.docx,应急\2021.3.4应急演练、桌面演练、脚本、记录大全（500项）\2021.3.4应急演练、桌面演练、脚本、记录大全（500项）\应急演练方案、脚本、计划、总结大全\消防演练方案-任选一个方案.docx
,消防演练方案汇编,消防,.docx,应急\2021.3.4应急演练、桌面演练、脚本、记录大全（500项）\2021.3.4应急演练、桌面演练、脚本、记录大全（500项）\应急演练方案、脚本、计划、总结大全\消防演练方案汇编.docx
,消防演练方案汇编（简版）,消防,.docx,应急\2021.3.4应急演练、桌面演练、脚本、记录大全（500项）\2021.3.4应急演练、桌面演练、脚本、记录大全（500项）\应急演练方案、脚本、计划、总结大全\消防演练方案汇编（简版）.docx
,消防演练计划,消防,.doc,应急\2021.3.4应急演练、桌面演练、脚本、记录大全（500项）\2021.3.4应急演练、桌面演练、脚本、记录大全（500项）\应急演练方案、脚本、计划、总结大全\消防演练计划.doc
,消防演练计划,消防,.docx,应急\2021.3.4应急演练、桌面演练、脚本、记录大全（500项）\2021.3.4应急演练、桌面演练、脚本、记录大全（500项）\应急演练方案、脚本、计划、总结大全\消防演练计划.docx
,消防灭火实操演练方案,消防,.docx,应急\2021.3.4应急演练、桌面演练、脚本、记录大全（500项）\2021.3.4应急演练、桌面演练、脚本、记录大全（500项）\应急演练方案、脚本、计划、总结大全\消防灭火实操演练方案.docx
,消防监督检查规定-公安部令[2009]107号,消防,.doc,法律标准\法律法规\消防法律法规\消防监督检查规定-公安部令[2009]107号.doc
,消防监督检查规定-公安部令[2009]107号,消防,.docx,法律标准\法律法规\消防法律法规\消防监督检查规定-公安部令[2009]107号.docx
,消防给水及消火栓系统技术规范图示S,消防,.xdf,法律标准\标准\消防\消防给水及消火栓系统技术规范图示S.xdf
,火灾事故专项应急预案演练方案,消防,.doc,应急\2021.3.4应急演练、桌面演练、脚本、记录大全（500项）\2021.3.4应急演练、桌面演练、脚本、记录大全（500项）\应急演练方案、脚本、计划、总结大全\火灾事故专项应急预案演练方案.doc
,火灾事故专项应急预案演练方案,消防,.docx,应急\2021.3.4应急演练、桌面演练、脚本、记录大全（500项）\2021.3.4应急演练、桌面演练、脚本、记录大全（500项）\应急演练方案、脚本、计划、总结大全\火灾事故专项应急预案演练方案.docx
,火灾事故专项应急预案演练方案,消防,.doc,应急\2021.3.4应急演练、桌面演练、脚本、记录大全（500项）\2021.3.4应急演练、桌面演练、脚本、记录大全（500项）\应急演练方案、脚本、计划、总结大全\应急演练方案、脚本大全\火灾事故专项应急预案演练方案.doc
,火灾事故专项应急预案演练方案,消防,.docx,应急\2021.3.4应急演练、桌面演练、脚本、记录大全（500项）\2021.3.4应急演练、桌面演练、脚本、记录大全（500项）\应急演练方案、脚本、计划、总结大全\应急演练方案、脚本大全\火灾事故专项应急预案演练方案.docx
,火灾应急预案演练方案,消防,.docx,应急\2021.3.4应急演练、桌面演练、脚本、记录大全（500项）\2021.3.4应急演练、桌面演练、脚本、记录大全（500项）\应急演练方案、脚本、计划、总结大全\火灾应急预案演练方案.docx
,火灾自动报警系统验收规范,消防,.pdf,法律标准\标准\消防\火灾自动报警系统验收规范.pdf
,"火灾警报器的设置--解读《〈火灾自动报警系统设计规范〉图示》,火灾警报器的设置--解读《〈火灾自动报警系统设计规范〉图示》",消防,.xdf,"法律标准\标准\消防\火灾警报器的设置--解读《〈火灾自动报警系统设计规范〉图示》,火灾警报器的设置--解读《〈火灾自动报警系统设计规范〉图示》.xdf"
,火警信号处理操作流程最终,消防,.doc,法律标准\标准\消防\火警信号处理操作流程最终.doc
,火警信号处理操作流程最终,消防,.docx,法律标准\标准\消防\火警信号处理操作流程最终.docx
,炮烟中毒演练方案,消防,.doc,应急\2021.3.4应急演练、桌面演练、脚本、记录大全（500项）\2021.3.4应急演练、桌面演练、脚本、记录大全（500项）\应急演练方案、脚本、计划、总结大全\炮烟中毒演练方案.doc
,炮烟中毒演练方案,消防,.docx,应急\2021.3.4应急演练、桌面演练、脚本、记录大全（500项）\2021.3.4应急演练、桌面演练、脚本、记录大全（500项）\应急演练方案、脚本、计划、总结大全\炮烟中毒演练方案.docx
,烟气脱硝还原剂储运制备系统,消防,.pdf,新标准\烟气脱硝还原剂储运制备系统.pdf
,烟草有限空间,消防,.pdf,安全标准\烟草有限空间.pdf
,烟道防爆门装在哪里,消防,.docx,法律标准\标准\烟道防爆门装在哪里.docx
,煤粉制备系统防火防爆管理制度,消防,.doc,法律标准\标准\爆炸\煤粉制备系统防火防爆管理制度.doc
,煤粉制备系统防火防爆管理制度,消防,.docx,法律标准\标准\爆炸\煤粉制备系统防火防爆管理制度.docx
,石灰石石灰－石膏湿法烟气脱硫工程通用技术规范,消防,.pdf,法律标准\标准\安全管理\设计\石灰石石灰－石膏湿法烟气脱硫工程通用技术规范.pdf
,稳高压与临时高压消防给水系统的主要区别,消防,.docx,法律标准\标准\稳高压与临时高压消防给水系统的主要区别.docx
,第十三条 下列范围的单位是消防安全重点单位,消防,.docx,法律标准\标准\消防\第十三条 下列范围的单位是消防安全重点单位.docx
,车间火灾爆炸事故现场应急救援演练方案,消防,.doc,应急\2021.3.4应急演练、桌面演练、脚本、记录大全（500项）\2021.3.4应急演练、桌面演练、脚本、记录大全（500项）\应急演练方案、脚本、计划、总结大全\车间火灾爆炸事故现场应急救援演练方案.doc
,车间火灾爆炸事故现场应急救援演练方案,消防,.docx,应急\2021.3.4应急演练、桌面演练、脚本、记录大全（500项）\2021.3.4应急演练、桌面演练、脚本、记录大全（500项）\应急演练方案、脚本、计划、总结大全\车间火灾爆炸事故现场应急救援演练方案.docx
,酒厂设计防火规范,消防,.docx,法律标准\标准\安全管理\设计\酒厂设计防火规范.docx
,锂离子电池工厂消防安全管理规范,消防,.pdf,111111\锂离子电池工厂消防安全管理规范.pdf
,锂离子电池生产过程中物料的火灾爆炸危险分析及防范措施建议,消防,.docx,锂电池资料\电池其他\锂离子电池生产过程中物料的火灾爆炸危险分析及防范措施建议.docx
,锂离子电池生产过程中物料的火灾爆炸危险分析及防范措施建议,消防,.pdf,锂电池资料\锂电池检查\电池危害及检查表\锂离子电池生产过程中物料的火灾爆炸危险分析及防范措施建议.pdf
,锅炉烟气图片.webp,消防,.jpg,法律标准\标准\锅炉\锅炉烟气图片.webp.jpg
,陕西省住房和城乡建设厅 陕西省工业和信息化厅 陕西省市场监督管理局 陕西省消防救援总队关于加强锂离子电池厂房消防安全监管的通知,消防,.docx,锂电池资料\电池其他\陕西省住房和城乡建设厅 陕西省工业和信息化厅 陕西省市场监督管理局 陕西省消防救援总队关于加强锂离子电池厂房消防安全监管的通知.docx
,项目部火灾事故应急救援演练记录及总结,消防,.docx,应急\2021.3.4应急演练、桌面演练、脚本、记录大全（500项）\2021.3.4应急演练、桌面演练、脚本、记录大全（500项）\应急演练方案、脚本、计划、总结大全\项目部火灾事故应急救援演练记录及总结.docx
CJT432,CJT 432-2013 生活垃圾焚烧厂垃圾抓斗起重机技术要求,特种设备,.rar,垃圾焚烧\垃圾发电补充1\CJT 432-2013 生活垃圾焚烧厂垃圾抓斗起重机技术要求.rar
DB11,DB11T 759-2010 供热燃气蒸汽锅炉运行技术规程,特种设备,.rar,法律标准\标准\锅炉\DB11T 759-2010 供热燃气蒸汽锅炉运行技术规程.rar
DB11,DB11T 796-2011 公用压力管道日常维护与定期检查规范,特种设备,.pdf,法律标准\标准\设备设施\特种设备\DB11T 796-2011 公用压力管道日常维护与定期检查规范.pdf
DB12,DB12∕T 761-2018 在用涉氨压力管道定期检验与评定,特种设备,.rar,法律标准\法律法规\培训\天津所用法规\天津标准\DB12∕T 761-2018 在用涉氨压力管道定期检验与评定.rar
DB13,DB13 T 2487-2017 特种设备检验检测安全作业规范,特种设备,.xdf,法律标准\标准\设备设施\特种设备\DB13 T 2487-2017 特种设备检验检测安全作业规范.xdf
DB13,DB13T 2092-2014 特种设备使用安全管理规范,特种设备,.pdf,新标准\DB13T 2092-2014 特种设备使用安全管理规范.pdf
DB13,DB13T2092-2014 特种设备使用安全管理规范,特种设备,.xdf,法律标准\标准\设备设施\特种设备\DB13T2092-2014 特种设备使用安全管理规范.xdf
DB13,DB13∕T 2092-2014 特种设备使用安全管理规范,特种设备,.rar,新标准\新增\DB13∕T 2092-2014 特种设备使用安全管理规范.rar
DB13,DB13∕T 2804-2018 醇基燃料民用锅炉通用技术条件,特种设备,.pdf,新标准\新增\DB13∕T 2804-2018 醇基燃料民用锅炉通用技术条件.pdf
DB13,DB13∕T 2942-2019 电梯应急救援安全操作规范,特种设备,.pdf,新标准\DB13∕T 2942-2019 电梯应急救援安全操作规范.pdf
DB13,DB13∕T 5129-2019 无人值守桥（门）式起重机通用技术条件,特种设备,.pdf,法律标准\标准\设备设施\特种设备\DB13∕T 5129-2019 无人值守桥（门）式起重机通用技术条件.pdf
DB22,DB22T 2449-2016 移动式压力容器安全管理规范,特种设备,.xdf,法律标准\标准\设备设施\特种设备\DB22T 2449-2016 移动式压力容器安全管理规范.xdf
DB34,DB34_T 982-2017 简单压力容器安全性能监督检验规范,特种设备,.xdf,法律标准\标准\设备设施\特种设备\DB34_T 982-2017 简单压力容器安全性能监督检验规范.xdf
DB35,DB35_T 1853-2019 垃圾焚烧发电锅炉内部检验规范,特种设备,.xdf,法律标准\标准\垃圾\DB35_T 1853-2019 垃圾焚烧发电锅炉内部检验规范.xdf
DB41,DB41T 1585-2018 通用桥、门式起重机安全评估规则,特种设备,.pdf,法律标准\标准\污水\DB41T 1585-2018 通用桥、门式起重机安全评估规则.pdf
DB42,DB42╱T 560-2009 瓶装液化石油气供应站（点）安全检查评价标准（已废止）,特种设备,.xdf,法律标准\标准\设备设施\特种设备\DB42╱T 560-2009 瓶装液化石油气供应站（点）安全检查评价标准（已废止）.xdf
DB44,DB44_T 1613-2015 生活垃圾焚烧发电锅炉安全管理技术导则,特种设备,.pdf,垃圾焚烧\垃圾发电补充1\DB44_T 1613-2015 生活垃圾焚烧发电锅炉安全管理技术导则.pdf
DB44,DB44∕T 1613-2015 生活垃圾焚烧发电锅炉安全管理技术导则,特种设备,.xdf,法律标准\标准\垃圾\DB44∕T 1613-2015 生活垃圾焚烧发电锅炉安全管理技术导则.xdf
DB510100,DB510100T 152-2015 桥式起重机安全评估规程,特种设备,.pdf,法律标准\标准\污水\DB510100T 152-2015 桥式起重机安全评估规程.pdf
DLT610,DLT 610-1996 200MW级锅炉运行导则,特种设备,.pdf,法律标准\标准\设备设施\锅炉\DLT 610-1996 200MW级锅炉运行导则.pdf
DL_T2052,DL_T 2052-2019 火力发电厂锅炉技术监督规程,特种设备,.pdf,垃圾焚烧\垃圾发电补充1\DL_T 2052-2019 火力发电厂锅炉技术监督规程.pdf
DL_T748.1,DL_T 748.1-2020 火力发电厂锅炉机组检修导则 第1部分：总则,特种设备,.pdf,垃圾发电补充2\DL_T 748.1-2020 火力发电厂锅炉机组检修导则 第1部分：总则.pdf
DL∕T1091,DL∕T 1091-2018 火力发电厂锅炉炉膛安全监控系统技术规程,特种设备,.pdf,垃圾焚烧\垃圾发电补充1\DL∕T 1091-2018 火力发电厂锅炉炉膛安全监控系统技术规程.pdf
DL∕T612,DL∕T 612-2017 电力行业锅炉压力容器安全监督规程,特种设备,.rar,法律标准\标准\设备设施\锅炉\DL∕T 612-2017 电力行业锅炉压力容器安全监督规程.rar
DL∕T655,DL∕T 655-2017 火力发电厂锅炉炉膛安全监控系统验收测试规程,特种设备,.pdf,垃圾发电补充2\DL∕T 655-2017 火力发电厂锅炉炉膛安全监控系统验收测试规程.pdf
GB-T20801.4,GB-T20801.4-2006-T 压力管道规范－工业管道 制作与安装,特种设备,.pdf,法律标准\标准\管道\GB-T20801.4-2006-T 压力管道规范－工业管道 制作与安装.pdf
GB10603,GB 10603-89 一般起重用锻造卸扣,特种设备,.pdf,法律标准\标准\设备设施\特种设备\吊具索具\GB 10603-89 一般起重用锻造卸扣.pdf
GB12602,GB 12602-2009 起重机械超载保护装置,特种设备,.pdf,法律标准\标准\设备设施\特种设备\GB 12602-2009 起重机械超载保护装置.pdf
GB13271,锅炉大气污染物排放标准GB13271-2014,特种设备,.pdf,法律标准\标准\设备设施\锅炉\锅炉大气污染物排放标准GB13271-2014.pdf
GB150,GB150-2011《压力容器》标准释义,特种设备,.xdf,法律标准\标准\设备设施\特种设备\GB150-2011《压力容器》标准释义.xdf
GB150.1,GB 150.1-2011 压力容器 第1部分：通用要求,特种设备,.pdf,法律标准\标准\设备设施\特种设备\GB 150.1-2011 压力容器 第1部分：通用要求.pdf
GB150.4,GB 150.4-2011 压力容器 第4部分：制造、检验和验收,特种设备,.pdf,法律标准\标准\设备设施\特种设备\GB 150.4-2011 压力容器 第4部分：制造、检验和验收.pdf
GB15052,GB 15052-2010 起重机 安全标志和危险图形符号,特种设备,.pdf,法律标准\标准\设备设施\特种设备\GB 15052-2010 起重机 安全标志和危险图形符号.pdf
GB15599,石油与石油设施雷电安全规范（GB15599-2009）,特种设备,.pdf,法律标准\标准\设备设施\特种设备\石油与石油设施雷电安全规范（GB15599-2009）.pdf
GB23723.1,GB 23723.1-2009-T 起重机 安全使用 第1部分：总则,特种设备,.pdf,安全标准\新建文件夹 (4)\GB 23723.1-2009-T 起重机 安全使用 第1部分：总则.pdf
GB24803.1,GB 24803.1-2009 电梯安全要求 第1部分：电梯基本安全要求,特种设备,.rar,法律标准\标准\设备设施\电梯\GB 24803.1-2009 电梯安全要求 第1部分：电梯基本安全要求.rar
GB24811.1,GB 24811.1-2009-T 起重机和起重机械 钢丝绳选择 第1部分：总则（扫描件）,特种设备,.pdf,法律标准\标准\污水\GB 24811.1-2009-T 起重机和起重机械 钢丝绳选择 第1部分：总则（扫描件）.pdf
GB25856,GB 25856-2010 仅载货电梯制造与安装安全规范,特种设备,.rar,法律标准\标准\设备设施\电梯\GB 25856-2010 仅载货电梯制造与安装安全规范.rar
GB3811,GB 3811-2008起重机设计规范,特种设备,.pdf,法律标准\标准\污水\GB 3811-2008起重机设计规范.pdf
GB50028,GB50028-2006城镇燃气设计规范,特种设备,.doc,法律标准\标准\设备设施\锅炉\锅炉\GB50028-2006城镇燃气设计规范.doc
GB50028,GB50028-2006城镇燃气设计规范,特种设备,.docx,法律标准\标准\设备设施\锅炉\锅炉\GB50028-2006城镇燃气设计规范.docx
GB50041,GB 50041-2008 锅炉房设计规范,特种设备,.pdf,法律标准\标准\安全管理\设计\GB 50041-2008 锅炉房设计规范.pdf
GB50041,GB 50041-2020 锅炉房设计标准,特种设备,.pdf,111111\隐患排查依据文本（一）\隐患排查依据文本（一）\标准\GB 50041-2020 锅炉房设计标准.pdf
GB50041,GB 50041-2020 锅炉房设计标准,特种设备,.pdf,法律标准\标准\安全管理\设计\GB 50041-2020 锅炉房设计标准.pdf
GB50041,GB50041-2008 锅炉房设计规范,特种设备,.doc,法律标准\标准\安全管理\设计\GB50041-2008 锅炉房设计规范.doc
GB50041,GB50041-2008 锅炉房设计规范,特种设备,.docx,法律标准\标准\安全管理\设计\GB50041-2008 锅炉房设计规范.docx
GB50041,GB50041-2008锅炉房设计规范,特种设备,.doc,法律标准\标准\设备设施\锅炉\锅炉\GB50041-2008锅炉房设计规范.doc
GB50041,GB50041-2008锅炉房设计规范,特种设备,.docx,法律标准\标准\设备设施\锅炉\锅炉\GB50041-2008锅炉房设计规范.docx
GB50041,GB50041-2020锅炉房设计规范,特种设备,.doc,法律标准\标准\设备设施\锅炉\锅炉\GB50041-2020锅炉房设计规范.doc
GB50041,GB50041-2020锅炉房设计规范,特种设备,.docx,法律标准\标准\设备设施\锅炉\锅炉\GB50041-2020锅炉房设计规范.docx
GB50273,GB 50273-2009 锅炉安装工程施工及验收规范,特种设备,.pdf,法律标准\标准\设备设施\锅炉\GB 50273-2009 锅炉安装工程施工及验收规范.pdf
GB50273,GB50273-2009《锅炉安装工程施工及验收规范》,特种设备,.xdf,法律标准\标准\余热\GB50273-2009《锅炉安装工程施工及验收规范》.xdf
GB50310,GB 50310-2002电梯工程施工质量验收规范,特种设备,.rar,法律标准\标准\设备设施\电梯\GB 50310-2002电梯工程施工质量验收规范.rar
GB6067,GB6067_1-2010-起重机械安全规程 第1部分：总则,特种设备,.pdf,安全标准\GB6067_1-2010-起重机械安全规程 第1部分：总则.pdf
GB6067.1,GB 6067.1-2010 起重机安全规程 第1部分：总则,特种设备,.pdf,法律标准\标准\设备设施\特种设备\GB 6067.1-2010 起重机安全规程 第1部分：总则.pdf
GB6067.1,GB 6067.1-2010 起重机械安全规程 第1部分：总则,特种设备,.pdf,111111\隐患排查依据文本（一）\隐患排查依据文本（一）\标准\GB 6067.1-2010 起重机械安全规程 第1部分：总则.pdf
GB6067.1,GB 6067.1-2010 起重机械安全规程 第1部分：总则,特种设备,.pdf,法律标准\标准\污水\GB 6067.1-2010 起重机械安全规程 第1部分：总则.pdf
GB6067.1,GB 6067.1-2010起重机械安全操作规程,特种设备,.xdf,法律标准\标准\钢铁\GB 6067.1-2010起重机械安全操作规程.xdf
GB6067.5,GB 6067.5-2014 起重机械安全规程 第5部分 桥式和门式起重机,特种设备,.rar,法律标准\标准\冶金\GB 6067.5-2014 起重机械安全规程 第5部分 桥式和门式起重机.rar
GB6067.5,GB 6067.5-2014 起重机械安全规程 第5部分 桥式和门式起重机,特种设备,.pdf,法律标准\标准\设备设施\特种设备\GB 6067.5-2014 起重机械安全规程 第5部分 桥式和门式起重机.pdf
GB7588,GB 7588-2003 电梯制造与安装安全规范,特种设备,.pdf,法律标准\标准\设备设施\特种设备\GB 7588-2003 电梯制造与安装安全规范.pdf
GB7588,《电梯制造与安装安全规范》GB7588-2003(含1号修改单),特种设备,.pdf,法律标准\标准\设备设施\电梯\《电梯制造与安装安全规范》GB7588-2003(含1号修改单).pdf
GB8918,GB 8918-2006 重要用途钢丝绳,特种设备,.pdf,法律标准\标准\设备设施\特种设备\吊具索具\GB 8918-2006 重要用途钢丝绳.pdf
GBT10058,GBT10058 电梯技术条件,特种设备,.rar,法律标准\标准\设备设施\电梯\GBT10058 电梯技术条件.rar
GBT10060,GBT10060-2011电梯安装验收规范,特种设备,.pdf,法律标准\标准\设备设施\电梯\GBT10060-2011电梯安装验收规范.pdf
GBT12241,GBT12241-2005 安全阀一般要求,特种设备,.pdf,法律标准\标准\设备设施\特种设备\GBT12241-2005 安全阀一般要求.pdf
GBT12243,GBT 12243-2005 弹簧直接载荷式安全阀,特种设备,.pdf,法律标准\标准\设备设施\特种设备\GBT 12243-2005 弹簧直接载荷式安全阀.PDF
GBT13638,GBT13638-2008_,特种设备,.rar工业锅炉水位控制报警装置,法律标准\标准\设备设施\锅炉\GBT13638-2008_.rar工业锅炉水位控制报警装置
GBT13638,GBT13638-2008工业锅炉水位控制报警装置,特种设备,.pdf,法律标准\标准\设备设施\锅炉\GBT13638-2008工业锅炉水位控制报警装置.pdf
GBT14405,GBT 14405-2011 通用桥式起重机,特种设备,.pdf,法律标准\标准\设备设施\特种设备\GBT 14405-2011 通用桥式起重机.pdf
GBT14406,GBT 14406-2011 通用门式起重机,特种设备,.pdf,法律标准\标准\设备设施\特种设备\GBT 14406-2011 通用门式起重机.pdf
GBT16178,GBT16178-2011场（厂）内机动车辆安全检验技术要求,特种设备,.pdf,法律标准\标准\设备设施\特种设备\GBT16178-2011场（厂）内机动车辆安全检验技术要求.pdf
GBT16762,GBT 16762-2009 一般用途钢丝绳吊索特性和技术条件,特种设备,.pdf,法律标准\标准\设备设施\特种设备\吊具索具\GBT 16762-2009 一般用途钢丝绳吊索特性和技术条件.pdf
GBT1921,GBT 1921-2004 工业蒸汽锅炉参数系列,特种设备,.rar,法律标准\标准\锅炉\GBT 1921-2004 工业蒸汽锅炉参数系列.rar
GBT20118,GBT 20118-2006 一般用途钢丝绳,特种设备,.pdf,法律标准\标准\设备设施\特种设备\吊具索具\GBT 20118-2006 一般用途钢丝绳.pdf
GBT20303.5,GBT 20303.5-2006 起重机 司机室 第5部分桥式和门式起重机--标准分享网,特种设备,.pdf,法律标准\标准\设备设施\特种设备\GBT 20303.5-2006 起重机 司机室 第5部分桥式和门式起重机--标准分享网.pdf
GBT20776,GBT 20776-2006 起重机械分类,特种设备,.pdf,法律标准\标准\设备设施\特种设备\GBT 20776-2006 起重机械分类.pdf
GBT20801.1,GBT 20801.1-2020 压力管道规范 工业管道 第1部分：总则,特种设备,.pdf,新标准\GBT 20801.1-2020 压力管道规范 工业管道 第1部分：总则.pdf
GBT20801.2,GBT 20801.2-2006 压力管道规范工业管道第2部分：材料,特种设备,.pdf,法律标准\标准\设备设施\特种设备\GBT 20801.2-2006 压力管道规范工业管道第2部分：材料.pdf
GBT24809.1,GBT 24809.1_起重机 对机构的要求 第1部分：总则,特种设备,.xdf,法律标准\标准\设备设施\特种设备\GBT 24809.1_起重机 对机构的要求 第1部分：总则.xdf
GBT24809.5,GBT 24809.5-2009 起重机 对机构的要求 第5部分：桥式和门式起重机,特种设备,.pdf,法律标准\标准\设备设施\特种设备\GBT 24809.5-2009 起重机 对机构的要求 第5部分：桥式和门式起重机.pdf
GBT24810.5,GBT 24810.5-2009 起重机限制器和指示器 第5部分 桥式和门式起重机,特种设备,.pdf,法律标准\标准\设备设施\特种设备\GBT 24810.5-2009 起重机限制器和指示器 第5部分 桥式和门式起重机.pdf
GBT24818.5,GBT 24818.5-2009 起重机 通道及安全防护设施 第5部分：桥式和门式起重机,特种设备,.pdf,法律标准\标准\设备设施\特种设备\GBT 24818.5-2009 起重机 通道及安全防护设施 第5部分：桥式和门式起重机.pdf
GBT29086,GBT 29086-2012 钢丝绳 安全 使用和维护,特种设备,.pdf,法律标准\标准\设备设施\特种设备\吊具索具\GBT 29086-2012 钢丝绳 安全 使用和维护.pdf
GBT29154,GBT 29154-2012 燃煤锅炉袋式除尘器,特种设备,.pdf,法律标准\标准\设备设施\除尘器\GBT 29154-2012 燃煤锅炉袋式除尘器.pdf
GBT31052.1,GBT 31052.1-2014 起重机械 检查与维护规程 第1部分：总则,特种设备,.pdf,111111\隐患排查依据文本（一）\隐患排查依据文本（一）\标准\GBT 31052.1-2014 起重机械 检查与维护规程 第1部分：总则.pdf
GBT31052.1,GBT 31052.1-2014 起重机械 检查与维护规程 第1部分：总则,特种设备,.pdf,法律标准\标准\设备设施\特种设备\GBT 31052.1-2014 起重机械 检查与维护规程 第1部分：总则.pdf
GBT31052.10,GBT 31052.10-2016 起重机械 检查与维护规程 第10部分：轻小型起重设备,特种设备,.rar,法律标准\标准\冶金\GBT 31052.10-2016 起重机械 检查与维护规程 第10部分：轻小型起重设备.rar
GBT31052.10,GBT 31052.10-2016 起重机械 检查与维护规程 第10部分：轻小型起重设备,特种设备,.pdf,法律标准\标准\设备设施\特种设备\GBT 31052.10-2016 起重机械 检查与维护规程 第10部分：轻小型起重设备.pdf
GBT31052.5,GBT 31052.5-2015 起重机械 检查与维护规程 第5部分：桥式和门式起重机,特种设备,.pdf,法律标准\标准\设备设施\特种设备\GBT 31052.5-2015 起重机械 检查与维护规程 第5部分：桥式和门式起重机.pdf
GBT31052.9,GBT 31052.9-2016 起重机械 检查与维护规程 第9部分：升降机,特种设备,.pdf,标准\升降机\GB∕T 31052.9-2016 起重机械 检查与维护规程 第9部分：升降机\GBT 31052.9-2016 起重机械 检查与维护规程 第9部分：升降机.pdf
GBT31052.9,GBT 31052.9-2016 起重机械 检查与维护规程 第9部分：升降机,特种设备,.pdf,玻璃\GBT 31052.9-2016 起重机械 检查与维护规程 第9部分：升降机.pdf
GBT33942,GBT 33942-2017 特种设备事故应急预案编制导则,特种设备,.docx,应急\GBT 33942-2017 特种设备事故应急预案编制导则.docx
GBT34525,GBT 34525-2017气瓶搬运、装卸、储存和使用安全规定,特种设备,.xdf,法律标准\标准\设备设施\特种设备\GBT 34525-2017气瓶搬运、装卸、储存和使用安全规定.xdf
GBT35857,GBT 35857-2018 斜行电梯制造与安装安全规范,特种设备,.rar,法律标准\标准\设备设施\电梯\GBT 35857-2018 斜行电梯制造与安装安全规范.rar
GBT3811,GBT 3811-2008 起重机设计规范,特种设备,.pdf,法律标准\标准\设备设施\特种设备\GBT 3811-2008 起重机设计规范.pdf
GBT5972,GBT 5972-2009 起重机 钢丝绳 保养、维护、安装、检验和报废(已作废,特种设备,.pdf,法律标准\标准\设备设施\特种设备\吊具索具\GBT 5972-2009 起重机 钢丝绳 保养、维护、安装、检验和报废(已作废.pdf
GBT5972,GBT 5972-2016 起重机 钢丝绳 保养、维护、检验和报废,特种设备,.rar,法律标准\标准\冶金\GBT 5972-2016 起重机 钢丝绳 保养、维护、检验和报废.rar
GBT5972,GBT 5972-2016 起重机 钢丝绳 保养、维护、检验和报废,特种设备,.pdf,法律标准\标准\设备设施\特种设备\吊具索具\GBT 5972-2016 起重机 钢丝绳 保养、维护、检验和报废.pdf
GBT5973,GBT 5973-2006 钢丝绳用楔形接头,特种设备,.pdf,法律标准\标准\设备设施\特种设备\吊具索具\GBT 5973-2006 钢丝绳用楔形接头.pdf
GBT5974.1,GBT 5974.1-2006 钢丝绳用普通套环,特种设备,.pdf,法律标准\标准\设备设施\特种设备\吊具索具\GBT 5974.1-2006 钢丝绳用普通套环.pdf
GBT5975,GBT 5975-2006 钢丝绳用压板,特种设备,.pdf,法律标准\标准\设备设施\特种设备\吊具索具\GBT 5975-2006 钢丝绳用压板.pdf
GBT5976,GBT 5976-2006 钢丝绳夹,特种设备,.pdf,法律标准\标准\设备设施\特种设备\吊具索具\GBT 5976-2006 钢丝绳夹.pdf
GB_50041,GB_50041-2008_锅炉房设计规范,特种设备,.pdf,法律标准\标准\安全管理\设计\GB_50041-2008_锅炉房设计规范.pdf
GB_T1226,GB_T 1226-2017 一般压力表,特种设备,.xdf,法律标准\标准\设备设施\特种设备\GB_T 1226-2017 一般压力表.xdf
GB_T18750,GB_T 18750-2022 清晰版 生活垃圾焚烧炉及余热锅炉,特种设备,.pdf,垃圾焚烧\垃圾发电补充1\GB_T 18750-2022 清晰版 生活垃圾焚烧炉及余热锅炉.pdf
GB_T23723.1,GB_T 23723.1-2009 起重机　安全使用　第1部分_总则,特种设备,.xdf,法律标准\标准\设备设施\特种设备\GB_T 23723.1-2009 起重机　安全使用　第1部分_总则.xdf
GB_T30576,GB_T 30576-2014 水泥窑余热锅炉技术条件,特种设备,.xdf,法律标准\标准\余热\GB_T 30576-2014 水泥窑余热锅炉技术条件.xdf
GB∕T12602,GB∕T 12602-2020 起重机械超载保护装置,特种设备,.pdf,法律标准\标准\冶金\GB∕T 12602-2020 起重机械超载保护装置.pdf
GB∕T1576,GB∕T 1576-2018 工业锅炉水质,特种设备,.pdf,法律标准\标准\设备设施\锅炉\GB∕T 1576-2018 工业锅炉水质.pdf
GB∕T16811,GB∕T 16811-2018 工业锅炉水处理设施运行效果与监测,特种设备,.pdf,法律标准\标准\设备设施\锅炉\GB∕T 16811-2018 工业锅炉水处理设施运行效果与监测.pdf
GB∕T18442.1,GB∕T 18442.1-2019 固定式真空绝热深冷压力容器 第1部分_总则,特种设备,.xdf,法律标准\标准\重大危险源\GB∕T 18442.1-2019 固定式真空绝热深冷压力容器 第1部分_总则.xdf
GB∕T18442.2,GB∕T 18442.2-2019 固定式真空绝热深冷压力容器 第2部分：材料(高清版),特种设备,.xdf,法律标准\标准\重大危险源\GB∕T 18442.2-2019 固定式真空绝热深冷压力容器 第2部分：材料(高清版).xdf
GB∕T20801.2,GB∕T 20801.2-2020 压力管道规范 工业管道 第2部分：材料,特种设备,.pdf,新标准\GB∕T 20801.2-2020 压力管道规范 工业管道 第2部分：材料.pdf
GB∕T20801.3,GB∕T 20801.3-2020 压力管道规范 工业管道 第3部分：设计和计算,特种设备,.pdf,新标准\GB∕T 20801.3-2020 压力管道规范 工业管道 第3部分：设计和计算.pdf
GB∕T20801.4,GB∕T 20801.4-2020 压力管道规范 工业管道 第4部分：制作与安装,特种设备,.pdf,新标准\GB∕T 20801.4-2020 压力管道规范 工业管道 第4部分：制作与安装.pdf
GB∕T20801.5,GB∕T 20801.5-2020 压力管道规范 工业管道 第5部分：检验与试验,特种设备,.pdf,新标准\GB∕T 20801.5-2020 压力管道规范 工业管道 第5部分：检验与试验.pdf
GB∕T20801.6,GB∕T 20801.6-2020 压力管道规范 工业管道 第6部分：安全防护,特种设备,.pdf,新标准\GB∕T 20801.6-2020 压力管道规范 工业管道 第6部分：安全防护.pdf
GB∕T28264,GB∕T 28264-2017 起重机械 安全监控管理系统,特种设备,.rar,法律标准\标准\冶金\GB∕T 28264-2017 起重机械 安全监控管理系统.rar
GB∕T31052.9,GB∕T 31052.9-2016 起重机械 检查与维护规程 第9部分：升降机,特种设备,.rar,标准\升降机\GB∕T 31052.9-2016 起重机械 检查与维护规程 第9部分：升降机.rar
GB∕T34529,GB∕T 34529-2017 起重机和葫芦 钢丝绳、卷筒和滑轮的选择,特种设备,.rar,法律标准\标准\冶金\GB∕T 34529-2017 起重机和葫芦 钢丝绳、卷筒和滑轮的选择.rar
GB∕T34552,GB∕T 34552-2017 生活垃圾流化床焚烧锅炉,特种设备,.rar,垃圾焚烧\垃圾发电补充1\GB∕T 34552-2017 生活垃圾流化床焚烧锅炉.rar
GB∕T35975,GB∕T 35975-2018 起重吊具 分类,特种设备,.rar,法律标准\标准\冶金\GB∕T 35975-2018 起重吊具 分类.rar
GB∕T36697,GB∕T 36697-2018 铸造起重机报废条件,特种设备,.pdf,法律标准\标准\冶金\GB∕T 36697-2018 铸造起重机报废条件.pdf
GB∕T36699,GB∕T 36699-2018 锅炉用液体和气体燃料燃烧器技术条件,特种设备,.pdf,新标准\GB∕T 36699-2018 锅炉用液体和气体燃料燃烧器技术条件.pdf
GB∕T41098,GB∕T 41098-2021 起重机 安全 起重吊具bzfxw.com,特种设备,.pdf,新标准\GB∕T 41098-2021 起重机 安全 起重吊具bzfxw.com.pdf
GB∕T5974,GB∕T 5974-2025 起重机械 钢丝绳用套环,特种设备,.docx,安全标准\GB∕T 5974-2025 起重机械 钢丝绳用套环.docx
GB∕T5974,GB∕T 5974-2025 起重机械 钢丝绳用套环,特种设备,.pdf,安全标准\GB∕T 5974-2025 起重机械 钢丝绳用套环.pdf
GB／T18750,GB／T 18750-2008 生活垃圾焚烧炉及余热锅炉,特种设备,.xdf,法律标准\标准\垃圾\GB／T 18750-2008 生活垃圾焚烧炉及余热锅炉.xdf
HJ_T286,环境保护产品技术要求工业锅炉多管旋风除尘器（HJ_T 286-2006）,特种设备,.pdf,法律标准\标准\设备设施\除尘器\环境保护产品技术要求工业锅炉多管旋风除尘器（HJ_T 286-2006）.pdf
JB-T6391.1,JB-T 6391.1-2010 滑接输电装置 第1部分 绝缘防护型滑接输电装置,特种设备,.xdf,法律标准\标准\设备设施\特种设备\JB-T 6391.1-2010 滑接输电装置 第1部分 绝缘防护型滑接输电装置.xdf
JB-T6391.2,JB-T 6391.2-2010 滑接输电装置 第2部分 刚体滑接输电导轨装置,特种设备,.xdf,法律标准\标准\设备设施\特种设备\JB-T 6391.2-2010 滑接输电装置 第2部分 刚体滑接输电导轨装置.xdf
JB-T7985,JB-T 7985-2002 小型锅炉和常压热水锅炉技术条件,特种设备,.xdf,法律标准\标准\设备设施\锅炉\JB-T 7985-2002 小型锅炉和常压热水锅炉技术条件.xdf
JB2299,JB 2299-1978 矿山、工程、起重运输机械产品涂漆颜色和安全标志,特种设备,.pdf,法律标准\标准\设备设施\特种设备\JB 2299-1978 矿山、工程、起重运输机械产品涂漆颜色和安全标志.pdf
JB3695,JB 3695-2008-T 电动葫芦桥式起重机,特种设备,.pdf,法律标准\标准\污水\JB 3695-2008-T 电动葫芦桥式起重机.pdf
JB8716,JB 8716-1998 汽车起重机和轮胎起重机安全规程,特种设备,.pdf,法律标准\标准\设备设施\特种设备\JB 8716-1998 汽车起重机和轮胎起重机安全规程.pdf
JBT10249,JBT 10249-2001 垃圾焚烧锅炉  技术条件,特种设备,.xdf,法律标准\标准\垃圾\JBT 10249-2001 垃圾焚烧锅炉  技术条件.xdf
JBT10249,JBT 10249-2001 垃圾焚烧锅炉 技术条件,特种设备,.rar,垃圾焚烧\垃圾发电补充1\JBT 10249-2001 垃圾焚烧锅炉 技术条件.rar
JBT10354,JBT 10354-2002 工业锅炉运行规程,特种设备,.pdf,法律标准\标准\设备设施\锅炉\JBT 10354-2002 工业锅炉运行规程.pdf
JBT11269,JBT 11269-2011 巷道堆垛起重机 安全规范,特种设备,.pdf,安全标准\JBT 11269-2011 巷道堆垛起重机 安全规范.pdf
JBT1306,JBT 1306-2008 电动单梁起重机,特种设备,.pdf,法律标准\标准\设备设施\特种设备\JBT 1306-2008 电动单梁起重机.pdf
JBT1626,JBT 1626-2002 工业锅炉产品型号编制方法,特种设备,.pdf,法律标准\标准\参考资料\JBT 1626-2002 工业锅炉产品型号编制方法.pdf
JBT3695,JBT 3695-2008 电动葫芦桥式起重机,特种设备,.xdf,法律标准\标准\设备设施\特种设备\JBT 3695-2008 电动葫芦桥式起重机.xdf
JBT5663,JBT 5663-2008 电动葫芦门式起重机,特种设备,.pdf,法律标准\标准\设备设施\特种设备\JBT 5663-2008 电动葫芦门式起重机.pdf
JBT7688.1,JBT 7688.1-2008 冶金起重机技术条件  第1部分：通用要求,特种设备,.pdf,111111\隐患排查依据文本（一）\隐患排查依据文本（一）\标准\JBT 7688.1-2008 冶金起重机技术条件  第1部分：通用要求.pdf
JBT7688.1,JBT 7688.1-2008 冶金起重机技术条件  第1部分：通用要求,特种设备,.pdf,法律标准\标准\设备设施\特种设备\JBT 7688.1-2008 冶金起重机技术条件  第1部分：通用要求.pdf
JBT7688.1,JBT 7688.1-2008 冶金起重机技术条件  第1部分：通用要求,特种设备,.xdf,法律标准\标准\钢铁\JBT 7688.1-2008 冶金起重机技术条件  第1部分：通用要求.xdf
JBT7688.5,JBT 7688.5-2012 冶金起重机技术条件 第5部分：铸造起重机,特种设备,.pdf,111111\隐患排查依据文本（一）\隐患排查依据文本（一）\标准\JBT 7688.5-2012 冶金起重机技术条件 第5部分：铸造起重机.pdf
JBT7688.5,JBT 7688.5-2012 冶金起重机技术条件 第5部分：铸造起重机,特种设备,.rar,法律标准\标准\冶金\JBT 7688.5-2012 冶金起重机技术条件 第5部分：铸造起重机.rar
JBT7688.5,JBT 7688.5-2012 冶金起重机技术条件 第5部分：铸造起重机,特种设备,.pdf,法律标准\标准\设备设施\特种设备\JBT 7688.5-2012 冶金起重机技术条件 第5部分：铸造起重机.pdf
JBT8521.1,JBT 8521.1-2007 编织吊索 安全性 第一部分：一般用途合成纤维扁平吊装带,特种设备,.pdf,法律标准\标准\设备设施\特种设备\吊具索具\JBT 8521.1-2007 编织吊索 安全性 第一部分：一般用途合成纤维扁平吊装带.pdf
JB_T3695,JB_T3695 电动葫芦起重机,特种设备,.rar,法律标准\标准\设备设施\特种设备\JB_T3695 电动葫芦起重机.rar
JB∕T12576,JB∕T 12576-2015 轮胎起重机,特种设备,.rar,法律标准\标准\冶金\JB∕T 12576-2015 轮胎起重机.rar
LD48,46-LD48-93起重机械吊具与索具安全规程,特种设备,.doc,安全标准\新建文件夹 (4)\46-LD48-93起重机械吊具与索具安全规程.doc
LD48,46-LD48-93起重机械吊具与索具安全规程,特种设备,.docx,安全标准\新建文件夹 (4)\46-LD48-93起重机械吊具与索具安全规程.docx
LD48,LD 48-1993 起重机械吊具与索具安全规程,特种设备,.pdf,111111\隐患排查依据文本（一）\隐患排查依据文本（一）\标准\LD 48-1993 起重机械吊具与索具安全规程.pdf
LD48,LD 48-1993 起重机械吊具与索具安全规程,特种设备,.pdf,法律标准\标准\设备设施\特种设备\吊具索具\LD 48-1993 起重机械吊具与索具安全规程.pdf
LD48,LD48-93起重机械吊具与索具安全规程,特种设备,.docx,法律标准\标准\污水\LD48-93起重机械吊具与索具安全规程.docx
SJT31047,SJT 31047-1994 电梯完好要求和检查评定方法,特种设备,.pdf,法律标准\标准\设备设施\特种设备\SJT 31047-1994 电梯完好要求和检查评定方法.pdf
SYT0043,SYT 0043-2006  油气田地面管线和设备涂色规范,特种设备,.pdf,法律标准\标准\设备设施\特种设备\SYT 0043-2006  油气田地面管线和设备涂色规范.pdf
TBT2033,TBT 2033-2003 轨道平车通用技术条件,特种设备,.pdf,法律标准\标准\设备设施\特种设备\TBT 2033-2003 轨道平车通用技术条件.pdf
TBT3194,TBT 3194-2008 起重轨道平车,特种设备,.pdf,法律标准\标准\设备设施\特种设备\TBT 3194-2008 起重轨道平车.pdf
TSG-21,TSG-21-2016-固定式压力容器安全技术监察规程,特种设备,.doc,法律标准\标准\设备设施\特种设备\TSG-21-2016-固定式压力容器安全技术监察规程.doc
TSG-21,TSG-21-2016-固定式压力容器安全技术监察规程,特种设备,.docx,法律标准\标准\设备设施\特种设备\TSG-21-2016-固定式压力容器安全技术监察规程.docx
TSG-21,TSG-21-2016-固定式压力容器安全技术监察规程,特种设备,.pdf,法律标准\标准\设备设施\特种设备\TSG-21-2016-固定式压力容器安全技术监察规程.pdf
TSG-G0001,TSG-G0001-2012《锅炉安全技术监察规程》释义,特种设备,.doc,法律标准\标准\设备设施\锅炉\TSG-G0001-2012《锅炉安全技术监察规程》释义.doc
TSG-G0001,TSG-G0001-2012《锅炉安全技术监察规程》释义,特种设备,.docx,法律标准\标准\设备设施\锅炉\TSG-G0001-2012《锅炉安全技术监察规程》释义.docx
TSG-G0001,TSG-G0001-2012／XG1-2017-锅炉安全技术监察规程-2017.06.01,特种设备,.pdf,法律标准\标准\设备设施\特种设备\TSG-G0001-2012／XG1-2017-锅炉安全技术监察规程-2017.06.01.pdf
TSG-G0002,TSG-G0002-2010-锅炉节能技术监督管理规程第1号修改单,特种设备,.doc,法律标准\标准\余热\TSG-G0002-2010-锅炉节能技术监督管理规程第1号修改单.doc
TSG-G0002,TSG-G0002-2010-锅炉节能技术监督管理规程第1号修改单,特种设备,.docx,法律标准\标准\余热\TSG-G0002-2010-锅炉节能技术监督管理规程第1号修改单.docx
TSG-G5001,TSG-G5001-2010-锅炉水(介)质处理监督管理规则,特种设备,.pdf,法律标准\标准\设备设施\锅炉\TSG-G5001-2010-锅炉水(介)质处理监督管理规则.pdf
TSG-G8001,TSG-G8001-2011-锅炉水(介)质处理检测人员考核规则,特种设备,.pdf,新标准\TSG-G8001-2011-锅炉水(介)质处理检测人员考核规则.pdf
TSG-R0005,《移动式压力容器安全技术监察规程》(TSG-R0005-2011)-第1号修改单,特种设备,.pdf,法律标准\标准\设备设施\特种设备\《移动式压力容器安全技术监察规程》(TSG-R0005-2011)-第1号修改单.pdf
TSG-Z6001,特种设备安全技术规范TSG-Z6001—201,特种设备,.docx,法律标准\标准\设备设施\特种设备\特种设备安全技术规范TSG-Z6001—201.docx
TSG07,TSG 07-2019 特种设备生产和充装单位许可规则,特种设备,.xdf,法律标准\标准\设备设施\特种设备\TSG 07-2019 特种设备生产和充装单位许可规则.xdf
TSG07,TSG 07-2019特种设备生产和充装单位,特种设备,.pdf,安全标准\TSG 07-2019特种设备生产和充装单位.pdf
TSG08,TSG 08-2017 特种设备使用管理规则,特种设备,.pdf,法律标准\标准\设备设施\特种设备\TSG 08-2017 特种设备使用管理规则.pdf
TSG08,TSG 08-2017 特种设备使用管理规则,特种设备,.xdf,法律标准\标准\设备设施\特种设备\TSG 08-2017 特种设备使用管理规则.xdf
TSG08,TSG 08—2026 特种设备使用管理规则 ,特种设备,.pdf,安全标准\TSG 08—2026 特种设备使用管理规则 .pdf
TSG08,TSG特种设备安全技术规范TSG08-2017,特种设备,.doc,法律标准\标准\设备设施\特种设备\TSG特种设备安全技术规范TSG08-2017.doc
TSG08,TSG特种设备安全技术规范TSG08-2017,特种设备,.docx,法律标准\标准\设备设施\特种设备\TSG特种设备安全技术规范TSG08-2017.docx
TSG11,TSG 11-2020 《锅炉安全技术规程》释义,特种设备,.pdf,安全标准\TSG 11-2020 《锅炉安全技术规程》释义.pdf
TSG11,TSG 11-2020 锅炉安全技术规程,特种设备,.docx,法律标准\标准\TSG 11-2020 锅炉安全技术规程.docx
TSG11,TSG 11-2020 锅炉安全技术规程,特种设备,.pdf,法律标准\标准\设备设施\特种设备\TSG 11-2020 锅炉安全技术规程.pdf
TSG11,TSG 11-2020 锅炉安全技术规程 含2024年第1号修改单,特种设备,.pdf,安全标准\TSG 11-2020 锅炉安全技术规程 含2024年第1号修改单.pdf
TSG11,《锅炉安全技术规程》 (TSG 11—2020),特种设备,.pdf,安全标准\《锅炉安全技术规程》 (TSG 11—2020).pdf
TSG21,TSG 21-2016 固定式压力容器安全技术监察规程,特种设备,.doc,111111\隐患排查依据文本（一）\隐患排查依据文本（一）\法规\TSG 21-2016 固定式压力容器安全技术监察规程.doc
TSG21,TSG 21-2016 固定式压力容器安全技术监察规程,特种设备,.docx,111111\隐患排查依据文本（一）\隐患排查依据文本（一）\法规\TSG 21-2016 固定式压力容器安全技术监察规程.docx
TSG21,TSG 21-2016 固定式压力容器安全技术监察规程,特种设备,.pdf,法律标准\标准\设备设施\特种设备\TSG 21-2016 固定式压力容器安全技术监察规程.pdf
TSG21,TSG 21-2016《固定式压力容器安全技术监察规程》宣贯讲义,特种设备,.ppt,法律标准\标准\设备设施\特种设备\TSG 21-2016《固定式压力容器安全技术监察规程》宣贯讲义.ppt
TSG21,TSG 21-2016《大容规》与TSG R0004-2009《固容规》主要变化对照,特种设备,.xdf,法律标准\标准\设备设施\特种设备\TSG 21-2016《大容规》与TSG R0004-2009《固容规》主要变化对照.xdf
TSG21,TSG21-2016 固定式压力容器安全技术监察规程,特种设备,.pdf,新标准\撬装\TSG21-2016 固定式压力容器安全技术监察规程.pdf
TSG23,TSG 23-2021 气瓶安全技术规程,特种设备,.pdf,法律标准\标准\设备设施\特种设备\TSG 23-2021 气瓶安全技术规程.pdf
TSG23,气瓶安全技术规程（TSG 23-2021）,特种设备,.pdf,法律标准\标准\设备设施\特种设备\气瓶安全技术规程（TSG 23-2021）.pdf
TSG51,TSG 51-2023 起重机械安全技术规程,特种设备,.docx,111111\新建文件夹 (2)(1)\新建文件夹 (2)\TSG 51-2023 起重机械安全技术规程.docx
TSG51,TSG 51-2023 起重机械安全技术规程,特种设备,.pdf,水泥\TSG 51-2023 起重机械安全技术规程.pdf
TSG92,TSG 92-2026 承压类特种设备安全附件安全技术规程,特种设备,.pdf,安全标准\TSG 92-2026 承压类特种设备安全附件安全技术规程.pdf
TSGD0001,TSG D0001-2009 PPT 压力管道安全技术监察规程-工业管道,特种设备,.rar,标准123\TSG D0001-2009 PPT 压力管道安全技术监察规程-工业管道.rar
TSGD0001,TSG D0001-2009 PPT 压力管道安全技术监察规程-工业管道,特种设备,.ppt,标准123\TSG D0001-2009 PPT 压力管道安全技术监察规程-工业管道\TSG D0001-2009 PPT 压力管道安全技术监察规程-工业管道.ppt
TSGD0001,TSG D0001-2009 压力管道安全技术监察规程-工业管道,特种设备,.pdf,111111\隐患排查依据文本（一）\隐患排查依据文本（一）\标准\TSG D0001-2009 压力管道安全技术监察规程-工业管道.pdf
TSGD0001,TSG D0001-2009 压力管道安全技术监察规程-工业管道,特种设备,.pdf,法律标准\标准\设备设施\特种设备\TSG D0001-2009 压力管道安全技术监察规程-工业管道.pdf
TSGD5001,TSG D5001-2009 压力管道使用登记管理规则（废止）,特种设备,.pdf,法律标准\标准\设备设施\特种设备\TSG D5001-2009 压力管道使用登记管理规则（废止）.pdf
TSGD6001,TSG D6001-2006 压力管道安全管理人员和操作人员考核大纲,特种设备,.pdf,法律标准\标准\设备设施\特种设备\TSG D6001-2006 压力管道安全管理人员和操作人员考核大纲.pdf
TSGD7003,TSG D7003-2010 压力管道定期检验规则 长输(油气)管道,特种设备,.pdf,法律标准\标准\设备设施\特种设备\TSG D7003-2010 压力管道定期检验规则 长输(油气)管道.pdf
TSGD7003,TSG D7003-2010 压力管道定期检验规则-长输（油气）管道）,特种设备,.pdf,法律标准\标准\设备设施\特种设备\TSG D7003-2010 压力管道定期检验规则-长输（油气）管道）.pdf
TSGD7004,TSG D7004-2010 压力管道定期检验规则-公用管道,特种设备,.pdf,法律标准\标准\设备设施\特种设备\TSG D7004-2010 压力管道定期检验规则-公用管道.pdf
TSGD7004,TSG D7004-2010 压力管道定期检验规则——公用管道,特种设备,.pdf,法律标准\标准\设备设施\特种设备\TSG D7004-2010 压力管道定期检验规则——公用管道.pdf
TSGD7005,TSG D7005-2018 压力管道定期检验规则,特种设备,.pdf,法律标准\标准\设备设施\特种设备\TSG D7005-2018 压力管道定期检验规则.pdf
TSGD7006,TSG D7006-2020 压力管道监督检验规则,特种设备,.pdf,安全标准\TSG D7006-2020 压力管道监督检验规则.pdf
TSGD7006,TSG D7006-2020 压力管道监督检验规则,特种设备,.pdf,法律标准\标准\设备设施\特种设备\TSG D7006-2020 压力管道监督检验规则.pdf
TSGG0001,TSG G0001-2012 锅炉安全技术监察规程,特种设备,.pdf,法律标准\标准\设备设施\特种设备\TSG G0001-2012 锅炉安全技术监察规程.pdf
TSGG0001,TSG G0001-2012 锅炉安全技术监察规程,特种设备,.pdf,法律标准\标准\设备设施\锅炉\TSG G0001-2012 锅炉安全技术监察规程.pdf
TSGG0001,TSGG0001-2012锅炉安全技术监察规程,特种设备,.pdf,法律标准\标准\余热\TSGG0001-2012锅炉安全技术监察规程.pdf
TSGG001,TSG G001-2012 锅炉安全技术监察规程,特种设备,.pdf,法律标准\法律法规\培训\天津所用法规\TSG G001-2012 锅炉安全技术监察规程.pdf
TSGG5001,TSG G5001-2010 锅炉水(介)质处理监督管理规则,特种设备,.pdf,法律标准\标准\设备设施\特种设备\TSG G5001-2010 锅炉水(介)质处理监督管理规则.pdf
TSGG5001,TSG G5001-2010 锅炉水（介）质处理监督管理规则,特种设备,.pdf,法律标准\标准\设备设施\特种设备\TSG G5001-2010 锅炉水（介）质处理监督管理规则.pdf
TSGG5002,TSG G5002-2010 锅炉水(介)质处理检验规则,特种设备,.pdf,法律标准\标准\设备设施\特种设备\TSG G5002-2010 锅炉水(介)质处理检验规则.pdf
TSGG5002,TSG G5002-2010锅炉水(介)质处理检验规则,特种设备,.pdf,法律标准\标准\设备设施\特种设备\TSG G5002-2010锅炉水(介)质处理检验规则.pdf
TSGG5004,TSG G5004-2014 锅炉使用管理规则,特种设备,.pdf,法律标准\标准\设备设施\特种设备\TSG G5004-2014 锅炉使用管理规则.pdf
TSGG6001,TSG G6001-2009 锅炉安全管理人员和操作人员考核大纲,特种设备,.pdf,法律标准\标准\设备设施\特种设备\TSG G6001-2009 锅炉安全管理人员和操作人员考核大纲.pdf
TSGG7001,TSG G7001-2015 锅炉监督检验规则,特种设备,.pdf,法律标准\标准\设备设施\特种设备\TSG G7001-2015 锅炉监督检验规则.pdf
TSGG7002,TSG G7002-2015 锅炉定期检验规则,特种设备,.pdf,法律标准\标准\设备设施\特种设备\TSG G7002-2015 锅炉定期检验规则.pdf
TSGN0001,TSG N0001-2017 场（厂）内专用机动车辆安全技术监察规程）,特种设备,.pdf,法律标准\标准\设备设施\特种设备\TSG N0001-2017 场（厂）内专用机动车辆安全技术监察规程）.pdf
TSGQ0002,TSG Q0002-2008  起重机械安全技术监察规程 桥式起重机,特种设备,.xdf,法律标准\标准\钢铁\TSG Q0002-2008  起重机械安全技术监察规程 桥式起重机.xdf
TSGQ0002,TSG Q0002-2008 起重机械安全技术监察规程-桥式起重机,特种设备,.doc,法律标准\标准\设备设施\特种设备\TSG Q0002-2008 起重机械安全技术监察规程-桥式起重机.doc
TSGQ0002,TSG Q0002-2008 起重机械安全技术监察规程-桥式起重机,特种设备,.docx,法律标准\标准\设备设施\特种设备\TSG Q0002-2008 起重机械安全技术监察规程-桥式起重机.docx
TSGQ0002,TSG Q0002-2008 起重机械安全技术监察规程－桥式起重机,特种设备,.rar,法律标准\标准\冶金\TSG Q0002-2008 起重机械安全技术监察规程－桥式起重机.rar
TSGQ0002,TSG Q0002-2008 起重机械安全技术监察规程－桥式起重机,特种设备,.pdf,法律标准\标准\设备设施\特种设备\TSG Q0002-2008 起重机械安全技术监察规程－桥式起重机.pdf
TSGQ0002,TSG Q0002-2008 起重机械安全技术监察规程－桥式起重机 释义,特种设备,.rar,法律标准\标准\冶金\TSG Q0002-2008 起重机械安全技术监察规程－桥式起重机 释义.rar
TSGQ0002,TSGQ0002-2008起重机械安全技术监察规程(doc-59页),特种设备,.doc,新标准\冶金首鼎标准\TSGQ0002-2008起重机械安全技术监察规程(doc-59页).doc
TSGQ0002,TSGQ0002-2008起重机械安全技术监察规程(doc-59页),特种设备,.docx,新标准\冶金首鼎标准\TSGQ0002-2008起重机械安全技术监察规程(doc-59页).docx
TSGQ5001,TSG Q5001-2009 起重机械使用管理规则（废止）,特种设备,.pdf,法律标准\标准\设备设施\特种设备\TSG Q5001-2009 起重机械使用管理规则（废止）.pdf
TSGQ6001,TSG Q6001-2009 起重机械安全管理人员和作业人员考核大纲（废止）,特种设备,.pdf,法律标准\标准\设备设施\特种设备\TSG Q6001-2009 起重机械安全管理人员和作业人员考核大纲（废止）.pdf
TSGQ7015,TSG Q7015-2008 起重机械定期检验规则（有新）,特种设备,.pdf,法律标准\标准\设备设施\特种设备\TSG Q7015-2008 起重机械定期检验规则（有新）.pdf
TSGQ7015,TSG Q7015-2016 起重机械定期检验规则,特种设备,.pdf,111111\隐患排查依据文本（一）\隐患排查依据文本（一）\标准\TSG Q7015-2016 起重机械定期检验规则.pdf
TSGQ7015,TSG Q7015-2016 起重机械定期检验规则,特种设备,.pdf,法律标准\标准\设备设施\特种设备\TSG Q7015-2016 起重机械定期检验规则.pdf
TSGQ7015,起重机械定期检验规则TSGQ7015-2016,特种设备,.pdf,法律标准\标准\起重机械定期检验规则TSGQ7015-2016.pdf
TSGQ7016,TSG Q7016-2008 起重机械安装改造重大维修监督检验规则（有新）,特种设备,.pdf,法律标准\标准\设备设施\特种设备\TSG Q7016-2008 起重机械安装改造重大维修监督检验规则（有新）.pdf
TSGQ7016,TSG Q7016-2016 起重机械安装改造重大修理监督检验规则,特种设备,.pdf,新标准\冶金首鼎标准\TSG Q7016-2016 起重机械安装改造重大修理监督检验规则.pdf
TSGQ7016,TSG Q7016-2016 起重机械安装改造重大修理监督检验规则,特种设备,.pdf,法律标准\标准\设备设施\特种设备\TSG Q7016-2016 起重机械安装改造重大修理监督检验规则.pdf
TSGR0003,TSG R0003-2007 简单压力容器安全技术监察规程（废止）,特种设备,.pdf,法律标准\标准\设备设施\特种设备\TSG R0003-2007 简单压力容器安全技术监察规程（废止）.pdf
TSGR0004,TSG R0004-2009 固定式压力容器安全技术监察规程（有新）,特种设备,.pdf,法律标准\标准\设备设施\特种设备\TSG R0004-2009 固定式压力容器安全技术监察规程（有新）.pdf
TSGR0005,TSG R0005-2011 移动式压力容器安全技术监察规程,特种设备,.pdf,安全标准\TSG R0005-2011 移动式压力容器安全技术监察规程 含修改单\TSG R0005-2011 移动式压力容器安全技术监察规程.pdf
TSGR0005,TSG R0005-2011 移动式压力容器安全技术监察规程,特种设备,.pdf,安全标准\TSG R0005-2011 移动式压力容器安全技术监察规程 含第1、2、3号修改单\TSG R0005-2011 移动式压力容器安全技术监察规程 含修改单\TSG R0005-2011 移动式压力容器安全技术监察规程.pdf
TSGR0005,TSG R0005-2011 移动式压力容器安全技术监察规程,特种设备,.pdf,法律标准\标准\设备设施\特种设备\TSG R0005-2011 移动式压力容器安全技术监察规程.pdf
TSGR0005,TSG R0005-2011 移动式压力容器安全技术监察规程 含第1、2、3号修改单,特种设备,.rar,安全标准\TSG R0005-2011 移动式压力容器安全技术监察规程 含第1、2、3号修改单.rar
TSGR0005,TSG R0005-2011 移动式压力容器安全技术监察规程（第1号修改单）,特种设备,.doc,法律标准\标准\移动压力容器\TSG R0005-2011 移动式压力容器安全技术监察规程（第1号修改单）.doc
TSGR0005,TSG R0005-2011 移动式压力容器安全技术监察规程（第1号修改单）,特种设备,.docx,法律标准\标准\移动压力容器\TSG R0005-2011 移动式压力容器安全技术监察规程（第1号修改单）.docx
TSGR0005,TSG R0005-2011 移动式压力容器安全技术监察规程（第2号修改单）,特种设备,.pdf,法律标准\标准\移动压力容器\TSG R0005-2011 移动式压力容器安全技术监察规程（第2号修改单）.pdf
TSGR0005,TSGR0005-2011移动式压力容器安全技术监察规程,特种设备,.pdf,法律标准\标准\移动压力容器\TSGR0005-2011移动式压力容器安全技术监察规程.pdf
TSGR0005,《移动式压力容 器安全技术监察规程》(TSGR0005-2011，2017年1月第2次修改)第3号修改单,特种设备,.docx,法律标准\标准\移动压力容器\《移动式压力容 器安全技术监察规程》(TSGR0005-2011，2017年1月第2次修改)第3号修改单.docx
TSGR0006,TSG R0006-2014 气瓶安全技术监察规程,特种设备,.pdf,法律标准\标准\设备设施\特种设备\TSG R0006-2014 气瓶安全技术监察规程.pdf
TSGR5002,TSG R5002-2013 压力容器使用管理规则（废止）,特种设备,.pdf,法律标准\标准\设备设施\特种设备\TSG R5002-2013 压力容器使用管理规则（废止）.pdf
TSGR6001,TSG R6001-2008 压力容器安全管理人员和操作人员考核大纲,特种设备,.pdf,法律标准\标准\设备设施\特种设备\TSG R6001-2008 压力容器安全管理人员和操作人员考核大纲.pdf
TSGR7001,TSG R7001-2013 压力容器定期检验规则,特种设备,.pdf,法律标准\标准\污水\TSG R7001-2013 压力容器定期检验规则.pdf
TSGR7001,TSG R7001-2013 压力容器定期检验规则,特种设备,.pdf,法律标准\标准\设备设施\特种设备\TSG R7001-2013 压力容器定期检验规则.pdf
TSGR7004,TSG R7004-2013 压力容器监督检验规则,特种设备,.pdf,法律标准\标准\设备设施\特种设备\TSG R7004-2013 压力容器监督检验规则.pdf
TSGT5001,TSG T5001-2009 电梯使用管理与维护保养规则（废止）,特种设备,.pdf,法律标准\标准\设备设施\特种设备\TSG T5001-2009 电梯使用管理与维护保养规则（废止）.pdf
TSGT5002,TSG T5002-2017电梯维护保养规则,特种设备,.pdf,法律标准\标准\设备设施\特种设备\TSG T5002-2017电梯维护保养规则.pdf
TSGT6001,TSG T6001-2007 电梯安全管理人员和作业人员考核大纲,特种设备,.pdf,法律标准\标准\设备设施\特种设备\TSG T6001-2007 电梯安全管理人员和作业人员考核大纲.pdf
TSGT7001,TSG T7001-2009 电梯监督检验和定期检验规则-曳引与强制驱动电梯,特种设备,.pdf,法律标准\标准\设备设施\特种设备\TSG T7001-2009 电梯监督检验和定期检验规则-曳引与强制驱动电梯.pdf
TSGT7004,TSG T7004-2012 电梯监督检验和定期检验规则-液压电梯,特种设备,.pdf,法律标准\标准\设备设施\特种设备\TSG T7004-2012 电梯监督检验和定期检验规则-液压电梯.pdf
TSGT7005,TSG T7005-2012 电梯监督检验和定期检验规则-自动扶梯与自动人行道,特种设备,.pdf,法律标准\标准\设备设施\特种设备\TSG T7005-2012 电梯监督检验和定期检验规则-自动扶梯与自动人行道.pdf
TSGT7006,TSG T7006-2012 电梯监督检验和定期检验规则-杂物电梯,特种设备,.pdf,法律标准\标准\设备设施\特种设备\TSG T7006-2012 电梯监督检验和定期检验规则-杂物电梯.pdf
TSGZ0006,TSG Z0006-2009 特种设备事故调查处理导则,特种设备,.pdf,法律标准\标准\设备设施\特种设备\TSG Z0006-2009 特种设备事故调查处理导则.pdf
TSGZ6001,TSG Z6001-2013 特种设备作业人员考核规则,特种设备,.pdf,法律标准\标准\设备设施\特种设备\TSG Z6001-2013 特种设备作业人员考核规则.pdf
TSGZ6001,TSG Z6001-2019特种设备作业人员考核规则,特种设备,.xdf,法律标准\标准\设备设施\特种设备\TSG Z6001-2019特种设备作业人员考核规则.xdf
TSGZ8002,TSG Z8002—2022特种设备检验人员考核规则,特种设备,.pdf,新标准\TSG Z8002—2022特种设备检验人员考核规则.pdf
ld48,ld48-93-起重机械吊具锁具安全规程,特种设备,.doc,法律标准\标准\设备设施\特种设备\吊具索具\ld48-93-起重机械吊具锁具安全规程.doc
ld48,ld48-93-起重机械吊具锁具安全规程,特种设备,.docx,法律标准\标准\设备设施\特种设备\吊具索具\ld48-93-起重机械吊具锁具安全规程.docx
tsgz6001,tsgz6001-2019特种设备作业人员考核规则,特种设备,.pdf,法律标准\标准\设备设施\特种设备\tsgz6001-2019特种设备作业人员考核规则.pdf
,01 需要注册并进行定期检验的压力容器,特种设备,.docx,法律标准\标准\设备设施\特种设备\01 需要注册并进行定期检验的压力容器.docx
,02R110燃气(油)锅炉房工程设计施工图集,特种设备,.xdf,法律标准\标准\设备设施\锅炉\02R110燃气(油)锅炉房工程设计施工图集.xdf
,02R110锅炉安装,特种设备,.pdf,法律标准\标准\锅炉\02R110锅炉安装.pdf
,1-国务院安委会办公室关于进一步加强危险化学品安全生产工作的指导意见-安委办〔2008〕26号,特种设备,.doc,法律标准\法律法规\特种设备法律法规\1-国务院安委会办公室关于进一步加强危险化学品安全生产工作的指导意见-安委办〔2008〕26号.doc
,1-国务院安委会办公室关于进一步加强危险化学品安全生产工作的指导意见-安委办〔2008〕26号,特种设备,.docx,法律标准\法律法规\特种设备法律法规\1-国务院安委会办公室关于进一步加强危险化学品安全生产工作的指导意见-安委办〔2008〕26号.docx
,10-国家安全监管总局关于公布第二批重点监管危险化工工艺目录和调整首批重点监管危险化工工艺中部分典型工艺的通知-安监总管三〔2013〕3号,特种设备,.doc,法律标准\法律法规\特种设备法律法规\10-国家安全监管总局关于公布第二批重点监管危险化工工艺目录和调整首批重点监管危险化工工艺中部分典型工艺的通知-安监总管三〔2013〕3号.doc
,10-国家安全监管总局关于公布第二批重点监管危险化工工艺目录和调整首批重点监管危险化工工艺中部分典型工艺的通知-安监总管三〔2013〕3号,特种设备,.docx,法律标准\法律法规\特种设备法律法规\10-国家安全监管总局关于公布第二批重点监管危险化工工艺目录和调整首批重点监管危险化工工艺中部分典型工艺的通知-安监总管三〔2013〕3号.docx
,11-安监总局、住建部《关于进一步加强危险化学品建设项目安全设计管理的通知》》,特种设备,.doc,法律标准\法律法规\特种设备法律法规\11-安监总局、住建部《关于进一步加强危险化学品建设项目安全设计管理的通知》》.doc
,11-安监总局、住建部《关于进一步加强危险化学品建设项目安全设计管理的通知》》,特种设备,.docx,法律标准\法律法规\特种设备法律法规\11-安监总局、住建部《关于进一步加强危险化学品建设项目安全设计管理的通知》》.docx
,11号令《小型和常压热水锅炉安全监察规定》,特种设备,.doc,法律标准\标准\11号令《小型和常压热水锅炉安全监察规定》.doc
,11号令《小型和常压热水锅炉安全监察规定》,特种设备,.docx,法律标准\标准\11号令《小型和常压热水锅炉安全监察规定》.docx
,12-国家安全监管总局关于加强化工过程安全管理的指导意见-安监总管三[2013]88号,特种设备,.pdf,法律标准\法律法规\特种设备法律法规\12-国家安全监管总局关于加强化工过程安全管理的指导意见-安监总管三[2013]88号.pdf
,2-国家安全监管总局关于公布首批重点监管的危险化工工艺目录的通知-安监总管三〔2009〕116号,特种设备,.doc,法律标准\法律法规\特种设备法律法规\2-国家安全监管总局关于公布首批重点监管的危险化工工艺目录的通知-安监总管三〔2009〕116号.doc
,2-国家安全监管总局关于公布首批重点监管的危险化工工艺目录的通知-安监总管三〔2009〕116号,特种设备,.docx,法律标准\法律法规\特种设备法律法规\2-国家安全监管总局关于公布首批重点监管的危险化工工艺目录的通知-安监总管三〔2009〕116号.docx
,2014特种设备安全法,特种设备,.doc,法律标准\法律法规\特种设备法律法规\2014特种设备安全法.doc
,2014特种设备安全法,特种设备,.docx,法律标准\法律法规\特种设备法律法规\2014特种设备安全法.docx
,2014特种设备目录,特种设备,.doc,111111\隐患排查依据文本（一）\隐患排查依据文本（一）\法规\2014特种设备目录.doc
,2014特种设备目录,特种设备,.docx,111111\隐患排查依据文本（一）\隐患排查依据文本（一）\法规\2014特种设备目录.docx
,2019版特种设备目录,特种设备,.doc,法律标准\标准\设备设施\特种设备\2019版特种设备目录.doc
,2019版特种设备目录,特种设备,.docx,法律标准\标准\设备设施\特种设备\2019版特种设备目录.docx
,2020各类特种设备应急演练方案汇编（20页）,特种设备,.docx,应急\2021.3.4应急演练、桌面演练、脚本、记录大全（500项）\2021.3.4应急演练、桌面演练、脚本、记录大全（500项）\应急演练方案、脚本、计划、总结大全\2020各类特种设备应急演练方案汇编（20页）.docx
,3-国家安监总局工信部关于危险化学品企业贯彻落实〈国务院关于进一步加强企业安全生产工作的通知〉的实施意见-安监总管三〔2010〕186号,特种设备,.doc,法律标准\法律法规\特种设备法律法规\3-国家安监总局工信部关于危险化学品企业贯彻落实〈国务院关于进一步加强企业安全生产工作的通知〉的实施意见-安监总管三〔2010〕186号.doc
,3-国家安监总局工信部关于危险化学品企业贯彻落实〈国务院关于进一步加强企业安全生产工作的通知〉的实施意见-安监总管三〔2010〕186号,特种设备,.docx,法律标准\法律法规\特种设备法律法规\3-国家安监总局工信部关于危险化学品企业贯彻落实〈国务院关于进一步加强企业安全生产工作的通知〉的实施意见-安监总管三〔2010〕186号.docx
,300MW锅炉运行导则(国标),特种设备,.doc,法律标准\标准\设备设施\锅炉\300MW锅炉运行导则(国标).doc
,300MW锅炉运行导则(国标),特种设备,.docx,法律标准\标准\设备设施\锅炉\300MW锅炉运行导则(国标).docx
,3887+起重机械使用安全风险分级管控和事故隐患排查治理体系建设实施指南,特种设备,.pdf,111111\3887+起重机械使用安全风险分级管控和事故隐患排查治理体系建设实施指南.pdf
,4-国家安全监管总局关于公布首批重点监管的危险化学品名录的通知-安监总管三[2011]95号国家安全监管总局关于公布,特种设备,.doc,法律标准\法律法规\特种设备法律法规\4-国家安全监管总局关于公布首批重点监管的危险化学品名录的通知-安监总管三[2011]95号国家安全监管总局关于公布.doc
,4-国家安全监管总局关于公布首批重点监管的危险化学品名录的通知-安监总管三[2011]95号国家安全监管总局关于公布,特种设备,.docx,法律标准\法律法规\特种设备法律法规\4-国家安全监管总局关于公布首批重点监管的危险化学品名录的通知-安监总管三[2011]95号国家安全监管总局关于公布.docx
,5-关于印发危险化学品从业单位安全生产标准化评审工作管理办法的通知-安监总管三〔2011〕145号,特种设备,.doc,法律标准\法律法规\特种设备法律法规\5-关于印发危险化学品从业单位安全生产标准化评审工作管理办法的通知-安监总管三〔2011〕145号.doc
,5-关于印发危险化学品从业单位安全生产标准化评审工作管理办法的通知-安监总管三〔2011〕145号,特种设备,.docx,法律标准\法律法规\特种设备法律法规\5-关于印发危险化学品从业单位安全生产标准化评审工作管理办法的通知-安监总管三〔2011〕145号.docx
,6-关于开展提升危险化学品领域本质安全水平专项行动的通知_安监总管三〔2012〕87号,特种设备,.docx,法律标准\法律法规\特种设备法律法规\6-关于开展提升危险化学品领域本质安全水平专项行动的通知_安监总管三〔2012〕87号.docx
,7、国家安全监管总局关于印发危险化学品企业事故隐患排查治理实施导则的通知（安监总管三[2012]103号）2012.08.07,特种设备,.doc,法律标准\法律法规\特种设备法律法规\7、国家安全监管总局关于印发危险化学品企业事故隐患排查治理实施导则的通知（安监总管三[2012]103号）2012.08.07.doc
,7、国家安全监管总局关于印发危险化学品企业事故隐患排查治理实施导则的通知（安监总管三[2012]103号）2012.08.07,特种设备,.docx,法律标准\法律法规\特种设备法律法规\7、国家安全监管总局关于印发危险化学品企业事故隐患排查治理实施导则的通知（安监总管三[2012]103号）2012.08.07.docx
,8-安委会办公室《关于进一步加强化工园区安全管理的指导意见》_安委办〔2012〕37号,特种设备,.doc,法律标准\法律法规\特种设备法律法规\8-安委会办公室《关于进一步加强化工园区安全管理的指导意见》_安委办〔2012〕37号.doc
,8-安委会办公室《关于进一步加强化工园区安全管理的指导意见》_安委办〔2012〕37号,特种设备,.docx,法律标准\法律法规\特种设备法律法规\8-安委会办公室《关于进一步加强化工园区安全管理的指导意见》_安委办〔2012〕37号.docx
,9-第二批重点监管危险化学品名录的通知-安监总管三〔2013〕12号,特种设备,.doc,法律标准\法律法规\特种设备法律法规\9-第二批重点监管危险化学品名录的通知-安监总管三〔2013〕12号.doc
,9-第二批重点监管危险化学品名录的通知-安监总管三〔2013〕12号,特种设备,.docx,法律标准\法律法规\特种设备法律法规\9-第二批重点监管危险化学品名录的通知-安监总管三〔2013〕12号.docx
,CJ T 432-2013 生活垃圾焚烧厂垃圾抓斗起重机技术要求,特种设备,.xdf,法律标准\标准\垃圾\CJ T 432-2013 生活垃圾焚烧厂垃圾抓斗起重机技术要求.xdf
,DLGJ 116-1993 火力发电厂锅炉炉膛安全监控系统设计技术规定,特种设备,.rar,垃圾发电补充2\DLGJ 116-1993 火力发电厂锅炉炉膛安全监控系统设计技术规定.rar
,GB T 31052.9-2016 起重机械 检查与维护规程 第9部分 升降机,特种设备,.xdf,法律标准\标准\升降机\GB T 31052.9-2016 起重机械 检查与维护规程 第9部分 升降机.xdf
,GB T 33942-2017 特种设备事故应急预案编制导则,特种设备,.xdf,法律标准\标准\设备设施\特种设备\GB T 33942-2017 特种设备事故应急预案编制导则.xdf
,GB T 34552-2017 生活垃圾流化床焚烧锅炉,特种设备,.xdf,法律标准\标准\垃圾\GB T 34552-2017 生活垃圾流化床焚烧锅炉.xdf
,GBT+20663-2026蓄能压力容器,特种设备,.pdf,安全标准\GBT+20663-2026蓄能压力容器.pdf
,GBT+23723.5-2025起重机 安全使用 第5部分_桥式和门式起重机,特种设备,.pdf,安全标准\新建文件夹 (4)\GBT+23723.5-2025起重机 安全使用 第5部分_桥式和门式起重机.pdf
,GBT+47160-2026起重冶金和屏蔽电机 安全要求,特种设备,.pdf,安全标准\GBT+47160-2026起重冶金和屏蔽电机 安全要求.pdf
,GBT+5974-2025起重机械 钢丝绳用套环,特种设备,.pdf,111111\GBT+5974-2025起重机械 钢丝绳用套环.pdf
,HGT 20585-2011 钢制低温压力容器技术规定,特种设备,.xdf,法律标准\标准\重大危险源\HGT 20585-2011 钢制低温压力容器技术规定.xdf
,HGT 20585-2020 钢制低温压力容器技术规范,特种设备,.pdf,新标准\HGT 20585-2020 钢制低温压力容器技术规范.pdf
,JB T 10219-2011 防爆梁式起重机,特种设备,.xdf,法律标准\标准\爆炸\JB T 10219-2011 防爆梁式起重机.xdf
,JB T 7688.5-2012 冶金起重机技术条件 第5部分_ 铸造起重机,特种设备,.xdf,法律标准\标准\钢铁\JB T 7688.5-2012 冶金起重机技术条件 第5部分_ 铸造起重机.xdf
,JJG 52-2013弹性元件式一般压力表、压力真空表和真空表检定规程,特种设备,.xdf,法律标准\标准\设备设施\特种设备\JJG 52-2013弹性元件式一般压力表、压力真空表和真空表检定规程.xdf
,JJG 971-2019液位计检定规程,特种设备,.xdf,法律标准\标准\设备设施\特种设备\JJG 971-2019液位计检定规程.xdf
,JJG-52-2013弹性元件式一般压力表、压力真空表和真空表,特种设备,.pdf,法律标准\标准\设备设施\特种设备\JJG-52-2013弹性元件式一般压力表、压力真空表和真空表.pdf
,NBT 47052-2016 简单压力容器,特种设备,.pdf,法律标准\标准\设备设施\特种设备\NBT 47052-2016 简单压力容器.pdf
,NB∕T 47034-2013 工业锅炉技术条件,特种设备,.pdf,法律标准\标准\设备设施\锅炉\NB∕T 47034-2013 工业锅炉技术条件.pdf
,QSY 1365-2011 气瓶使用安全管理规范,特种设备,.doc,法律标准\标准\设备设施\特种设备\QSY 1365-2011 气瓶使用安全管理规范.doc
,QSY 1365-2011 气瓶使用安全管理规范,特种设备,.docx,法律标准\标准\设备设施\特种设备\QSY 1365-2011 气瓶使用安全管理规范.docx
,QSY 1365-2011 气瓶使用安全管理规范,特种设备,.pdf,法律标准\标准\设备设施\特种设备\QSY 1365-2011 气瓶使用安全管理规范.pdf
,QSY1248-2009  移动式起重机吊装作业安全管理规范,特种设备,.pdf,法律标准\标准\中油标准\QSY1248-2009  移动式起重机吊装作业安全管理规范.pdf
,SH 3043-2003 石油化工设备管道钢结构表面色和标志规定,特种设备,.pdf,法律标准\标准\设备设施\特种设备\SH 3043-2003 石油化工设备管道钢结构表面色和标志规定.pdf
,SLJJ 1-7-1981 施工机械安全技术操作规程(第七册 门式起重机),特种设备,.pdf,法律标准\标准\设备设施\特种设备\SLJJ 1-7-1981 施工机械安全技术操作规程(第七册 门式起重机).pdf
,TSG RF001-2009 气瓶附件安全技术监察规程,特种设备,.pdf,法律标准\标准\设备设施\特种设备\TSG RF001-2009 气瓶附件安全技术监察规程.pdf
,TSG ZB001-2008燃油(气)燃烧器安全技术规则,特种设备,.pdf,法律标准\标准\设备设施\特种设备\TSG ZB001-2008燃油(气)燃烧器安全技术规则.pdf
,TSG ZF003-2011 爆破片装置安全技术检查规程,特种设备,.pdf,法律标准\标准\设备设施\特种设备\TSG ZF003-2011 爆破片装置安全技术检查规程.pdf
,TSG ZF003-2011《爆破片装置安全技术监察规程》第1号修改单,特种设备,.doc,法律标准\标准\设备设施\特种设备\TSG ZF003-2011《爆破片装置安全技术监察规程》第1号修改单.doc
,TSG ZF003-2011《爆破片装置安全技术监察规程》第1号修改单,特种设备,.docx,法律标准\标准\设备设施\特种设备\TSG ZF003-2011《爆破片装置安全技术监察规程》第1号修改单.docx
,TSGZF_001-2006安全阀安全技术监察规程,特种设备,.pdf,法律标准\标准\设备设施\特种设备\TSGZF_001-2006安全阀安全技术监察规程.pdf
,《特种设备作业人员监督管理办法》140号令,特种设备,.doc,111111\隐患排查依据文本（一）\隐患排查依据文本（一）\法规\《特种设备作业人员监督管理办法》140号令.doc
,《特种设备作业人员监督管理办法》140号令,特种设备,.docx,111111\隐患排查依据文本（一）\隐患排查依据文本（一）\法规\《特种设备作业人员监督管理办法》140号令.docx
,《特种设备作业人员考核规则》第1号修改单,特种设备,.doc,法律标准\法律法规\特种设备法律法规\《特种设备作业人员考核规则》第1号修改单.doc
,《特种设备作业人员考核规则》第1号修改单,特种设备,.docx,法律标准\法律法规\特种设备法律法规\《特种设备作业人员考核规则》第1号修改单.docx
,《特种设备作业人员资格认定分类与项目》《特种设备生产单位许可目录》和《特种设备检验检测人员资格认定项目》市场监管总局关于特种设备,特种设备,.xdf,新文件包\《特种设备作业人员资格认定分类与项目》《特种设备生产单位许可目录》和《特种设备检验检测人员资格认定项目》市场监管总局关于特种设备.xdf
,《特种设备安全管理人员、作业人员资格种类与项目》（征求意见稿））,特种设备,.doc,法律标准\标准\设备设施\特种设备\《特种设备安全管理人员、作业人员资格种类与项目》（征求意见稿））.doc
,《特种设备安全管理人员、作业人员资格种类与项目》（征求意见稿））,特种设备,.docx,法律标准\标准\设备设施\特种设备\《特种设备安全管理人员、作业人员资格种类与项目》（征求意见稿））.docx
,《特种设备目录》中承压设备有关问题的意见,特种设备,.docx,法律标准\标准\设备设施\特种设备\《特种设备目录》中承压设备有关问题的意见.docx
,《特种设备目录》对照表,特种设备,.docx,法律标准\标准\设备设施\特种设备\《特种设备目录》对照表.docx
,《起重机械安装改造重大修理监督检验规则》行业标准第1号修改单,特种设备,.pdf,新标准\冶金首鼎标准\《起重机械安装改造重大修理监督检验规则》行业标准第1号修改单.pdf
,【汇编】特种设备安全管理手册（379页）,特种设备,.pdf,法律标准\标准\【汇编】特种设备安全管理手册（379页）.pdf
,中华人民共和国特种设备安全法,特种设备,.docx,新文件包\中华人民共和国特种设备安全法.docx
,中华人民共和国特种设备安全法2014,特种设备,.doc,法律标准\法律法规\特种设备法律法规\中华人民共和国特种设备安全法2014.doc
,中华人民共和国特种设备安全法2014,特种设备,.docx,法律标准\法律法规\特种设备法律法规\中华人民共和国特种设备安全法2014.docx
,中国石油天然气集团公司特种设备安全管理办法-中油安〔2013〕459号,特种设备,.doc,法律标准\法律法规\集团规章\中国石油天然气集团公司特种设备安全管理办法-中油安〔2013〕459号.doc
,中国石油天然气集团公司特种设备安全管理办法-中油安〔2013〕459号,特种设备,.docx,法律标准\法律法规\集团规章\中国石油天然气集团公司特种设备安全管理办法-中油安〔2013〕459号.docx
,余热锅炉安全检查表-049823,特种设备,.doc,法律标准\标准\余热\余热锅炉安全检查表-049823.doc
,余热锅炉安全检查表-049823,特种设备,.docx,法律标准\标准\余热\余热锅炉安全检查表-049823.docx
,关于公布《安全阀安全技术监察规程》第1号修改单的公告,特种设备,.doc,法律标准\法律法规\特种设备法律法规\关于公布《安全阀安全技术监察规程》第1号修改单的公告.doc
,关于公布《安全阀安全技术监察规程》第1号修改单的公告,特种设备,.docx,法律标准\法律法规\特种设备法律法规\关于公布《安全阀安全技术监察规程》第1号修改单的公告.docx
,关于冶金起重机械整治工作有关意见的通知-质检办特[2007]375号文,特种设备,.doc,法律标准\法律法规\特种设备法律法规\关于冶金起重机械整治工作有关意见的通知-质检办特[2007]375号文.doc
,关于冶金起重机械整治工作有关意见的通知-质检办特[2007]375号文,特种设备,.docx,法律标准\法律法规\特种设备法律法规\关于冶金起重机械整治工作有关意见的通知-质检办特[2007]375号文.docx
,关于场（厂）内专用机动车辆安全监察工作有关问题的函(质检办特函〔2017〕1026号),特种设备,.docx,法律标准\标准\设备设施\特种设备\关于场（厂）内专用机动车辆安全监察工作有关问题的函(质检办特函〔2017〕1026号).docx
,关于简化《特种设备安装改造维修告知书》的通知(质检办特函〔2009〕1186号),特种设备,.docx,法律标准\标准\设备设施\特种设备\关于简化《特种设备安装改造维修告知书》的通知(质检办特函〔2009〕1186号).docx
,关于转发《省应急管理厅关于开展木材加工企业隐患治理工作的通知》的通知(1),特种设备,.pdf,法律标准\标准\设备设施\特种设备\关于转发《省应急管理厅关于开展木材加工企业隐患治理工作的通知》的通知(1).pdf
,压力管道使用登记表,特种设备,.doc,法律标准\标准\参考资料\压力管道使用登记表.doc
,压力管道使用登记表,特种设备,.docx,法律标准\标准\参考资料\压力管道使用登记表.docx
,压力管道安全管理与监察规定（劳动部-1996废止）,特种设备,.doc,法律标准\法律法规\特种设备法律法规\压力管道安全管理与监察规定（劳动部-1996废止）.doc
,压力管道安全管理与监察规定（劳动部-1996废止）,特种设备,.docx,法律标准\法律法规\特种设备法律法规\压力管道安全管理与监察规定（劳动部-1996废止）.docx
,固定式压力容器安全风险分级管控和隐患排查治理体系建设实施指南,特种设备,.xdf,法律标准\标准\设备设施\特种设备\固定式压力容器安全风险分级管控和隐患排查治理体系建设实施指南.xdf
,国家安全监管总局办公厅关于印发危险化学品目录（2015版）实施指南（试行）的通知,特种设备,.doc,法律标准\法律法规\特种设备法律法规\国家安全监管总局办公厅关于印发危险化学品目录（2015版）实施指南（试行）的通知.doc
,国家安全监管总局办公厅关于印发危险化学品目录（2015版）实施指南（试行）的通知,特种设备,.docx,法律标准\法律法规\特种设备法律法规\国家安全监管总局办公厅关于印发危险化学品目录（2015版）实施指南（试行）的通知.docx
,国质检特〔2014〕679号质检总局关于实施新修订的《特种设备目录》若干问题的意见,特种设备,.doc,111111\隐患排查依据文本（一）\隐患排查依据文本（一）\法规\国质检特〔2014〕679号质检总局关于实施新修订的《特种设备目录》若干问题的意见.doc
,国质检特〔2014〕679号质检总局关于实施新修订的《特种设备目录》若干问题的意见,特种设备,.docx,111111\隐患排查依据文本（一）\隐患排查依据文本（一）\法规\国质检特〔2014〕679号质检总局关于实施新修订的《特种设备目录》若干问题的意见.docx
,地下燃气锅炉房的布置型式,特种设备,.pdf,法律标准\标准\新建文件夹2\地下燃气锅炉房的布置型式.pdf
,垃圾焚烧发电厂锅炉检修运行与维护措施分析,特种设备,.pdf,垃圾焚烧\垃圾发电补充1\垃圾焚烧发电厂锅炉检修运行与维护措施分析.pdf
,垃圾焚烧发电厂锅炉检修运行与维护策略,特种设备,.docx,垃圾焚烧\垃圾发电补充1\垃圾焚烧发电厂锅炉检修运行与维护策略.docx
,安全阀安全技术监察规程TSGZF001-2006,特种设备,.doc,法律标准\标准\设备设施\特种设备\安全阀安全技术监察规程TSGZF001-2006.doc
,安全阀安全技术监察规程TSGZF001-2006,特种设备,.docx,法律标准\标准\设备设施\特种设备\安全阀安全技术监察规程TSGZF001-2006.docx
,安全阀安全技术监察规程》第1号修改单的公告,特种设备,.docx,法律标准\标准\设备设施\特种设备\安全阀安全技术监察规程》第1号修改单的公告.docx
,富燃德锅炉操作手册,特种设备,.pdf,新标准\富燃德锅炉操作手册.pdf
,工业锅炉实用手册,特种设备,.rar,法律标准\标准\锅炉\工业锅炉实用手册.rar
,市场监管总局特种设备局关于 明确起重机械有关名词术语含义的通知,特种设备,.docx,法律标准\标准\设备设施\特种设备\市场监管总局特种设备局关于 明确起重机械有关名词术语含义的通知.docx
,废止《小型和常压热水锅炉安全监察规定》等3个部门规章意见的函,特种设备,.docx,法律标准\标准\设备设施\特种设备\废止《小型和常压热水锅炉安全监察规定》等3个部门规章意见的函.docx
,建筑施工特种作业人员管理规定-建质[2008]75号,特种设备,.doc,法律标准\法律法规\特种设备法律法规\建筑施工特种作业人员管理规定-建质[2008]75号.doc
,建筑施工特种作业人员管理规定-建质[2008]75号,特种设备,.docx,法律标准\法律法规\特种设备法律法规\建筑施工特种作业人员管理规定-建质[2008]75号.docx
,新建 Microsoft Word 文档,特种设备,.docx,法律标准\标准\设备设施\特种设备\新建 Microsoft Word 文档.docx
,新版特种设备目录,特种设备,.doc,法律标准\标准\设备设施\特种设备\新版特种设备目录.doc
,新版特种设备目录,特种设备,.docx,法律标准\标准\设备设施\特种设备\新版特种设备目录.docx
,桥式起重机,特种设备,.docx,111111\桥式起重机.docx
,桥式起重机风险告知及防范措施,特种设备,.pdf,111111\桥式起重机风险告知及防范措施.pdf
,气瓶安全监察规定-国质检第46号(2015年修订),特种设备,.doc,法律标准\法律法规\特种设备法律法规\气瓶安全监察规定-国质检第46号(2015年修订).doc
,气瓶安全监察规定-国质检第46号(2015年修订),特种设备,.docx,法律标准\法律法规\特种设备法律法规\气瓶安全监察规定-国质检第46号(2015年修订).docx
,河北省电梯安全管理办法,特种设备,.doc,法律标准\法律法规\河北省\河北省电梯安全管理办法.doc
,河北省电梯安全管理办法,特种设备,.docx,法律标准\法律法规\河北省\河北省电梯安全管理办法.docx
,游乐设施安全技术监察规程,特种设备,.docx,法律标准\标准\设备设施\特种设备\游乐设施安全技术监察规程.docx
,溶解乙炔气瓶安全监察规程劳锅字[1993]4号 (作废文件，参考）,特种设备,.doc,法律标准\标准\设备设施\特种设备\溶解乙炔气瓶安全监察规程劳锅字[1993]4号 (作废文件，参考）.doc
,溶解乙炔气瓶安全监察规程劳锅字[1993]4号 (作废文件，参考）,特种设备,.docx,法律标准\标准\设备设施\特种设备\溶解乙炔气瓶安全监察规程劳锅字[1993]4号 (作废文件，参考）.docx
,燃气锅炉流程图,特种设备,.docx,法律标准\标准\锅炉\燃气锅炉流程图.docx
,燃气锅炉间属于爆炸危险区域？,特种设备,.docx,法律标准\标准\设备设施\锅炉\锅炉\燃气锅炉间属于爆炸危险区域？.docx
,燃油燃气锅炉房设计手册 第2版 [张泉根 主编] 2013年版,特种设备,.pdf,法律标准\标准\燃气\燃气规范\燃油燃气锅炉房设计手册 第2版 [张泉根 主编] 2013年版.pdf
,燃油燃气锅炉房设计手册 第2版 [张泉根 主编] 2013年版,特种设备,.rar,法律标准\标准\锅炉\燃油燃气锅炉房设计手册 第2版 [张泉根 主编] 2013年版.rar
,燃油蒸汽锅炉原理和结构,特种设备,.doc,法律标准\标准\锅炉\燃油蒸汽锅炉原理和结构.doc
,燃油蒸汽锅炉原理和结构,特种设备,.docx,法律标准\标准\锅炉\燃油蒸汽锅炉原理和结构.docx
,特种作业人员安全技术培训考核管理规定安监总局令第30号-2010,特种设备,.doc,法律标准\法律法规\特种设备法律法规\特种作业人员安全技术培训考核管理规定安监总局令第30号-2010.doc
,特种作业人员安全技术培训考核管理规定安监总局令第30号-2010,特种设备,.docx,法律标准\法律法规\特种设备法律法规\特种作业人员安全技术培训考核管理规定安监总局令第30号-2010.docx
,特种设备事故(压力容器)应急预案演练记录,特种设备,.doc,应急\2021.3.4应急演练、桌面演练、脚本、记录大全（500项）\2021.3.4应急演练、桌面演练、脚本、记录大全（500项）\应急演练方案、脚本、计划、总结大全\特种设备事故(压力容器)应急预案演练记录.doc
,特种设备事故(压力容器)应急预案演练记录,特种设备,.docx,应急\2021.3.4应急演练、桌面演练、脚本、记录大全（500项）\2021.3.4应急演练、桌面演练、脚本、记录大全（500项）\应急演练方案、脚本、计划、总结大全\特种设备事故(压力容器)应急预案演练记录.docx
,特种设备事故应急救援预案和演练方案,特种设备,.doc,应急\2021.3.4应急演练、桌面演练、脚本、记录大全（500项）\2021.3.4应急演练、桌面演练、脚本、记录大全（500项）\应急演练方案、脚本、计划、总结大全\特种设备事故应急救援预案和演练方案.doc
,特种设备事故应急救援预案和演练方案,特种设备,.docx,应急\2021.3.4应急演练、桌面演练、脚本、记录大全（500项）\2021.3.4应急演练、桌面演练、脚本、记录大全（500项）\应急演练方案、脚本、计划、总结大全\特种设备事故应急救援预案和演练方案.docx
,特种设备事故应急演练方案,特种设备,.docx,应急\2021.3.4应急演练、桌面演练、脚本、记录大全（500项）\2021.3.4应急演练、桌面演练、脚本、记录大全（500项）\应急演练方案、脚本、计划、总结大全\特种设备事故应急演练方案.docx
,特种设备事故应急预案演练记录-叉车,特种设备,.doc,应急\2021.3.4应急演练、桌面演练、脚本、记录大全（500项）\2021.3.4应急演练、桌面演练、脚本、记录大全（500项）\应急演练方案、脚本、计划、总结大全\特种设备事故应急预案演练记录-叉车.doc
,特种设备事故应急预案演练记录-叉车,特种设备,.docx,应急\2021.3.4应急演练、桌面演练、脚本、记录大全（500项）\2021.3.4应急演练、桌面演练、脚本、记录大全（500项）\应急演练方案、脚本、计划、总结大全\特种设备事故应急预案演练记录-叉车.docx
,特种设备事故报告和调查处理规定-总局115号令-2009）,特种设备,.doc,法律标准\法律法规\特种设备法律法规\特种设备事故报告和调查处理规定-总局115号令-2009）.doc
,特种设备事故报告和调查处理规定-总局115号令-2009）,特种设备,.docx,法律标准\法律法规\特种设备法律法规\特种设备事故报告和调查处理规定-总局115号令-2009）.docx
,特种设备作业人员作业种类与项目对比表,特种设备,.doc,法律标准\标准\设备设施\特种设备\特种设备作业人员作业种类与项目对比表.doc
,特种设备作业人员作业种类与项目对比表,特种设备,.docx,法律标准\标准\设备设施\特种设备\特种设备作业人员作业种类与项目对比表.docx
,特种设备作业人员作业种类与项目目录（2011）,特种设备,.doc,法律标准\法律法规\特种设备法律法规\特种设备作业人员作业种类与项目目录（2011）.doc
,特种设备作业人员作业种类与项目目录（2011）,特种设备,.docx,法律标准\法律法规\特种设备法律法规\特种设备作业人员作业种类与项目目录（2011）.docx
,特种设备作业人员监督管理办法,特种设备,.docx,法律标准\标准\设备设施\特种设备\特种设备作业人员监督管理办法.docx
,特种设备作业人员监督管理办法-质监总局令140号-2011,特种设备,.doc,法律标准\法律法规\特种设备法律法规\特种设备作业人员监督管理办法-质监总局令140号-2011.doc
,特种设备作业人员监督管理办法-质监总局令140号-2011,特种设备,.docx,法律标准\法律法规\特种设备法律法规\特种设备作业人员监督管理办法-质监总局令140号-2011.docx
,特种设备作业人员考核规则,特种设备,.docx,法律标准\标准\设备设施\特种设备\特种设备作业人员考核规则.docx
,特种设备安全技术规范制定程序导则,特种设备,.xdf,法律标准\标准\设备设施\特种设备\特种设备安全技术规范制定程序导则.xdf
,特种设备安全技术规范目录(2014.2.20),特种设备,.doc,法律标准\标准\参考资料\特种设备安全技术规范目录(2014.2.20).doc
,特种设备安全技术规范目录(2014.2.20),特种设备,.docx,法律标准\标准\参考资料\特种设备安全技术规范目录(2014.2.20).docx
,特种设备安全法-主席令4号-2014,特种设备,.doc,111111\隐患排查依据文本（一）\隐患排查依据文本（一）\法规\特种设备安全法-主席令4号-2014.doc
,特种设备安全法-主席令4号-2014,特种设备,.docx,111111\隐患排查依据文本（一）\隐患排查依据文本（一）\法规\特种设备安全法-主席令4号-2014.docx
,特种设备安全法-主席令4号-2014,特种设备,.doc,法律标准\法律法规\特种设备法律法规\特种设备安全法-主席令4号-2014.doc
,特种设备安全法-主席令4号-2014,特种设备,.docx,法律标准\法律法规\特种设备法律法规\特种设备安全法-主席令4号-2014.docx
,特种设备安全监察条例-主席令549号-2009,特种设备,.pdf,111111\隐患排查依据文本（一）\隐患排查依据文本（一）\法规\特种设备安全监察条例-主席令549号-2009.pdf
,特种设备安全监察条例-主席令549号-2009,特种设备,.pdf,法律标准\法律法规\特种设备法律法规\特种设备安全监察条例-主席令549号-2009.pdf
,特种设备安全管理负责人考核大纲-国质检特函〔2013〕84号,特种设备,.doc,法律标准\法律法规\特种设备法律法规\特种设备安全管理负责人考核大纲-国质检特函〔2013〕84号.doc
,特种设备安全管理负责人考核大纲-国质检特函〔2013〕84号,特种设备,.docx,法律标准\法律法规\特种设备法律法规\特种设备安全管理负责人考核大纲-国质检特函〔2013〕84号.docx
,特种设备新目录与原目录对应关系表,特种设备,.doc,法律标准\法律法规\特种设备法律法规\特种设备新目录与原目录对应关系表.doc
,特种设备新目录与原目录对应关系表,特种设备,.docx,法律标准\法律法规\特种设备法律法规\特种设备新目录与原目录对应关系表.docx
,特种设备现场安全监督检查规则-质检总局公告-2015,特种设备,.doc,法律标准\法律法规\特种设备法律法规\特种设备现场安全监督检查规则-质检总局公告-2015.doc
,特种设备现场安全监督检查规则-质检总局公告-2015,特种设备,.docx,法律标准\法律法规\特种设备法律法规\特种设备现场安全监督检查规则-质检总局公告-2015.docx
,特种设备现场安全监督检查规则（试行）-质监总局函2007废止）,特种设备,.doc,法律标准\法律法规\特种设备法律法规\特种设备现场安全监督检查规则（试行）-质监总局函2007废止）.doc
,特种设备现场安全监督检查规则（试行）-质监总局函2007废止）,特种设备,.docx,法律标准\法律法规\特种设备法律法规\特种设备现场安全监督检查规则（试行）-质监总局函2007废止）.docx
,特种设备目录,特种设备,.doc,安全标准\特种设备目录.doc
,特种设备目录,特种设备,.docx,安全标准\特种设备目录.docx
,特种设备目录,特种设备,.ppt,法律标准\标准\设备设施\特种设备\特种设备目录.ppt
,特种设备目录,特种设备,.doc,法律标准\法律法规\特种设备法律法规\特种设备目录.doc
,特种设备目录,特种设备,.docx,法律标准\法律法规\特种设备法律法规\特种设备目录.docx
,特种设备目录(2010废止),特种设备,.pdf,法律标准\法律法规\特种设备法律法规\特种设备目录(2010废止).pdf
,特种设备目录(2014版),特种设备,.doc,新法规\特种设备目录(2014版).doc
,特种设备目录(2014版),特种设备,.docx,新法规\特种设备目录(2014版).docx
,特种设备目录-国质检[2014年]第114号,特种设备,.doc,法律标准\法律法规\特种设备法律法规\特种设备目录-国质检[2014年]第114号.doc
,特种设备目录-国质检[2014年]第114号,特种设备,.docx,法律标准\法律法规\特种设备法律法规\特种设备目录-国质检[2014年]第114号.docx
,特种设备目录征求意见稿,特种设备,.docx,法律标准\标准\设备设施\特种设备\特种设备目录征求意见稿.docx
,电梯升降机安全技术标准,特种设备,.doc,法律标准\标准\设备设施\电梯\电梯升降机安全技术标准.doc
,电梯升降机安全技术标准,特种设备,.docx,法律标准\标准\设备设施\电梯\电梯升降机安全技术标准.docx
,电梯应急演练方案,特种设备,.doc,应急\2021.3.4应急演练、桌面演练、脚本、记录大全（500项）\2021.3.4应急演练、桌面演练、脚本、记录大全（500项）\应急演练方案、脚本、计划、总结大全\电梯应急演练方案.doc
,电梯应急演练方案,特种设备,.docx,应急\2021.3.4应急演练、桌面演练、脚本、记录大全（500项）\2021.3.4应急演练、桌面演练、脚本、记录大全（500项）\应急演练方案、脚本、计划、总结大全\电梯应急演练方案.docx
,电梯施工类别划分表-国质检特[2014]260号,特种设备,.doc,法律标准\法律法规\特种设备法律法规\电梯施工类别划分表-国质检特[2014]260号.doc
,电梯施工类别划分表-国质检特[2014]260号,特种设备,.docx,法律标准\法律法规\特种设备法律法规\电梯施工类别划分表-国质检特[2014]260号.docx
,电梯机房安装工程图文全解,特种设备,.docx,法律标准\标准\设备设施\电梯\电梯机房安装工程图文全解.docx
,电梯机房机械设备安装工艺标准,特种设备,.pdf,法律标准\标准\设备设施\电梯\电梯机房机械设备安装工艺标准.pdf
,电梯机房设备安装指导,特种设备,.pdf,法律标准\标准\设备设施\电梯\电梯机房设备安装指导.pdf
,电梯机械设备安装图解,特种设备,.ppt,法律标准\标准\设备设施\电梯\电梯机械设备安装图解.ppt
,移动式压力容器安全技术监察规程,特种设备,.docx,法律标准\标准\设备设施\特种设备\移动式压力容器安全技术监察规程.docx
,移动式压力容器安全技术监察规程,特种设备,.pdf,法律标准\标准\设备设施\特种设备\移动式压力容器安全技术监察规程.pdf
,第一号修改单,特种设备,.rar,安全标准\TSG R0005-2011 移动式压力容器安全技术监察规程 含修改单\第一号修改单.rar
,第一号修改单,特种设备,.rar,安全标准\TSG R0005-2011 移动式压力容器安全技术监察规程 含第1、2、3号修改单\TSG R0005-2011 移动式压力容器安全技术监察规程 含修改单\第一号修改单.rar
,第三号修改单,特种设备,.rar,安全标准\TSG R0005-2011 移动式压力容器安全技术监察规程 含修改单\第三号修改单.rar
,第三号修改单,特种设备,.rar,安全标准\TSG R0005-2011 移动式压力容器安全技术监察规程 含第1、2、3号修改单\TSG R0005-2011 移动式压力容器安全技术监察规程 含修改单\第三号修改单.rar
,第二号修改单,特种设备,.rar,安全标准\TSG R0005-2011 移动式压力容器安全技术监察规程 含修改单\第二号修改单.rar
,第二号修改单,特种设备,.rar,安全标准\TSG R0005-2011 移动式压力容器安全技术监察规程 含第1、2、3号修改单\TSG R0005-2011 移动式压力容器安全技术监察规程 含修改单\第二号修改单.rar
,蒸汽锅炉的工作原理示意图(详解),特种设备,.docx,法律标准\标准\锅炉\蒸汽锅炉的工作原理示意图(详解).docx
,质检总局关于发布特种设备使用管理规则》等3个安全技术规范及4个修改单的公告（2017年第4号,特种设备,.doc,法律标准\法律法规\特种设备法律法规\质检总局关于发布特种设备使用管理规则》等3个安全技术规范及4个修改单的公告（2017年第4号.doc
,质检总局关于发布特种设备使用管理规则》等3个安全技术规范及4个修改单的公告（2017年第4号,特种设备,.docx,法律标准\法律法规\特种设备法律法规\质检总局关于发布特种设备使用管理规则》等3个安全技术规范及4个修改单的公告（2017年第4号.docx
,质检总局办公厅关于压力管道气瓶安全监察工作有关问题的通知,特种设备,.docx,法律标准\标准\设备设施\特种设备\质检总局办公厅关于压力管道气瓶安全监察工作有关问题的通知.docx
,质检总局办公厅关于压力管道气瓶安全监察工作有关问题的通知质检办特〔2015〕675号,特种设备,.doc,法律标准\法律法规\特种设备法律法规\质检总局办公厅关于压力管道气瓶安全监察工作有关问题的通知质检办特〔2015〕675号.doc
,质检总局办公厅关于压力管道气瓶安全监察工作有关问题的通知质检办特〔2015〕675号,特种设备,.docx,法律标准\法律法规\特种设备法律法规\质检总局办公厅关于压力管道气瓶安全监察工作有关问题的通知质检办特〔2015〕675号.docx
,质检总局办公厅关于承压特种设备安全监察工作有关问题意见的通知,特种设备,.docx,法律标准\标准\设备设施\特种设备\质检总局办公厅关于承压特种设备安全监察工作有关问题意见的通知.docx
,质检总局办公厅关于燃气锅炉风险警示的通告,特种设备,.docx,法律标准\标准\设备设施\特种设备\质检总局办公厅关于燃气锅炉风险警示的通告.docx
,质检总局办公厅关于调整起重机械制造环节监督检验的通知,特种设备,.docx,法律标准\标准\设备设施\特种设备\质检总局办公厅关于调整起重机械制造环节监督检验的通知.docx
,起重伤害应急演练方案,特种设备,.doc,应急\2021.3.4应急演练、桌面演练、脚本、记录大全（500项）\2021.3.4应急演练、桌面演练、脚本、记录大全（500项）\应急演练方案、脚本、计划、总结大全\起重伤害应急演练方案.doc
,起重伤害应急演练方案,特种设备,.docx,应急\2021.3.4应急演练、桌面演练、脚本、记录大全（500项）\2021.3.4应急演练、桌面演练、脚本、记录大全（500项）\应急演练方案、脚本、计划、总结大全\起重伤害应急演练方案.docx
,起重机操作作业岗位安全风险告知卡,特种设备,.docx,111111\起重机操作作业岗位安全风险告知卡.docx
,起重机械、吊索具定置存放及用具制作标准的管理规定,特种设备,.docx,新标准\起重机械、吊索具定置存放及用具制作标准的管理规定.docx
,起重机械安全技术规程,特种设备,.pdf,安全标准\起重机械安全技术规程.pdf
,起重机械安全监察规定（总局令第92号-2007）,特种设备,.doc,法律标准\法律法规\特种设备法律法规\起重机械安全监察规定（总局令第92号-2007）.doc
,起重机械安全监察规定（总局令第92号-2007）,特种设备,.docx,法律标准\法律法规\特种设备法律法规\起重机械安全监察规定（总局令第92号-2007）.docx
,起重机械安全管理人员和作业人员考核大纲-国质检特〔2013〕680号,特种设备,.doc,法律标准\法律法规\特种设备法律法规\起重机械安全管理人员和作业人员考核大纲-国质检特〔2013〕680号.doc
,起重机械安全管理人员和作业人员考核大纲-国质检特〔2013〕680号,特种设备,.docx,法律标准\法律法规\特种设备法律法规\起重机械安全管理人员和作业人员考核大纲-国质检特〔2013〕680号.docx
,起重机械标准目录,特种设备,.xls,法律标准\标准\参考资料\起重机械标准目录.xls
,铸造起重机起重机说明,特种设备,.ppt,新标准\中频炉\铸造起重机起重机说明.ppt
,锅炉、压力容器、承压设备泄露事故应急演练,特种设备,.doc,应急\2021.3.4应急演练、桌面演练、脚本、记录大全（500项）\2021.3.4应急演练、桌面演练、脚本、记录大全（500项）\应急演练方案、脚本、计划、总结大全\锅炉、压力容器、承压设备泄露事故应急演练.doc
,锅炉、压力容器、承压设备泄露事故应急演练,特种设备,.docx,应急\2021.3.4应急演练、桌面演练、脚本、记录大全（500项）\2021.3.4应急演练、桌面演练、脚本、记录大全（500项）\应急演练方案、脚本、计划、总结大全\锅炉、压力容器、承压设备泄露事故应急演练.docx
,锅炉压力容器使用登记管理办法-国质检锅[2003]207号,特种设备,.pdf,法律标准\法律法规\特种设备法律法规\锅炉压力容器使用登记管理办法-国质检锅[2003]207号.pdf
,锅炉安全技术监察规程释义,特种设备,.xdf,法律标准\标准\设备设施\特种设备\锅炉安全技术监察规程释义.xdf
,锅炉安装法律法规清单(已接口),特种设备,.doc,法律标准\标准\设备设施\锅炉\锅炉安装法律法规清单(已接口).doc
,锅炉安装法律法规清单(已接口),特种设备,.docx,法律标准\标准\设备设施\锅炉\锅炉安装法律法规清单(已接口).docx
,锅炉技术标准规范汇编(第三卷)产品设计,特种设备,.rar,法律标准\标准\锅炉技术标准规范汇编(第三卷)产品设计.rar
,锅炉放散,特种设备,.jpg,法律标准\标准\锅炉放散.jpg
,锅炉热风图片,特种设备,.jfif,法律标准\标准\锅炉\锅炉热风图片.jfif
,锅炉锅内水处理,特种设备,.jfif,法律标准\标准\锅炉\锅炉锅内水处理.jfif
,附件：特种设备目录,特种设备,.doc,法律标准\标准\设备设施\特种设备\附件：特种设备目录.doc
,附件：特种设备目录,特种设备,.docx,法律标准\标准\设备设施\特种设备\附件：特种设备目录.docx
AQ2058,金属非金属矿山在用矿用电梯安全检验规范AQ 2058-2016,用电安全,.pdf,法律标准\标准\矿山标准\金属非金属矿山在用矿用电梯安全检验规范AQ 2058-2016.pdf
AQ3009,AQ 3009-2007 危险场所电气安全防爆规范,用电安全,.pdf,木加工\AQ 3009-2007 危险场所电气安全防爆规范.pdf
AQ3009,AQ 3009-2007 危险场所电气安全防爆规范,用电安全,.pdf,法律标准\标准\设备设施\电气\AQ 3009-2007 危险场所电气安全防爆规范.pdf
AQ3009,AQ 3009-2007 危险场所电气防爆安全规范,用电安全,.pdf,法律标准\标准\爆炸\AQ 3009-2007 危险场所电气防爆安全规范.pdf
AQ3009,AQ 3009-2007 危险场所电气防爆安全规范,用电安全,.xdf,法律标准\标准\爆炸\AQ 3009-2007 危险场所电气防爆安全规范.xdf
AQ3009,AQ3009-2007 危险场所电气防爆安全规范,用电安全,.doc,法律标准\标准\爆炸\AQ3009-2007 危险场所电气防爆安全规范.doc
AQ3009,AQ3009-2007 危险场所电气防爆安全规范,用电安全,.docx,法律标准\标准\爆炸\AQ3009-2007 危险场所电气防爆安全规范.docx
AQ3009,AQ3009-2007 危险场所电气防爆安全规范 (修复的),用电安全,.doc,安全标准\AQ3009-2007 危险场所电气防爆安全规范 (修复的).doc
AQ3009,AQ3009-2007 危险场所电气防爆安全规范 (修复的),用电安全,.docx,安全标准\AQ3009-2007 危险场所电气防爆安全规范 (修复的).docx
AQ3009,AQ3009-2007危险场所电气防爆安全规范,用电安全,.png,法律标准\标准\爆炸\AQ3009-2007危险场所电气防爆安全规范.png
AQ3009,AQ3009-2007危险场所电气防爆安全规范 (1),用电安全,.doc,法律标准\标准\爆炸\AQ3009-2007危险场所电气防爆安全规范 (1).doc
AQ3009,AQ3009-2007危险场所电气防爆安全规范 (1),用电安全,.docx,法律标准\标准\爆炸\AQ3009-2007危险场所电气防爆安全规范 (1).docx
AQ3009.,2007危险场所电气安全防爆规范AQ 3009,用电安全,.pdf,粮食加工\2007危险场所电气安全防爆规范AQ 3009.pdf
CEC107,T∕CEC 107-2016 直流配电电压,用电安全,.pdf,法律标准\标准\设备设施\电气\T∕CEC 107-2016 直流配电电压.pdf
CEC132,T_CEC 132-2017 新型城镇化配电建设改造成效评价技术规范,用电安全,.xdf,法律标准\标准\线路\T_CEC 132-2017 新型城镇化配电建设改造成效评价技术规范.xdf
DB-11527,DB-11527-2008-变配电室安全管理规范,用电安全,.pdf,法律标准\标准\安全管理\DB-11527-2008-变配电室安全管理规范.pdf
DB11,DB11-527-2008-变配电室安全管理规范,用电安全,.docx,法律标准\标准\污水\DB11-527-2008-变配电室安全管理规范.docx
DB11,DB11-527-2008-变配电室安全管理规范,用电安全,.pdf,法律标准\标准\设备设施\电气\DB11-527-2008-变配电室安全管理规范.pdf
DB11,DB11_T 527-2021配电室安全管理规范,用电安全,.pdf,新标准\冶金首鼎标准\DB11_T 527-2021配电室安全管理规范.pdf
DB11,DB11_T 527-2021配电室安全管理规范,用电安全,.rtf,新标准\冶金首鼎标准\DB11_T 527-2021配电室安全管理规范.rtf
DB11527,DB11527-2008-变配电室安全管理规范,用电安全,.docx,法律标准\标准\设备设施\电气\DB11527-2008-变配电室安全管理规范.docx
DB12,DB12∕T 621-2016 在用电梯安全评估规范,用电安全,.rar,法律标准\法律法规\培训\天津所用法规\天津标准\DB12∕T 621-2016 在用电梯安全评估规范.rar
DB13,DB13_T 5614-2022 变配电室安全管理规范,用电安全,.pdf,新标准\DB13_T 5614-2022 变配电室安全管理规范.pdf
DB13,DB13_T 5614-2022 变配电室安全管理规范(1),用电安全,.docx,标准\DB13_T 5614-2022 变配电室安全管理规范(1).docx
DB13,DB13∕T 2940-2019 建筑电气防火检测技术规范,用电安全,.pdf,新标准\DB13∕T 2940-2019 建筑电气防火检测技术规范.pdf
DB33,DB33T 1149-2018 城镇供排水有限空间作业安全规程,用电安全,.xdf,法律标准\标准\设备设施\电气\DB33T 1149-2018 城镇供排水有限空间作业安全规程.xdf
DB34,DB34T 2440-2015 白酒生产厂区防雷技术规范,用电安全,.rar,避雷接地\DB34T 2440-2015 白酒生产厂区防雷技术规范.rar
DB34,DB34T 2440-2015 白酒生产厂区防雷技术规范,用电安全,.pdf,避雷接地\DB34T 2440-2015 白酒生产厂区防雷技术规范\DB34T 2440-2015 白酒生产厂区防雷技术规范.pdf
DL5161,DL5161T-2002 电气装置安装工程 质量检验及评定规程,用电安全,.xdf,法律标准\标准\设备设施\电气\DL5161T-2002 电气装置安装工程 质量检验及评定规程.xdf
DLT1519,DLT 1519-2016 交流输电线路架空地线接地技术导则,用电安全,.rar,新标准\电力线路\DLT 1519-2016 交流输电线路架空地线接地技术导则.rar
DLT5153,DLT 5153-2014 火力发电厂厂用电设计技术规程,用电安全,.rar,垃圾发电补充2\DLT 5153-2014 火力发电厂厂用电设计技术规程.rar
DLT639,DLT 639-2016 六氟化硫电气设备、试验及检修人员安全防护导则,用电安全,.pdf,法律标准\标准\设备设施\风力\DLT 639-2016 六氟化硫电气设备、试验及检修人员安全防护导则.pdf
DLT879,DLT 879-2004 带电作业用便携式接地和接地短路装置,用电安全,.rar,新标准\新增\DLT 879-2004 带电作业用便携式接地和接地短路装置.rar
DL_T2049,DL_T 2049-2019 电力工程接地装置选材导则,用电安全,.pdf,电气接地\DL_T 2049-2019 电力工程接地装置选材导则.pdf
DL_T5352,DL_T 5352-2018 高压配电装置设计规范,用电安全,.pdf,电力\DL_T 5352-2018 高压配电装置设计规范.pdf
DL_T5852,DL_T 5852-2022 电气装置安装工程接地装置施工及验收规范,用电安全,.pdf,电气接地\DL_T 5852-2022 电气装置安装工程接地装置施工及验收规范.pdf
DL∕T475,DL∕T 475-2017 接地装置特性参数测量导则,用电安全,.pdf,电力\DL∕T 475-2017 接地装置特性参数测量导则.pdf
DL∕T5161.1,DL∕T 5161.1～5161.17-2018 电气装置安装工程质量检验及评定规程,用电安全,.pdf,电气接地\DL∕T 5161.1～5161.17-2018 电气装置安装工程质量检验及评定规程.pdf
GB-3836.14,GB-3836.14-2000 爆炸性气体环境用电气设备 第14部分：危险场所分类,用电安全,.rar,新标准\GB-3836.14-2000 爆炸性气体环境用电气设备 第14部分：危险场所分类.rar
GB-3836.14,GB-3836.14-2000 爆炸性气体环境用电气设备 第14部分：危险场所分类,用电安全,.pdf,新标准\GB-3836.14-2000 爆炸性气体环境用电气设备 第14部分：危险场所分类\GB-3836.14-2000 爆炸性气体环境用电气设备 第14部分：危险场所分类.pdf
GB-50053,GB-50053-2013《20kV及以下变电所设计》,用电安全,.doc,法律标准\标准\设备设施\电气\GB-50053-2013《20kV及以下变电所设计》.doc
GB-50053,GB-50053-2013《20kV及以下变电所设计》,用电安全,.docx,法律标准\标准\设备设施\电气\GB-50053-2013《20kV及以下变电所设计》.docx
GB-50054,GB-50054-2011低压配电设计规范,用电安全,.docx,111111\隐患排查依据文本（一）\隐患排查依据文本（一）\标准\GB-50054-2011低压配电设计规范.docx
GB-50303,建筑电气工程施工质量验收规范GB-50303-2015,用电安全,.docx,法律标准\标准\设备设施\电气\建筑电气工程施工质量验收规范GB-50303-2015.docx
GB-50303,建筑电气工程施工质量验收规范GB-50303-2015,用电安全,.docx,法律标准\法律法规\建筑电气工程施工质量验收规范GB-50303-2015.docx
GB12158,GB 12158-2006 防止静电事故通用导则,用电安全,.pdf,法律标准\标准\设备设施\电气\GB 12158-2006 防止静电事故通用导则.pdf
GB12476.1,GB 12476.1-1990 爆炸性粉尘环境用防爆电气设备粉尘防爆电气设备（废止）,用电安全,.xdf,法律标准\标准\爆炸\GB 12476.1-1990 爆炸性粉尘环境用防爆电气设备粉尘防爆电气设备（废止）.xdf
GB12476.1,GB 12476.1-2000 爆炸性粉尘环境用电气设备第一部分（废止）,用电安全,.pdf,法律标准\标准\爆炸\GB 12476.1-2000 爆炸性粉尘环境用电气设备第一部分（废止）.pdf
GB12476.1,GB 12476.1-2013 可燃性粉尘环境用电气设备 第1部分：通用要求,用电安全,.rtf,新标准\木工标准\GB 12476.1-2013 可燃性粉尘环境用电气设备 第1部分：通用要求.rtf
GB12476.1,GB 12476.1-2013 可燃性粉尘环境用电气设备 第1部分：通用要求,用电安全,.pdf,法律标准\标准\木材加工\GB 12476.1-2013 可燃性粉尘环境用电气设备 第1部分：通用要求.pdf
GB12476.1,GB 12476.1-2013 可燃性粉尘环境用电气设备 第1部分：通用要求,用电安全,.rtf,法律标准\标准\木材加工\GB 12476.1-2013 可燃性粉尘环境用电气设备 第1部分：通用要求.rtf
GB12476.1,GB 12476.1-2013 可燃性粉尘环境用电气设备第1部分通用要求,用电安全,.xdf,法律标准\标准\爆炸\GB 12476.1-2013 可燃性粉尘环境用电气设备第1部分通用要求.xdf
GB12476.10,GB 12476.10-2010 可燃性粉尘环境用电气设备 第10部分：试验方法 粉尘与空气溷合物最小点燃能量的测定方法,用电安全,.xdf,法律标准\标准\爆炸\GB 12476.10-2010 可燃性粉尘环境用电气设备 第10部分：试验方法 粉尘与空气溷合物最小点燃能量的测定方法.xdf
GB12476.2,GB 12476.2-2010 可燃性粉尘环境用电气设备 第2部分：选型和安装,用电安全,.pdf,法律标准\标准\饲料\GB 12476.2-2010 可燃性粉尘环境用电气设备 第2部分：选型和安装.pdf
GB12476.3,GB 12476.3-2007 可燃性粉尘环境用电气设备 第3部分：存在或可能存在可燃性粉尘的场所分类,用电安全,.pdf,法律标准\标准\饲料\GB 12476.3-2007 可燃性粉尘环境用电气设备 第3部分：存在或可能存在可燃性粉尘的场所分类.pdf
GB12476.4,GB 12476.4-2010 可燃性粉尘环境用电气设备 第4部分：本质安全型“iD”,用电安全,.xdf,法律标准\标准\爆炸\GB 12476.4-2010 可燃性粉尘环境用电气设备 第4部分：本质安全型“iD”.xdf
GB12476.5,GB 12476.5-2013 可燃性粉尘环境用电气设备 第5部分：外壳保护型“tD”,用电安全,.xdf,法律标准\标准\爆炸\GB 12476.5-2013 可燃性粉尘环境用电气设备 第5部分：外壳保护型“tD”.xdf
GB12476.6,GB 12476.6-2010 可燃性粉尘环境用电气设备 第6部分：浇封保护型“mD”,用电安全,.xdf,法律标准\标准\爆炸\GB 12476.6-2010 可燃性粉尘环境用电气设备 第6部分：浇封保护型“mD”.xdf
GB12476.7,GB 12476.7-2010 可燃性粉尘环境用电气设备 第7部分 正压保护型“pD”,用电安全,.xdf,法律标准\标准\爆炸\GB 12476.7-2010 可燃性粉尘环境用电气设备 第7部分 正压保护型“pD”.xdf
GB12476.8,GB 12476.8-2010 可燃性粉尘环境用电气设备 第8部分：试验方法 确定粉尘最低点燃温度的方法,用电安全,.xdf,法律标准\标准\爆炸\GB 12476.8-2010 可燃性粉尘环境用电气设备 第8部分：试验方法 确定粉尘最低点燃温度的方法.xdf
GB12476.9,GB 12476.9-2010 可燃性粉尘环境用电气设备 第9部分：试验方法 粉尘层电阻率的测定方法,用电安全,.xdf,法律标准\标准\爆炸\GB 12476.9-2010 可燃性粉尘环境用电气设备 第9部分：试验方法 粉尘层电阻率的测定方法.xdf
GB13869,GB 13869-2017 用电安全导则,用电安全,.xdf,法律标准\标准\设备设施\电气\GB 13869-2017 用电安全导则.xdf
GB13955,GB 13955-2005 剩余电流动作保护装置安装和运行（废止）,用电安全,.pdf,法律标准\标准\设备设施\电气\GB 13955-2005 剩余电流动作保护装置安装和运行（废止）.pdf
GB14048.1,GB 14048.1-2006 低压开关设备和控制设备 第1部分：总则,用电安全,.xdf,法律标准\标准\设备设施\电气\GB 14048.1-2006 低压开关设备和控制设备 第1部分：总则.xdf
GB14048.1,GB 14048.1-2012 低压开关设备和控制设备 第1部分 总则,用电安全,.pdf,法律标准\标准\设备设施\电气\GB 14048.1-2012 低压开关设备和控制设备 第1部分 总则.pdf
GB14050,GB 14050-2008 系统接地的型式及安全技术要求,用电安全,.pdf,电气接地\GB 14050-2008 系统接地的型式及安全技术要求.pdf
GB15599,GB 15599-2009 石油与石油设施雷电安全规范,用电安全,.pdf,法律标准\标准\设备设施\电气\GB 15599-2009 石油与石油设施雷电安全规范.pdf
GB16895.2,GB 16895.2-2005 建筑物电气装置第4部分：安全防护第42章；热效应保护,用电安全,.pdf,法律标准\标准\设备设施\电气\GB 16895.2-2005 建筑物电气装置第4部分：安全防护第42章；热效应保护.pdf
GB16895.3,GB 16895.3-2004 建筑物电气装置第5部分：电气设备的选择和安装第54章：接地配置和保护导体,用电安全,.pdf,法律标准\标准\设备设施\电气\GB 16895.3-2004 建筑物电气装置第5部分：电气设备的选择和安装第54章：接地配置和保护导体.pdf
GB18209.1,GB 18209.1-2010 机械电气安全 指示、标志和操作 第1部分：关于视觉、听觉和触觉信号的要求,用电安全,.pdf,法律标准\标准\设备设施\机械安全\GB 18209.1-2010 机械电气安全 指示、标志和操作 第1部分：关于视觉、听觉和触觉信号的要求.pdf
GB18209.2,GB 18209.2-2010 机械电气安全 指示、标志和操作 第2部分：标志要求,用电安全,.pdf,法律标准\标准\设备设施\机械安全\GB 18209.2-2010 机械电气安全 指示、标志和操作 第2部分：标志要求.pdf
GB19517,GB 19517-2009 国家电气设备安全技术规范,用电安全,.rar,新标准\GB 19517-2009 国家电气设备安全技术规范.rar
GB19517,GB 19517-2009 国家电气设备安全技术规范,用电安全,.pdf,新标准\GB 19517-2009 国家电气设备安全技术规范\GB 19517-2009 国家电气设备安全技术规范.pdf
GB19517,GB 19517-2009 国家电气设备安全技术规范,用电安全,.pdf,法律标准\标准\设备设施\电气\GB 19517-2009 国家电气设备安全技术规范.pdf
GB19517,GB 19517-2023国家电气设备安全技术规范,用电安全,.pdf,新标准\GB 19517-2023国家电气设备安全技术规范.pdf
GB19517,GB19517-2023 国家电气设备安全技术规范 2024.6.1,用电安全,.pdf,标准（2024.3.3下载）\GB19517-2023 国家电气设备安全技术规范 2024.6.1.pdf
GB24804,GB 24804-2009 提高在用电梯安全性的规范,用电安全,.rar,法律标准\标准\设备设施\电梯\GB 24804-2009 提高在用电梯安全性的规范.rar
GB25286.1,GB 25286.1-2010爆炸性环境用非电气设备 第1部分 基本方法和要求,用电安全,.xdf,法律标准\标准\爆炸\GB 25286.1-2010爆炸性环境用非电气设备 第1部分 基本方法和要求.xdf
GB26860,GB 26860-2011 电力安全工作规程 发电厂和变电站电气部分,用电安全,.rar,垃圾发电补充2\GB 26860-2011 电力安全工作规程 发电厂和变电站电气部分.rar
GB26860,GB 26860-2011 电力安全工作规程 发电厂和变电站电气部分,用电安全,.pdf,新标准\GB 26860-2011 电力安全工作规程 发电厂和变电站电气部分.pdf
GB26860,GB26860-2011电力安全工作规程+发电厂和变电站电气部分,用电安全,.pdf,法律标准\标准\设备设施\电气\GB26860-2011电力安全工作规程+发电厂和变电站电气部分.pdf
GB3836.15,GB 3836.15-2000爆炸性气体环境用电气设备 第15部分,用电安全,.pdf,法律标准\标准\爆炸\GB 3836.15-2000爆炸性气体环境用电气设备 第15部分.pdf
GB3836.16,GB 3836.16-2006 爆炸性气体环境用电气设备第16部分：电气装置的检查和维护(煤矿除外),用电安全,.pdf,法律标准\标准\设备设施\电气\GB 3836.16-2006 爆炸性气体环境用电气设备第16部分：电气装置的检查和维护(煤矿除外).pdf
GB3836.16,GB 3836.16-2024爆炸性环境第16部分：电气装置检查与维护规范,用电安全,.pdf,安全标准\GB 3836.16-2024爆炸性环境第16部分：电气装置检查与维护规范.pdf
GB3836.17,GB 3836.17-2007爆炸性气体环境用电气设备第17部份正压房间或建筑物的结构和使用,用电安全,.xdf,法律标准\标准\爆炸\GB 3836.17-2007爆炸性气体环境用电气设备第17部份正压房间或建筑物的结构和使用.xdf
GB43069,GB43069-2023 矿用电缆安全技术要求 2025.4.1实施,用电安全,.pdf,标准（2024.3.3下载）\GB43069-2023 矿用电缆安全技术要求 2025.4.1实施.pdf
GB43472,GB43472-2023 灯具及灯具用电源导轨系统 安全要求 2026.1.1实施,用电安全,.pdf,标准（2024.3.3下载）\GB43472-2023 灯具及灯具用电源导轨系统 安全要求 2026.1.1实施.pdf
GB46038,《工业机械电气设备及系统 安全要求》（GB46038-2025）,用电安全,.pdf,安全标准\《工业机械电气设备及系统 安全要求》（GB46038-2025）.pdf
GB4793.1,GB 4793.1-2007 测量、控制和实验室用电气设备的安全要求 第1部分：通用要求,用电安全,.pdf,法律标准\标准\设备设施\电气\GB 4793.1-2007 测量、控制和实验室用电气设备的安全要求 第1部分：通用要求.pdf
GB4793.2,GB 4793.2-2008 测量、控制和实验室用电气设备的安全要求 第2部分：电工测量和试验用手持和手操电流传感器的特殊要求,用电安全,.pdf,法律标准\标准\设备设施\电气\GB 4793.2-2008 测量、控制和实验室用电气设备的安全要求 第2部分：电工测量和试验用手持和手操电流传感器的特殊要求.PDF
GB50052,GB 50052-2009 供配电系统设计规范,用电安全,.pdf,111111\隐患排查依据文本（一）\隐患排查依据文本（一）\标准\GB 50052-2009 供配电系统设计规范.pdf
GB50052,GB 50052-2009 供配电系统设计规范,用电安全,.pdf,法律标准\标准\安全管理\设计\GB 50052-2009 供配电系统设计规范.pdf
GB50053,GB 50053-2013 20kV及以下变电所设计规范,用电安全,.docx,法律标准\标准\设备设施\电气\GB 50053-2013 20kV及以下变电所设计规范.docx
GB50054,GB 50054-2011低压配电设计规范,用电安全,.doc,法律标准\标准\安全管理\设计\GB 50054-2011低压配电设计规范.doc
GB50054,GB 50054-2011低压配电设计规范,用电安全,.docx,法律标准\标准\安全管理\设计\GB 50054-2011低压配电设计规范.docx
GB50055,GB 50055-2011 通用用电设备配电设计规范,用电安全,.pdf,法律标准\标准\设备设施\电气\GB 50055-2011 通用用电设备配电设计规范.pdf
GB50055,GB 50055-2011 通用用电设备配电设计规范,用电安全,.xdf,法律标准\标准\设备设施\电气\GB 50055-2011 通用用电设备配电设计规范.xdf
GB50055,GB50055—2011 通用用电设备配电设计规范,用电安全,.pdf,法律标准\标准\安全管理\设计\GB50055—2011 通用用电设备配电设计规范.pdf
GB50055,通用用电设备配电设计规范GB 50055-2011,用电安全,.xdf,法律标准\标准\设备设施\电气\通用用电设备配电设计规范GB 50055-2011.xdf
GB50057,GB 50057-2010 防雷设计规范,用电安全,.doc,法律标准\标准\设备设施\电气\GB 50057-2010 防雷设计规范.doc
GB50057,GB 50057-2010 防雷设计规范,用电安全,.docx,法律标准\标准\设备设施\电气\GB 50057-2010 防雷设计规范.docx
GB50058,爆炸危险环境电力装置设计规范GB50058-20,用电安全,.pdf,法律标准\标准\设备设施\电气\爆炸危险环境电力装置设计规范GB50058-20.pdf
GB50060,GB 50060-2008 3-110kV高压配电装置设计规程,用电安全,.pdf,安全标准\GB 50060-2008 3-110kV高压配电装置设计规程.pdf
GB50060,GB 50060-2008 3-110kV高压配电装置设计规程,用电安全,.rar,新标准\GB 50060-2008 3-110kV高压配电装置设计规程.rar
GB50060,GB 50060-2008 3-110kV高压配电装置设计规程,用电安全,.pdf,新标准\GB 50060-2008 3-110kV高压配电装置设计规程\GB 50060-2008 3-110kV高压配电装置设计规程.pdf
GB50060,GB50060－2008 3kV-110kV高压配电装置,用电安全,.pdf,法律标准\标准\设备设施\电气\GB50060－2008 3kV-110kV高压配电装置.pdf
GB50060,《3-110kv高压配电装置设计规范》GB50060-2008,用电安全,.doc,111111\隐患排查依据文本（一）\隐患排查依据文本（一）\标准\《3-110kv高压配电装置设计规范》GB50060-2008.doc
GB50060,《3-110kv高压配电装置设计规范》GB50060-2008,用电安全,.docx,111111\隐患排查依据文本（一）\隐患排查依据文本（一）\标准\《3-110kv高压配电装置设计规范》GB50060-2008.docx
GB50060,《3-110kv高压配电装置设计规范》GB50060-2008,用电安全,.doc,新标准\冶金首鼎标准\《3-110kv高压配电装置设计规范》GB50060-2008.doc
GB50060,《3-110kv高压配电装置设计规范》GB50060-2008,用电安全,.docx,新标准\冶金首鼎标准\《3-110kv高压配电装置设计规范》GB50060-2008.docx
GB50065,GB 50065-2011 交流电气装置的接地设计规范,用电安全,.rar,新标准\电力线路\GB 50065-2011 交流电气装置的接地设计规范.rar
GB50065,GB 50065-2011 交流电气装置的接地设计规范 非正式版,用电安全,.pdf,电力\GB 50065-2011 交流电气装置的接地设计规范 非正式版.pdf
GB50149,GB 50149-2010电气装置安装工程 母线装置施工及验收规范,用电安全,.xdf,法律标准\标准\设备设施\电气\GB 50149-2010电气装置安装工程 母线装置施工及验收规范.xdf
GB50149,GB50149-2010《电气装置安装工程母线装置施工及验收规范》,用电安全,.pdf,法律标准\标准\设备设施\电气\GB50149-2010《电气装置安装工程母线装置施工及验收规范》.pdf
GB50150,GB 50150-2016 电气装置安装工程电气设备交接试验标准,用电安全,.xdf,法律标准\标准\设备设施\电气\GB 50150-2016 电气装置安装工程电气设备交接试验标准.xdf
GB50168,GB 50168-2018 电气装置安装工程电缆线路施工及验收标准,用电安全,.pdf,法律标准\标准\GB 50168-2018 电气装置安装工程电缆线路施工及验收标准.pdf
GB50169,GB 50169-2006 电气装置安装工程 接地装置施工及验收规范（废止）,用电安全,.pdf,法律标准\标准\设备设施\电气\GB 50169-2006 电气装置安装工程 接地装置施工及验收规范（废止）.pdf
GB50169,GB 50169-2016 电气装置安装工程接地装置施工及验收规范,用电安全,.rar,新标准\新增\GB 50169-2016 电气装置安装工程接地装置施工及验收规范.rar
GB50169,GB 50169-2016 电气装置安装工程接地装置施工及验收规范,用电安全,.pdf,法律标准\标准\设备设施\电气\GB 50169-2016 电气装置安装工程接地装置施工及验收规范.pdf
GB50169,GB50169-2016电气装置安装工程接地装置施工及验收规范,用电安全,.pdf,法律标准\标准\设备设施\电气\GB50169-2016电气装置安装工程接地装置施工及验收规范.pdf
GB50171,GB 50171-2012 电气装置安装工程 盘、柜及二次回路接线施工及验收规范,用电安全,.pdf,法律标准\标准\设备设施\电气\GB 50171-2012 电气装置安装工程 盘、柜及二次回路接线施工及验收规范.pdf
GB50172,GB 50172-2012 电气装置安装工程蓄电池施工及验收规范,用电安全,.pdf,安全标准\GB 50172-2012 电气装置安装工程蓄电池施工及验收规范.pdf
GB50173,GB50173-2014 电气装置安装工程 66kV及以下架空电力线路施工及验收规范（完整）,用电安全,.xdf,法律标准\标准\设备设施\电气\GB50173-2014 电气装置安装工程 66kV及以下架空电力线路施工及验收规范（完整）.xdf
GB50194,GB 50194-93废 建筑工程施工现场供用电安全规范,用电安全,.pdf,法律标准\标准\设备设施\电气\GB 50194-93废 建筑工程施工现场供用电安全规范.pdf
GB50194,GB50194-2014 建设工程施工现场供用电安全规范,用电安全,.pdf,法律标准\标准\设备设施\电气\GB50194-2014 建设工程施工现场供用电安全规范.pdf
GB50194.,新建设工程施工现场供用电安全规范doc版GB50194,用电安全,.doc,法律标准\标准\设备设施\电气\新建设工程施工现场供用电安全规范doc版GB50194.doc
GB50194.,新建设工程施工现场供用电安全规范doc版GB50194,用电安全,.docx,法律标准\标准\设备设施\电气\新建设工程施工现场供用电安全规范doc版GB50194.docx
GB50217,GB 50217-2018 电力工程电缆设计标准 正式版,用电安全,.xdf,法律标准\标准\设备设施\电气\GB 50217-2018 电力工程电缆设计标准 正式版.xdf
GB50254,GB 50254-2014 电气装置安装工程低压电器施工及验收规范,用电安全,.pdf,111111\隐患排查依据文本（一）\隐患排查依据文本（一）\标准\GB 50254-2014 电气装置安装工程低压电器施工及验收规范.pdf
GB50254,GB 50254-2014 电气装置安装工程低压电器施工及验收规范,用电安全,.rar,新标准\GB 50254-2014 电气装置安装工程低压电器施工及验收规范.rar
GB50254,GB 50254-2014 电气装置安装工程低压电器施工及验收规范,用电安全,.pdf,新标准\GB 50254-2014 电气装置安装工程低压电器施工及验收规范\GB 50254-2014 电气装置安装工程低压电器施工及验收规范.pdf
GB50254.,《电气装置安装工程低压电器施工及验收规范》GB50254,用电安全,.xdf,法律标准\标准\升降机\《电气装置安装工程低压电器施工及验收规范》GB50254.xdf
GB50257,GB 50257-2014 电气装置安装工程 爆炸和火灾危险环境电气装置施工及验收规范,用电安全,.rar,新标准\GB 50257-2014 电气装置安装工程 爆炸和火灾危险环境电气装置施工及验收规范.rar
GB50257,GB 50257-2014 电气装置安装工程 爆炸和火灾危险环境电气装置施工及验收规范,用电安全,.pdf,新标准\GB 50257-2014 电气装置安装工程 爆炸和火灾危险环境电气装置施工及验收规范\GB 50257-2014 电气装置安装工程 爆炸和火灾危险环境电气装置施工及验收规范.pdf
GB50257,GB 50257-2014 电气装置安装工程 爆炸和火灾危险环境电气装置施工及验收规范,用电安全,.pdf,新标准\饲料标准\GB 50257-2014 电气装置安装工程 爆炸和火灾危险环境电气装置施工及验收规范.pdf
GB50303,GB 50303-2015 建筑电气工程施工质量验收规范,用电安全,.pdf,111111\GB 50303-2015 建筑电气工程施工质量验收规范.pdf
GB50303,GB 50303-2015 建筑电气工程施工质量验收规范,用电安全,.rar,111111\GB 50303-2015 建筑电气工程施工质量验收规范.rar
GB50303,GB 50303-2015 建筑电气工程施工质量验收规范,用电安全,.pdf,111111\GB 50303-2015 建筑电气工程施工质量验收规范\GB 50303-2015 建筑电气工程施工质量验收规范.pdf
GB50303,GB 50303-2015 建筑电气工程施工质量验收规范,用电安全,.pdf,法律标准\标准\设备设施\电气\GB 50303-2015 建筑电气工程施工质量验收规范.pdf
GB50835,GB 50835-2013 1000kV电力变压器、油浸电抗器、互感器施工及验收规范,用电安全,.pdf,法律标准\标准\设备设施\电气\GB 50835-2013 1000kV电力变压器、油浸电抗器、互感器施工及验收规范.pdf
GB5226.1,76-GB 5226.1-2008 机械电气安全 机械电气设备 第1部分：通用技术条件,用电安全,.pdf,111111\隐患排查依据文本（一）\隐患排查依据文本（一）\法规\76-GB 5226.1-2008 机械电气安全 机械电气设备 第1部分：通用技术条件.pdf
GB5226.1,GB 5226.1-2008 机械安全 机械电气安全,用电安全,.pdf,法律标准\标准\设备设施\机械安全\GB 5226.1-2008 机械安全 机械电气安全.pdf
GB5226.1,GB 5226.1-2008 机械电气安全 机械电气设备  第1部分：通用技术条件,用电安全,.pdf,法律标准\标准\设备设施\电气\GB 5226.1-2008 机械电气安全 机械电气设备  第1部分：通用技术条件.pdf
GB5226.2,GB 5226.2-2002 机械安全 机械电气设备第32部分：起重机械技术条件,用电安全,.pdf,法律标准\标准\设备设施\电气\GB 5226.2-2002 机械安全 机械电气设备第32部分：起重机械技术条件.pdf
GB55024,GB 55024-2022 建筑电气与智能化通用规范,用电安全,.pdf,111111\GB 55024-2022 建筑电气与智能化通用规范.pdf
GB5959.1,GB 5959.1-2005 电热装置的安全第1部分通用要求,用电安全,.pdf,法律标准\标准\设备设施\电气\GB 5959.1-2005 电热装置的安全第1部分通用要求.pdf
GB7251.1,GB 7251.1-2013 低压成套开关设备和控制设备 第1部分_,用电安全,.xdf,法律标准\标准\设备设施\电气\GB 7251.1-2013 低压成套开关设备和控制设备 第1部分_.xdf
GB9706.1,GB 9706.1-2007 医用电气设备 第1部分：安全通用要求,用电安全,.pdf,法律标准\标准\设备设施\医用\GB 9706.1-2007 医用电气设备 第1部分：安全通用要求.pdf
GBT10228,GBT 10228-2015 干式电力变压器技术参数和要求,用电安全,.pdf,法律标准\标准\设备设施\电气\GBT 10228-2015 干式电力变压器技术参数和要求.pdf
GBT11021,GBT 11021-2014 电气绝缘 耐热性和表示方法,用电安全,.pdf,法律标准\标准\设备设施\电气\GBT 11021-2014 电气绝缘 耐热性和表示方法.pdf
GBT13869,GBT 13869-2008 用电安全导则,用电安全,.doc,法律标准\标准\皮带\GBT 13869-2008 用电安全导则.doc
GBT13869,GBT 13869-2008 用电安全导则,用电安全,.docx,法律标准\标准\皮带\GBT 13869-2008 用电安全导则.docx
GBT13869,GBT 13869-2008 用电安全导则,用电安全,.doc,法律标准\标准\设备设施\电气\GBT 13869-2008 用电安全导则.doc
GBT13869,GBT 13869-2008 用电安全导则,用电安全,.docx,法律标准\标准\设备设施\电气\GBT 13869-2008 用电安全导则.docx
GBT13869,GBT 13869-2008 用电安全导则,用电安全,.pdf,法律标准\标准\设备设施\电气\GBT 13869-2008 用电安全导则.pdf
GBT13869,GBT 13869-2017 用电安全导则,用电安全,.pdf,111111\隐患排查依据文本（一）\隐患排查依据文本（一）\标准\GBT 13869-2017 用电安全导则.pdf
GBT13955,GBT 13955-2017 剩余电流动作保护装置安装和运行,用电安全,.pdf,法律标准\标准\设备设施\电气\GBT 13955-2017 剩余电流动作保护装置安装和运行.pdf
GBT14285,GBT 14285-2006 继电保护和安全自动装置技术规程,用电安全,.pdf,法律标准\标准\设备设施\电气\GBT 14285-2006 继电保护和安全自动装置技术规程.pdf
GBT16316,GBT 16316-1996 电气安装用导管配件的技术要求 第1部分：通用要求,用电安全,.rar,新标准\GBT 16316-1996 电气安装用导管配件的技术要求 第1部分：通用要求.rar
GBT16316,GBT 16316-1996 电气安装用导管配件的技术要求 第1部分：通用要求,用电安全,.pdf,新标准\GBT 16316-1996 电气安装用导管配件的技术要求 第1部分：通用要求\GBT 16316-1996 电气安装用导管配件的技术要求 第1部分：通用要求.pdf
GBT16895.1,GBT 16895.1-2008 低压电气装置第1部分：基本原则、一般特性评估和定义,用电安全,.pdf,法律标准\标准\设备设施\电气\GBT 16895.1-2008 低压电气装置第1部分：基本原则、一般特性评估和定义.pdf
GBT16895.10,GBT 16895.10-2010 低压电气装置 第4-44部分：安全防护 电压骚扰和电磁骚扰防护,用电安全,.pdf,法律标准\标准\设备设施\电气\GBT 16895.10-2010 低压电气装置 第4-44部分：安全防护 电压骚扰和电磁骚扰防护.pdf
GBT16895.18,GBT 16895.18-2010 建筑物电气装置 第5-51部分：电气设备的选择和安装 通用规则,用电安全,.pdf,法律标准\标准\设备设施\电气\GBT 16895.18-2010 建筑物电气装置 第5-51部分：电气设备的选择和安装 通用规则.pdf
GBT16895.20,GBT 16895.20-2017 低压电气装置 第5-55部分：电气设备的选择和安装 其他设备,用电安全,.pdf,新标准\GB∕T 16895.20-2017 低压电气装置 第5-55部分：电气设备的选择和安装 其他设备\GBT 16895.20-2017 低压电气装置 第5-55部分：电气设备的选择和安装 其他设备.pdf
GBT16895.6,GBT 16895.6-2014 低压电气装置 第5-52部分：电气设备的选择和安装布线系统,用电安全,.rar,新标准\GBT 16895.6-2014 低压电气装置 第5-52部分：电气设备的选择和安装布线系统.rar
GBT16895.6,GBT 16895.6-2014 低压电气装置 第5-52部分：电气设备的选择和安装布线系统,用电安全,.pdf,新标准\GBT 16895.6-2014 低压电气装置 第5-52部分：电气设备的选择和安装布线系统\GBT 16895.6-2014 低压电气装置 第5-52部分：电气设备的选择和安装布线系统.pdf
GBT17194,GBT 17194-1997 电气导管 电气安装用导管的外径和导管与配件的螺纹,用电安全,.rar,新标准\GBT 17194-1997 电气导管 电气安装用导管的外径和导管与配件的螺纹.rar
GBT17194,GBT 17194-1997 电气导管 电气安装用导管的外径和导管与配件的螺纹,用电安全,.pdf,新标准\GBT 17194-1997 电气导管 电气安装用导管的外径和导管与配件的螺纹\GBT 17194-1997 电气导管 电气安装用导管的外径和导管与配件的螺纹.pdf
GBT17467,GBT 17467-2020 高压-低压预装式变电站,用电安全,.xdf,法律标准\标准\设备设施\电气\GBT 17467-2020 高压-低压预装式变电站.xdf
GBT17478,GBT 17478-2004 低压直流电源设备的性能特性,用电安全,.pdf,法律标准\标准\设备设施\电气\GBT 17478-2004 低压直流电源设备的性能特性.pdf
GBT17622,GBT 17622-2008 带电作业用绝缘手套,用电安全,.pdf,法律标准\标准\设备设施\电气\GBT 17622-2008 带电作业用绝缘手套.pdf
GBT22696.1,GBT 22696.1-2008 电气设备的安全 风险评估和风险降低 第1部分：总则,用电安全,.pdf,法律标准\标准\设备设施\电气\GBT 22696.1-2008 电气设备的安全 风险评估和风险降低 第1部分：总则.pdf
GBT22696.2,GBT 22696.2-2008 电气设备的安全 风险评估和风险降低 第2部分：风险分析和风险评价,用电安全,.pdf,法律标准\标准\设备设施\电气\GBT 22696.2-2008 电气设备的安全 风险评估和风险降低 第2部分：风险分析和风险评价.pdf
GBT22696.3,GBT 22696.3-2008 电气设备的安全 风险评估和风险降低 第3部分：危险、危险处境和危险事件的示例,用电安全,.pdf,法律标准\标准\设备设施\电气\GBT 22696.3-2008 电气设备的安全 风险评估和风险降低 第3部分：危险、危险处境和危险事件的示例.pdf
GBT22696.4,GBT 22696.4-2011 电气设备的安全 风险评估和风险降低 第4部分 风险降低,用电安全,.pdf,法律标准\标准\设备设施\电气\GBT 22696.4-2011 电气设备的安全 风险评估和风险降低 第4部分 风险降低.pdf
GBT22696.5,GBT 22696.5-2011 电气设备的安全 风险评估和风险降低 第5部分：风险评估和降低风险的方法示例,用电安全,.pdf,法律标准\标准\设备设施\电气\GBT 22696.5-2011 电气设备的安全 风险评估和风险降低 第5部分：风险评估和降低风险的方法示例.pdf
GBT22764.4,GBT 22764.4-2008 低压机柜 第4部分：电气安全要求,用电安全,.rar,新标准\GBT 22764.4-2008 低压机柜 第4部分：电气安全要求.rar
GBT22764.4,GBT 22764.4-2008 低压机柜 第4部分：电气安全要求,用电安全,.pdf,新标准\GBT 22764.4-2008 低压机柜 第4部分：电气安全要求\GBT 22764.4-2008 低压机柜 第4部分：电气安全要求.pdf
GBT24612.1,GBT 24612.1-2009 电气设备应用场所的安全要求 第1部分：总则,用电安全,.rar,新标准\GBT 24612.1-2009 电气设备应用场所的安全要求 第1部分：总则.rar
GBT24612.1,GBT 24612.1-2009 电气设备应用场所的安全要求 第1部分：总则,用电安全,.pdf,新标准\GBT 24612.1-2009 电气设备应用场所的安全要求 第1部分：总则\GBT 24612.1-2009 电气设备应用场所的安全要求 第1部分：总则.pdf
GBT24621.1,GBT 24621.1-2009 低压成套开关设备和控制设备的电气安全应用指南 第1部分：成套开关设备,用电安全,.pdf,法律标准\标准\设备设施\电气\GBT 24621.1-2009 低压成套开关设备和控制设备的电气安全应用指南 第1部分：成套开关设备.pdf
GBT25295,GBT 25295-2010 电气设备安全设计导则,用电安全,.rar,新标准\GBT 25295-2010 电气设备安全设计导则.rar
GBT25295,GBT 25295-2010 电气设备安全设计导则,用电安全,.pdf,新标准\GBT 25295-2010 电气设备安全设计导则\GBT 25295-2010 电气设备安全设计导则.pdf
GBT25295,GBT25295-2010电气设备安全设计导则,用电安全,.doc,法律标准\标准\设备设施\电气\GBT25295-2010电气设备安全设计导则.doc
GBT25295,GBT25295-2010电气设备安全设计导则,用电安全,.docx,法律标准\标准\设备设施\电气\GBT25295-2010电气设备安全设计导则.docx
GBT29319,GBT 29319-2012 光伏发电系统接入配电网技术规定,用电安全,.pdf,光伏\GBT 29319-2012 光伏发电系统接入配电网技术规定.pdf
GBT29480,GBT 29480-2013 接近电气设备的安全导则,用电安全,.rar,新标准\GBT 29480-2013 接近电气设备的安全导则.rar
GBT29480,GBT 29480-2013 接近电气设备的安全导则,用电安全,.pdf,新标准\GBT 29480-2013 接近电气设备的安全导则\GBT 29480-2013 接近电气设备的安全导则.pdf
GBT32146.2,GBT 32146.2-2015 检验检测实验室设计与建设技术要求 第2部分：电气实验室,用电安全,.rar,补充标准\GBT 32146.2-2015 检验检测实验室设计与建设技术要求 第2部分：电气实验室.rar
GBT32146.2,GBT 32146.2-2015 检验检测实验室设计与建设技术要求 第2部分：电气实验室,用电安全,.pdf,补充标准\GBT 32146.2-2015 检验检测实验室设计与建设技术要求 第2部分：电气实验室\GBT 32146.2-2015 检验检测实验室设计与建设技术要求 第2部分：电气实验室.pdf
GBT3805,GBT 3805-2008 特低电压 (ELV) 限值,用电安全,.pdf,法律标准\标准\设备设施\电气\GBT 3805-2008 特低电压 (ELV) 限值.pdf
GBT3836.15,GBT 3836.15-2017 爆炸性环境 第15部分：电气装置的设计、选型和安装,用电安全,.pdf,新标准\GB∕T 3836.15-2017 爆炸性环境 第15部分：电气装置的设计、选型和安装\GBT 3836.15-2017 爆炸性环境 第15部分：电气装置的设计、选型和安装.pdf
GBT50064,GBT 50064-2014 交流电气装置的过电压保护和绝缘配合设计规范,用电安全,.rar,新标准\电力线路\GBT 50064-2014 交流电气装置的过电压保护和绝缘配合设计规范.rar
GBT50064,GBT 50064-2014 交流电气装置的过电压保护和绝缘配合设计规范,用电安全,.pdf,电力\GBT 50064-2014 交流电气装置的过电压保护和绝缘配合设计规范.pdf
GBT50065,GB T50065-2011交流电气装置的接地设计规范,用电安全,.pdf,法律标准\标准\设备设施\电气\GB T50065-2011交流电气装置的接地设计规范.pdf
GBT5226.32,GBT 5226.32-2017 机械电气安全 机械电气设备 第32部分：起重机械技术条件,用电安全,.pdf,111111\隐患排查依据文本（一）\隐患排查依据文本（一）\法规\GBT 5226.32-2017 机械电气安全 机械电气设备 第32部分：起重机械技术条件.pdf
GBT5226.32,GBT 5226.32-2017 机械电气安全 机械电气设备 第32部分：起重机械技术条件,用电安全,.pdf,新标准\GB∕T 5226.32-2017 机械电气安全 机械电气设备 第32部分：起重机械技术条件\GBT 5226.32-2017 机械电气安全 机械电气设备 第32部分：起重机械技术条件.pdf
GBT5226.32,GBT 5226.32-2017 机械电气安全 机械电气设备 第32部分：起重机械技术条件,用电安全,.pdf,法律标准\标准\污水\GBT 5226.32-2017 机械电气安全 机械电气设备 第32部分：起重机械技术条件.pdf
GBT5959.10,GBT 5959.10-2015 电热装置的安全 第10部分：对工业和商业用电阻式伴热系,用电安全,.pdf,法律标准\标准\GB5959 电热装置的安全\GBT 5959.10-2015 电热装置的安全 第10部分：对工业和商业用电阻式伴热系.pdf
GBT8366,GBT8366-2004阻焊 电阻焊机 机械和电气要求,用电安全,.pdf,法律标准\标准\设备设施\焊接设备\GBT8366-2004阻焊 电阻焊机 机械和电气要求.pdf
GBT8905,GBT 8905-2012 六氟化硫电气设备中气体管理和检测导则,用电安全,.pdf,法律标准\标准\设备设施\风力\GBT 8905-2012 六氟化硫电气设备中气体管理和检测导则.pdf
GBZ10962,GBZ 10962-2008 机床电器可靠性通则,用电安全,.pdf,法律标准\标准\设备设施\电气\GBZ 10962-2008 机床电器可靠性通则.pdf
GB_T13869,GB_T 13869-2017用电安全导则 标准,用电安全,.xdf,法律标准\标准\设备设施\电气\GB_T 13869-2017用电安全导则 标准.xdf
GB_T16895.33,GB_T 16895.33-2021 低压电气装置 第5-56部分：电气设备的选择和安装 安,用电安全,.pdf,电气接地\GB_T 16895.33-2021 低压电气装置 第5-56部分：电气设备的选择和安装 安.pdf
GB_T34131,GB_T 34131-2023 电力储能用电池管理系统,用电安全,.pdf,锂电池资料\电池\GB_T 34131-2023 电力储能用电池管理系统.pdf
GB_T34131,GB_T 34131-2023 电力储能用电池管理系统,用电安全,.docx,锂电池资料\电池其他\新建文件夹\GB_T 34131-2023 电力储能用电池管理系统.docx
GB_T3836.16,GB_T 3836.16-2022 爆炸性环境 第16部分：电气装置的检查与维护,用电安全,.pdf,爆炸\GB_T 3836.16-2022 爆炸性环境 第16部分：电气装置的检查与维护.pdf
GB_T3836.28,GB_T 3836.28-2021 爆炸性环境 第28部分：爆炸性环境用非电气设备 基本方法和要求,用电安全,.pdf,爆炸\GB_T 3836.28-2021 爆炸性环境 第28部分：爆炸性环境用非电气设备 基本方法和要求.pdf
GB_T43456,GB_T 43456-2023 用电检查规范,用电安全,.pdf,电力\GB_T 43456-2023 用电检查规范.pdf
GB∕T13869,GB∕T 13869-2017 用电安全导则,用电安全,.rar,法律标准\标准\GB∕T 13869-2017 用电安全导则.rar
GB∕T16895.20,GB∕T 16895.20-2017 低压电气装置 第5-55部分：电气设备的选择和安装 其他设备,用电安全,.rar,新标准\GB∕T 16895.20-2017 低压电气装置 第5-55部分：电气设备的选择和安装 其他设备.rar
GB∕T3836.15,GB∕T 3836.15-2017 爆炸性环境 第15部分：电气装置的设计、选型和安装,用电安全,.rar,新标准\GB∕T 3836.15-2017 爆炸性环境 第15部分：电气装置的设计、选型和安装.rar
GB∕T38661,GB∕T 38661-2020 电动汽车用电池管理系统技术条件,用电安全,.pdf,锂电池资料\电池\GB∕T 38661-2020 电动汽车用电池管理系统技术条件.pdf
GB∕T38661,GB∕T 38661-2020 电动汽车用电池管理系统技术条件,用电安全,.docx,锂电池资料\电池其他\新建文件夹\GB∕T 38661-2020 电动汽车用电池管理系统技术条件.docx
GB∕T39086,GB∕T 39086-2020 电动汽车用电池管理系统功能安全要求及试验方法,用电安全,.pdf,锂电池资料\电池\GB∕T 39086-2020 电动汽车用电池管理系统功能安全要求及试验方法.pdf
GB∕T39086,GB∕T 39086-2020 电动汽车用电池管理系统功能安全要求及试验方法,用电安全,.docx,锂电池资料\电池其他\新建文件夹\GB∕T 39086-2020 电动汽车用电池管理系统功能安全要求及试验方法.docx
GB∕T39463,GB∕T 39463-2020 工业机器人电气设备及系统 通用技术条件,用电安全,.pdf,机器人\GB∕T 39463-2020 工业机器人电气设备及系统 通用技术条件.pdf
GB∕T5226.1,GB∕T 5226.1-2019 机械电气安全机械电气设备 第1部分：通用技术条件,用电安全,.pdf,新标准\GB∕T 5226.1-2019 机械电气安全机械电气设备 第1部分：通用技术条件.pdf
GB∕T5226.32,GB∕T 5226.32-2017 机械电气安全 机械电气设备 第32部分：起重机械技术条件,用电安全,.rar,新标准\GB∕T 5226.32-2017 机械电气安全 机械电气设备 第32部分：起重机械技术条件.rar
GB∕T5226.34,GB∕T 5226.34-2020 机械电气安全 机械电气设备 第34部分：机床技术条件,用电安全,.pdf,111111\隐患排查依据文本（一）\隐患排查依据文本（一）\法规\GB∕T 5226.34-2020 机械电气安全 机械电气设备 第34部分：机床技术条件.pdf
GB∕T5226.34,GB∕T 5226.34-2020 机械电气安全 机械电气设备 第34部分：机床技术条件,用电安全,.pdf,新标准\GB∕T 5226.34-2020 机械电气安全 机械电气设备 第34部分：机床技术条件.pdf
GB∕T5226.7,GB∕T 5226.7-2020 机械电气安全 机械电气设备 第7部分：工业机器人技术条件,用电安全,.pdf,111111\隐患排查依据文本（一）\隐患排查依据文本（一）\法规\GB∕T 5226.7-2020 机械电气安全 机械电气设备 第7部分：工业机器人技术条件.pdf
GB∕T5226.7,GB∕T 5226.7-2020 机械电气安全 机械电气设备 第7部分：工业机器人技术条件,用电安全,.pdf,新标准\GB∕T 5226.7-2020 机械电气安全 机械电气设备 第7部分：工业机器人技术条件.pdf
GB∕T6995.2,GB∕T 6995.2-2008 电线电缆识别标志方法 第2部分 标准颜色,用电安全,.pdf,法律标准\标准\设备设施\电气\GB∕T 6995.2-2008 电线电缆识别标志方法 第2部分 标准颜色.pdf
JBT12538,JBT 12538-2015 水泥厂用电袋复合除尘器,用电安全,.pdf,法律标准\标准\设备设施\除尘器\JBT 12538-2015 水泥厂用电袋复合除尘器.pdf
JBT6749,JBT 6749-2013 爆炸性环境用电气设备 防爆照明(动力)配电箱,用电安全,.rar,爆炸\JBT 6749-2013 爆炸性环境用电气设备 防爆照明(动力)配电箱.rar
JBT6749,JBT 6749-2013 爆炸性环境用电气设备 防爆照明(动力)配电箱,用电安全,.pdf,爆炸\JBT 6749-2013 爆炸性环境用电气设备 防爆照明(动力)配电箱\JBT 6749-2013 爆炸性环境用电气设备 防爆照明(动力)配电箱.pdf
JBT9599,JBT 9599-1999 防爆电气设备用钢管配线附件,用电安全,.xdf,法律标准\标准\爆炸\JBT 9599-1999 防爆电气设备用钢管配线附件.xdf
JB∕T13452,JB∕T 13452-2018 饲料加工成套设备电气安装通用技术规范,用电安全,.pdf,111111\饲料加工\饲料加工\JB∕T 13452-2018 饲料加工成套设备电气安装通用技术规范.pdf
JB∕T13452,JB∕T 13452-2018 饲料加工成套设备电气安装通用技术规范,用电安全,.pdf,饲料加工\JB∕T 13452-2018 饲料加工成套设备电气安装通用技术规范.pdf
JGJ16,民用建筑电气设计规范JGJ16-2008,用电安全,.pdf,法律标准\标准\设备设施\电气\民用建筑电气设计规范JGJ16-2008.pdf
JGJ46,JGJ46-2005施工现场临时用电安全技术规范,用电安全,.pdf,法律标准\标准\设备设施\电气\JGJ46-2005施工现场临时用电安全技术规范.pdf
LD53,LD53-400(拉杆顶料)电气说明书,用电安全,.pdf,新标准\冶金首鼎标准\谢总\3.8\LD53-400(拉杆顶料)电气说明书.pdf
LDE53,LDE53-1000电气说明书,用电安全,.pdf,新标准\冶金首鼎标准\谢总\3.8\LDE53-1000电气说明书.pdf
QXT109,QXT 109-2009 城镇燃气防雷技术规范,用电安全,.pdf,法律标准\标准\设备设施\电气\QXT 109-2009 城镇燃气防雷技术规范.pdf
QXT110,QXT 110-2009 爆炸和火灾危险环境防雷装置检,用电安全,.pdf,法律标准\标准\设备设施\电气\QXT 110-2009 爆炸和火灾危险环境防雷装置检.pdf
SJT11723,SJT 11723-2018 锂离子电池用电解液,用电安全,.pdf,锂电池资料\电池\SJT 11723-2018 锂离子电池用电解液.pdf
SJT11723,SJT 11723-2018 锂离子电池用电解液,用电安全,.docx,锂电池资料\电池其他\新建文件夹\SJT 11723-2018 锂离子电池用电解液.docx
SYT6636,SYT6636-2005   游梁式抽油机用电动机规范,用电安全,.pdf,法律标准\标准\中油标准\SYT6636-2005   游梁式抽油机用电动机规范.pdf
SYT6671,SYT 6671-2006 石油设施电气设备安装区域一级、0区、1区和2区区域划分推荐作法,用电安全,.rar,新标准\新增\SYT 6671-2006 石油设施电气设备安装区域一级、0区、1区和2区区域划分推荐作法.rar
YY0570,YY 0570-2013 医用电气设备 第2部分 手术台安全专用要求,用电安全,.pdf,法律标准\标准\设备设施\医用\YY 0570-2013 医用电气设备 第2部分 手术台安全专用要求.pdf
,03D501-3 利用建筑物金属体做防雷及接地装置安装.,用电安全,.pdf,法律标准\标准\设备设施\电气\03D501-3 利用建筑物金属体做防雷及接地装置安装..pdf
,03D501-4 接地装置安装,用电安全,.pdf,法律标准\标准\设备设施\电气\03D501-4 接地装置安装.pdf
,07D706-1 体育建筑电气设计安装,用电安全,.pdf,法律标准\标准\体育\07D706-1 体育建筑电气设计安装.pdf
,07R202 空调用电制冷机房设计与施工1,用电安全,.pdf,新标准\07R202 空调用电制冷机房设计与施工1.pdf
,128-国家电气设备安全技术规范,用电安全,.pdf,法律标准\标准\设备设施\电气\128-国家电气设备安全技术规范.pdf
,12D401-3 爆炸危险环境 电气线路和电气设备安装0,用电安全,.xdf,法律标准\标准\爆炸\12D401-3 爆炸危险环境 电气线路和电气设备安装0.xdf
,12D401-3 爆炸危险环境电气线路和电气设备安装,用电安全,.rar,法律标准\标准\法规标准补充\12D401-3 爆炸危险环境电气线路和电气设备安装.rar
,15D500 防雷与接地设计施工要点图集,用电安全,.xdf,法律标准\标准\安全管理\设计\15D500 防雷与接地设计施工要点图集.xdf
,15D501《建筑物防雷设施安装》修编说明,用电安全,.pdf,避雷接地\15D501《建筑物防雷设施安装》修编说明.pdf
,1号露天酒罐区防直接雷击设计,用电安全,.doc,避雷接地\1号露天酒罐区防直接雷击设计.doc
,1号露天酒罐区防直接雷击设计,用电安全,.docx,避雷接地\1号露天酒罐区防直接雷击设计.docx
,92DQ13 防雷与接地装置图集,用电安全,.rar,避雷接地\92DQ13 防雷与接地装置图集.rar
,92DQ13 防雷与接地装置图集,用电安全,.pdf,避雷接地\92DQ13 防雷与接地装置图集\92DQ13 防雷与接地装置图集.pdf
,99D501-1 建筑物防雷设施安装,用电安全,.pdf,法律标准\标准\设备设施\电气\99D501-1 建筑物防雷设施安装.pdf
,DL T 5161.11-2018 电气装置安装工程质量检验及评定规程,用电安全,.xdf,法律标准\标准\线路\DL T 5161.11-2018 电气装置安装工程质量检验及评定规程.xdf
,FZT 99014-1995 纺织机械电气设备技术条件,用电安全,.pdf,法律标准\标准\纺织机械\FZT 99014-1995 纺织机械电气设备技术条件.pdf
,FZT 99015-1998 纺织通用电控设备技术规范,用电安全,.pdf,法律标准\标准\纺织机械\FZT 99015-1998 纺织通用电控设备技术规范.pdf
,GB T 12476.3-2017 可燃性粉尘环境用电气设备　第3部分：存在或可能存在可燃性粉尘的场所分类,用电安全,.xdf,法律标准\标准\爆炸\GB T 12476.3-2017 可燃性粉尘环境用电气设备　第3部分：存在或可能存在可燃性粉尘的场所分类.xdf
,GB T 35694-2017 光伏发电站安全规程,用电安全,.xdf,法律标准\标准\设备设施\电气\GB T 35694-2017 光伏发电站安全规程.xdf
,GB T 38335-2019 光伏发电站运行规程,用电安全,.xdf,法律标准\标准\设备设施\电气\GB T 38335-2019 光伏发电站运行规程.xdf
,GB T 3836.15-2017 爆炸性环境 第15部分：电气装置的设计、选型和安装,用电安全,.xdf,法律标准\标准\爆炸\GB T 3836.15-2017 爆炸性环境 第15部分：电气装置的设计、选型和安装.xdf
,GB T 3836.16-2017_爆炸性环境_第16部分：电气装置的检查与维护,用电安全,.xdf,法律标准\标准\爆炸\GB T 3836.16-2017_爆炸性环境_第16部分：电气装置的检查与维护.xdf
,GB+46038-2025工业机械电气设备及系统 安全要求,用电安全,.pdf,安全标准\GB+46038-2025工业机械电气设备及系统 安全要求.pdf
,GBT+13869-2017用电安全导则,用电安全,.pdf,111111\GBT+13869-2017用电安全导则.pdf
,GBT+5226.7-2020机械电气安全 机械电气设备 第7部分：工业机器人技术条件,用电安全,.pdf,安全标准\GBT+5226.7-2020机械电气安全 机械电气设备 第7部分：工业机器人技术条件.pdf
,GB∕T+5226.1-2019+机械电气安全机械电气设备+第1部分：通用技术条件,用电安全,.pdf,安全标准\GB∕T+5226.1-2019+机械电气安全机械电气设备+第1部分：通用技术条件.pdf
,HG 21508-1992爆炸危险环境的配线和电气设备安装通用图,用电安全,.pdf,安全标准\HG 21508-1992爆炸危险环境的配线和电气设备安装通用图.pdf
,HG 21508-1992爆炸危险环境的配线和电气设备安装通用图,用电安全,.rar,新标准\HG 21508-1992爆炸危险环境的配线和电气设备安装通用图.rar
,HG 21508-1992爆炸危险环境的配线和电气设备安装通用图,用电安全,.pdf,新标准\HG 21508-1992爆炸危险环境的配线和电气设备安装通用图\HG 21508-1992爆炸危险环境的配线和电气设备安装通用图.pdf
,HG-T 20675-1990 化工企业静电接地设计规程,用电安全,.xdf,法律标准\标准\化学品\HG-T 20675-1990 化工企业静电接地设计规程.xdf
,HG_T+20686-2024《化工企业电气设计图形符号和文字代码统一规定》,用电安全,.pdf,安全标准\HG_T+20686-2024《化工企业电气设计图形符号和文字代码统一规定》.pdf
,JB T 10836-2008 可燃性粉尘环境用电气设备用外壳和限制表面温度保护的电气设备粉尘防爆照明开关 标准,用电安全,.xdf,法律标准\标准\爆炸\JB T 10836-2008 可燃性粉尘环境用电气设备用外壳和限制表面温度保护的电气设备粉尘防爆照明开关 标准.xdf
,JB T 10847-2008 可燃性粉尘环境用电气设备用外壳,用电安全,.xdf,法律标准\标准\爆炸\JB T 10847-2008 可燃性粉尘环境用电气设备用外壳.xdf
,JB T 11625-2013 可燃性粉尘环境用电气设备用外壳和限制表面温度保护的粉尘防爆操作柱,用电安全,.xdf,法律标准\标准\爆炸\JB T 11625-2013 可燃性粉尘环境用电气设备用外壳和限制表面温度保护的粉尘防爆操作柱.xdf
,JB T 11626-2013 可燃性粉尘环境用电气设备用外壳和限制表面温度保护的电气设备 粉尘防爆照明(动力）配电箱,用电安全,.xdf,法律标准\标准\爆炸\JB T 11626-2013 可燃性粉尘环境用电气设备用外壳和限制表面温度保护的电气设备 粉尘防爆照明(动力）配电箱.xdf
,JBJ_6-1980 工厂电力设计技术规程,用电安全,.xdf,法律标准\标准\设备设施\电气\JBJ_6-1980 工厂电力设计技术规程.xdf
,JGJ 354-2014 体育建筑电气设计规范,用电安全,.pdf,法律标准\标准\体育\秋实\JGJ 354-2014 体育建筑电气设计规范.pdf
,JGJ 392-2016 商店建筑电气设计规范 ,用电安全,.pdf,法律标准\标准\商场\JGJ 392-2016 商店建筑电气设计规范 .pdf
,JGJ 46-2005 施工现场临时用电安全技术规范,用电安全,.pdf,法律标准\标准\建筑施工\JGJ 46-2005 施工现场临时用电安全技术规范.pdf
,JGJ-46-2012《新版施工现场临时用电安全技术规范》讲座,用电安全,.ppt,法律标准\标准\设备设施\电气\JGJ-46-2012《新版施工现场临时用电安全技术规范》讲座.ppt
,NBT 10128-2019 光伏发电工程电气设计规范,用电安全,.pdf,光伏\NBT 10128-2019 光伏发电工程电气设计规范.pdf
,NB／T 32040-2017 光伏发电工程劳动安全与职业卫生设计规范,用电安全,.xdf,法律标准\标准\设备设施\电气\NB／T 32040-2017 光伏发电工程劳动安全与职业卫生设计规范.xdf
,QSY1244-2009  临时用电安全管理规范,用电安全,.pdf,法律标准\标准\中油标准\QSY1244-2009  临时用电安全管理规范.pdf
,TN-C-S系统正确的接线和接地,用电安全,.doc,111111\TN-C-S系统正确的接线和接地.doc
,TN-C-S系统正确的接线和接地,用电安全,.docx,111111\TN-C-S系统正确的接线和接地.docx
,《全国地方小型火力发电厂电气运行规程》(SD-252-88),用电安全,.doc,垃圾发电补充2\《全国地方小型火力发电厂电气运行规程》(SD-252-88).doc
,《全国地方小型火力发电厂电气运行规程》(SD-252-88),用电安全,.docx,垃圾发电补充2\《全国地方小型火力发电厂电气运行规程》(SD-252-88).docx
,《防雷与接地装置》92DQ13图集,用电安全,.pdf,法律标准\标准\设备设施\电气\《防雷与接地装置》92DQ13图集.pdf
,【现场】临时用电安全规范强制标准(带图片隐患解析,用电安全,.ppt,法律标准\标准\设备设施\电气\【现场】临时用电安全规范强制标准(带图片隐患解析.ppt
,【电气专业】04CD01 双电源自动转换装置设计图集,用电安全,.pdf,新标准\【电气专业】04CD01 双电源自动转换装置设计图集.pdf
,三相四线制保护接地和保护接零,用电安全,.doc,法律标准\标准\三相四线制保护接地和保护接零.doc
,三相四线制保护接地和保护接零,用电安全,.docx,法律标准\标准\三相四线制保护接地和保护接零.docx
,中华人民共和国电力法-主席令[2015]6号,用电安全,.doc,法律标准\法律法规\电气\中华人民共和国电力法-主席令[2015]6号.doc
,中华人民共和国电力法-主席令[2015]6号,用电安全,.docx,法律标准\法律法规\电气\中华人民共和国电力法-主席令[2015]6号.docx
,中国石油天然气集团公司临时用电作业安全管理办法-安全〔2015〕37号,用电安全,.doc,法律标准\法律法规\集团规章\中国石油天然气集团公司临时用电作业安全管理办法-安全〔2015〕37号.doc
,中国石油天然气集团公司临时用电作业安全管理办法-安全〔2015〕37号,用电安全,.docx,法律标准\法律法规\集团规章\中国石油天然气集团公司临时用电作业安全管理办法-安全〔2015〕37号.docx
,中频炉漏电,用电安全,.pdf,安全标准\中频炉漏电.pdf
,使用电熔炉时,用电安全,.docx,法律标准\标准\玻璃\玻璃1\使用电熔炉时.docx
,免费下载1000本规范,用电安全,.png,安全标准\JGJT 46-2024 建筑与市政工程施工现场临时用电安全技术标准\免费下载1000本规范.png
,典型电气安全隐患排查实施指南,用电安全,.docx,安全标准\典型电气安全隐患排查实施指南.docx
,发电机、电气设备及其系统单元安全检查表,用电安全,.docx,法律标准\标准\余热\发电机、电气设备及其系统单元安全检查表.docx
,可燃性粉尘环境用电气设备培训材料20150422,用电安全,.doc,法律标准\标准\爆炸\可燃性粉尘环境用电气设备培训材料20150422.doc
,可燃性粉尘环境用电气设备培训材料20150422,用电安全,.docx,法律标准\标准\爆炸\可燃性粉尘环境用电气设备培训材料20150422.docx
,图集15D500《防雷与接地设计施工要点》架构思考,用电安全,.pdf,避雷接地\图集15D500《防雷与接地设计施工要点》架构思考.pdf
,天津市用电单位10KV变电站电气安全管理标准,用电安全,.doc,法律标准\法律法规\天津法规\天津市用电单位10KV变电站电气安全管理标准.doc
,天津市用电单位10KV变电站电气安全管理标准,用电安全,.docx,法律标准\法律法规\天津法规\天津市用电单位10KV变电站电气安全管理标准.docx
,天津市电气安全技术管理规定（天津市人民政府1992年11月30日发布实施）,用电安全,.docx,法律标准\法律法规\天津法规\天津市电气安全技术管理规定（天津市人民政府1992年11月30日发布实施）.docx
,工作接地、保护接地、保护接零和重复接地,用电安全,.docx,法律标准\标准\工作接地、保护接地、保护接零和重复接地.docx
,市安委会关于印发天津市开展电气火灾综合治理工作方案的通知,用电安全,.docx,法律标准\法律法规\培训\天津所用法规\天津政策\市安委会关于印发天津市开展电气火灾综合治理工作方案的通知.docx
,建筑电气与智能化系列—建筑电气识图与工程实例（3-2） 火灾自动报警及联动控制,用电安全,.pdf,新标准\建筑电气与智能化系列—建筑电气识图与工程实例（3-2） 火灾自动报警及联动控制.pdf
,建设工程资料包【合集】8万套下载地址,用电安全,.xls,安全标准\JGJT 46-2024 建筑与市政工程施工现场临时用电安全技术标准\建设工程资料包【合集】8万套下载地址.xls
,接地系统分类,用电安全,.doc,法律标准\标准\接地系统分类.doc
,接地系统分类,用电安全,.docx,法律标准\标准\接地系统分类.docx
,施工现场临时用电安全技术暨图解,用电安全,.pdf,法律标准\标准\设备设施\建筑\施工现场临时用电安全技术暨图解.pdf
,更多资料访问 - 标准分享网,用电安全,.mht,新标准\GBT 29480-2013 接近电气设备的安全导则\更多资料访问 - 标准分享网.mht
,标准接地电阻规范要求,用电安全,.docx,法律标准\标准\设备设施\电气\标准接地电阻规范要求.docx
,正和炉料氢氧化钙剖面图、配电室平面图,用电安全,.pdf,法律标准\标准\法规标准补充\正和炉料氢氧化钙剖面图、配电室平面图.pdf
,煤矿电气设备失爆判定标准,用电安全,.doc,新文件包\补充法规\煤矿电气设备失爆判定标准.doc
,煤矿电气设备失爆判定标准,用电安全,.docx,新文件包\补充法规\煤矿电气设备失爆判定标准.docx
,燃气锅炉房的电气防爆设计,用电安全,.doc,法律标准\标准\设备设施\锅炉\锅炉\燃气锅炉房的电气防爆设计.doc
,燃气锅炉房的电气防爆设计,用电安全,.docx,法律标准\标准\设备设施\锅炉\锅炉\燃气锅炉房的电气防爆设计.docx
,爆炸危险区域的划分及防爆电气设备的选用,用电安全,.doc,法律标准\标准\爆炸\爆炸危险区域的划分及防爆电气设备的选用.doc
,爆炸危险区域的划分及防爆电气设备的选用,用电安全,.docx,法律标准\标准\爆炸\爆炸危险区域的划分及防爆电气设备的选用.docx
,现行的防爆电气设备国家标准,用电安全,.doc,法律标准\标准\设备设施\电气\现行的防爆电气设备国家标准.doc
,现行的防爆电气设备国家标准,用电安全,.docx,法律标准\标准\设备设施\电气\现行的防爆电气设备国家标准.docx
,电力安全事故应急处置和调查处理条例2011,用电安全,.pdf,法律标准\法律法规\电气\电力安全事故应急处置和调查处理条例2011.pdf
,电力安全工作规程发电厂和变电站电气部分,用电安全,.xdf,法律标准\标准\设备设施\电气\电力安全工作规程发电厂和变电站电气部分.xdf
,电力线路拉线基本知识,用电安全,.doc,法律标准\标准\设备设施\电气\电力线路拉线基本知识.doc
,电力线路拉线基本知识,用电安全,.docx,法律标准\标准\设备设施\电气\电力线路拉线基本知识.docx
,电力设施保护条例,用电安全,.docx,法律标准\标准\设备设施\电气\电力设施保护条例.docx
,电力设施保护条例实施细则,用电安全,.docx,法律标准\标准\设备设施\电气\电力设施保护条例实施细则.docx
,电气专业规范大全（2015版）,用电安全,.chm,法律标准\标准\电气专业规范大全（2015版）.chm
,电气安全(绝缘)用具管理、使用、检查标准,用电安全,.pdf,法律标准\标准\设备设施\电工用具\电气安全(绝缘)用具管理、使用、检查标准.pdf
,电气安全法规目录,用电安全,.doc,法律标准\法律法规\电气\电气安全法规目录.doc
,电气安全法规目录,用电安全,.docx,法律标准\法律法规\电气\电气安全法规目录.docx
,电气安全用具的试验周期和试验标准,用电安全,.doc,法律标准\标准\设备设施\电工用具\电气安全用具的试验周期和试验标准.doc
,电气安全用具的试验周期和试验标准,用电安全,.docx,法律标准\标准\设备设施\电工用具\电气安全用具的试验周期和试验标准.docx
,电气安全管理规程(机械工业部(86)机生字76号文),用电安全,.docx,新建文件夹 (2)\电气安全管理规程(机械工业部(86)机生字76号文).docx
,电气安全管理规程-机械工业部(86)机生字76号,用电安全,.doc,法律标准\法律法规\电气\电气安全管理规程-机械工业部(86)机生字76号.doc
,电气安全管理规程-机械工业部(86)机生字76号,用电安全,.docx,法律标准\法律法规\电气\电气安全管理规程-机械工业部(86)机生字76号.docx
,电气安全管理规程-机械工业部[1986]机生字76号,用电安全,.doc,法律标准\法律法规\电气安全管理规程-机械工业部[1986]机生字76号.doc
,电气安全管理规程-机械工业部[1986]机生字76号,用电安全,.docx,法律标准\法律法规\电气安全管理规程-机械工业部[1986]机生字76号.docx
,电气火灾事故应急演练方案,用电安全,.docx,应急\2021.3.4应急演练、桌面演练、脚本、记录大全（500项）\2021.3.4应急演练、桌面演练、脚本、记录大全（500项）\应急演练方案、脚本、计划、总结大全\电气火灾事故应急演练方案.docx
,电气设备的安全 [李邦协编著] 2011年版,用电安全,.pdf,新建文件夹 (2)\电气设备的安全 [李邦协编著] 2011年版.pdf
,电气设备防爆判定标准,用电安全,.docx,新文件包\补充法规\电气设备防爆判定标准.docx
,石油化工静电接地设计规范SH3097-2000,用电安全,.pdf,法律标准\标准\设备设施\特种设备\石油化工静电接地设计规范SH3097-2000.pdf
,纺织厂电气控制技术,用电安全,.pdf,法律标准\标准\纺织机械\纺织厂电气控制技术.pdf
,轻钢结构建筑物的防雷及接地.,用电安全,.docx,法律标准\法律法规\其他参考\轻钢结构建筑物的防雷及接地..docx
,避雷针安装规范,用电安全,.doc,法律标准\标准\设备设施\电气\避雷针安装规范.doc
,避雷针安装规范,用电安全,.docx,法律标准\标准\设备设施\电气\避雷针安装规范.docx
,配电柜火灾 事故应急救援演练方案,用电安全,.docx,应急\2021.3.4应急演练、桌面演练、脚本、记录大全（500项）\2021.3.4应急演练、桌面演练、脚本、记录大全（500项）\应急演练方案、脚本、计划、总结大全\配电柜火灾 事故应急救援演练方案.docx
,配电箱智能监控系统的设计,用电安全,.pdf,法律标准\标准\配电箱智能监控系统的设计.pdf
,铠装电缆如何正确引入防爆电气设备资料,用电安全,.doc,法律标准\标准\铠装电缆如何正确引入防爆电气设备资料.doc
,铠装电缆如何正确引入防爆电气设备资料,用电安全,.docx,法律标准\标准\铠装电缆如何正确引入防爆电气设备资料.docx
,防爆电气作业 吴炳辉 主编 2011年版,用电安全,.pdf,法律标准\标准\防爆电气作业 吴炳辉 主编 2011年版.pdf
,防爆电气作业人员工安全技术 上海市安全生产科学研究所 编著 2013年版,用电安全,.pdf,法律标准\标准\防爆电气作业人员工安全技术 上海市安全生产科学研究所 编著 2013年版.pdf
,防爆电气安装技术要求,用电安全,.doc,新标准\防爆电气安装技术要求.doc
,防爆电气安装技术要求,用电安全,.docx,新标准\防爆电气安装技术要求.docx
,防爆电气设备安装规范,用电安全,.doc,新标准\防爆电气设备安装规范.doc
,防爆电气设备安装规范,用电安全,.docx,新标准\防爆电气设备安装规范.docx
,防爆电气设备的完好标准、失爆范围及注解,用电安全,.doc,新文件包\补充法规\防爆电气设备的完好标准、失爆范围及注解.doc
,防爆电气设备的完好标准、失爆范围及注解,用电安全,.docx,新文件包\补充法规\防爆电气设备的完好标准、失爆范围及注解.docx
,防爆电气隐患大全,用电安全,.pptx,111111\防爆电气隐患大全.pptx
,防雷与接地图集,用电安全,.rar,避雷接地\防雷与接地图集.rar
,防雷与接地图集,用电安全,.pdf,避雷接地\防雷与接地图集\防雷与接地图集.pdf
,防雷减灾管理办法中国气象局 令第24号,用电安全,.doc,法律标准\法律法规\电气\防雷减灾管理办法中国气象局 令第24号.doc
,防雷减灾管理办法中国气象局 令第24号,用电安全,.docx,法律标准\法律法规\电气\防雷减灾管理办法中国气象局 令第24号.docx
,防雷及接地安装工艺标准(322-1998),用电安全,.pdf,法律标准\标准\设备设施\电气\防雷及接地安装工艺标准(322-1998).pdf
,隔爆型电气设备的引入结构和引入装置-(1),用电安全,.pdf,法律标准\标准\爆炸\隔爆型电气设备的引入结构和引入装置-(1).pdf
,高低压电气设备试验标准,用电安全,.xls,法律标准\标准\设备设施\电气\高低压电气设备试验标准.xls
AQ2005,金属非金属矿山排土场安全生产规则AQ2005-2005,矿山,.doc,法律标准\标准\矿山标准\金属非金属矿山排土场安全生产规则AQ2005-2005.doc
AQ2005,金属非金属矿山排土场安全生产规则AQ2005-2005,矿山,.docx,法律标准\标准\矿山标准\金属非金属矿山排土场安全生产规则AQ2005-2005.docx
AQ2005,金属非金属矿山排土场安全规则AQ 2005-2005,矿山,.pdf,法律标准\标准\矿山标准\金属非金属矿山排土场安全规则AQ 2005-2005.pdf
AQ2006,尾矿库安全技术规程AQ 2006-2005,矿山,.pdf,法律标准\标准\矿山标准\尾矿库安全技术规程AQ 2006-2005.pdf
AQ2006,尾矿库安全技术规程AQ2006-2005,矿山,.doc,法律标准\标准\新建文件夹\尾矿库安全技术规程AQ2006-2005.doc
AQ2006,尾矿库安全技术规程AQ2006-2005,矿山,.docx,法律标准\标准\新建文件夹\尾矿库安全技术规程AQ2006-2005.docx
AQ2031,金属非金属地下矿山监测监控系统建设规范AQ2031-2011,矿山,.doc,法律标准\标准\矿山标准\金属非金属地下矿山监测监控系统建设规范AQ2031-2011.doc
AQ2031,金属非金属地下矿山监测监控系统建设规范AQ2031-2011,矿山,.docx,法律标准\标准\矿山标准\金属非金属地下矿山监测监控系统建设规范AQ2031-2011.docx
AQ2032,金属非金属地下矿山人员定位系统建设规范AQ2032-2011,矿山,.docx,法律标准\标准\矿山标准\金属非金属地下矿山人员定位系统建设规范AQ2032-2011.docx
AQ2033,金属非金属地下矿山紧急避险系统建设规范AQ 2033-2011,矿山,.doc,法律标准\标准\矿山标准\金属非金属地下矿山紧急避险系统建设规范AQ 2033-2011.doc
AQ2033,金属非金属地下矿山紧急避险系统建设规范AQ 2033-2011,矿山,.docx,法律标准\标准\矿山标准\金属非金属地下矿山紧急避险系统建设规范AQ 2033-2011.docx
AQ2034,金属非金属地下矿山压风自救系统建设规范AQ 2034-2011,矿山,.doc,法律标准\标准\矿山标准\金属非金属地下矿山压风自救系统建设规范AQ 2034-2011.doc
AQ2034,金属非金属地下矿山压风自救系统建设规范AQ 2034-2011,矿山,.docx,法律标准\标准\矿山标准\金属非金属地下矿山压风自救系统建设规范AQ 2034-2011.docx
AQ2035,《金属非金属地下矿山供水施救系统建设规范》AQ 2035-2011,矿山,.doc,法律标准\标准\矿山标准\《金属非金属地下矿山供水施救系统建设规范》AQ 2035-2011.doc
AQ2035,《金属非金属地下矿山供水施救系统建设规范》AQ 2035-2011,矿山,.docx,法律标准\标准\矿山标准\《金属非金属地下矿山供水施救系统建设规范》AQ 2035-2011.docx
AQ2036,金属非金属地下矿山通信联络系统建设规范AQ 2036-2011,矿山,.doc,法律标准\标准\矿山标准\金属非金属地下矿山通信联络系统建设规范AQ 2036-2011.doc
AQ2036,金属非金属地下矿山通信联络系统建设规范AQ 2036-2011,矿山,.docx,法律标准\标准\矿山标准\金属非金属地下矿山通信联络系统建设规范AQ 2036-2011.docx
AQ2055,金属非金属矿山在用空气压缩机安全检验规范 第一部分：固定式空气压缩机AQ 2055-2016,矿山,.pdf,法律标准\标准\矿山标准\金属非金属矿山在用空气压缩机安全检验规范 第一部分：固定式空气压缩机AQ 2055-2016.pdf
AQ2056,金属非金属矿山在用空气压缩机安全检验规范 第2部分：移动式空气压缩机AQ 2056-2016,矿山,.pdf,法律标准\标准\矿山标准\金属非金属矿山在用空气压缩机安全检验规范 第2部分：移动式空气压缩机AQ 2056-2016.pdf
AQ2057,金属非金属矿山在用货运架空索道安全检验规范AQ 2057-2016,矿山,.pdf,法律标准\标准\矿山标准\金属非金属矿山在用货运架空索道安全检验规范AQ 2057-2016.pdf
AQT2050.1,金属非金属矿山安全标准化规范 导则 AQT2050.1-2016,矿山,.pdf,法律标准\标准\矿山标准\金属非金属矿山安全标准化规范 导则 AQT2050.1-2016.pdf
AQT2050.2,金属非金属矿山安全标注化规范地下矿山实施指南AQT 2050.2-2016,矿山,.pdf,法律标准\标准\矿山标准\金属非金属矿山安全标注化规范地下矿山实施指南AQT 2050.2-2016.pdf
AQT2050.3,金属非金属矿山安全标准化规范露天矿山实施指南AQT 2050.3-2016,矿山,.pdf,法律标准\标准\矿山标准\金属非金属矿山安全标准化规范露天矿山实施指南AQT 2050.3-2016.pdf
AQT2050.4,金属非金属矿山安全标准化规范尾矿库实施指南AQT 2050.4-2016,矿山,.pdf,法律标准\标准\矿山标准\金属非金属矿山安全标准化规范尾矿库实施指南AQT 2050.4-2016.pdf
AQT2050.5,金属非金属矿山安全标准化规范小型露天采石场设施指南AQT 2050.5-2016,矿山,.pdf,法律标准\标准\矿山标准\金属非金属矿山安全标准化规范小型露天采石场设施指南AQT 2050.5-2016.pdf
AQT2051,金属非金属地下矿山人员定位系统通用技术要求AQT 2051-2016,矿山,.pdf,法律标准\标准\矿山标准\金属非金属地下矿山人员定位系统通用技术要求AQT 2051-2016.pdf
AQT2052,金属非金属地下矿山通信联络系统通用技术要求AQT 2052-2016,矿山,.pdf,法律标准\标准\矿山标准\金属非金属地下矿山通信联络系统通用技术要求AQT 2052-2016.pdf
AQT2053,金属非金属地下矿山监测监控系统通用技术要求AQT 2053-2016,矿山,.pdf,法律标准\标准\矿山标准\金属非金属地下矿山监测监控系统通用技术要求AQT 2053-2016.pdf
AQT9006,《企业安全生产标准化基本规范》AQT 9006-2010,矿山,.pdf,法律标准\标准\矿山标准\《企业安全生产标准化基本规范》AQT 9006-2010.pdf
AQ∕T2050.1,AQ∕T 2050.1-2016 金属非金属矿山安全标准化规范导则,矿山,.rar,法律标准\标准\矿山标准\AQ∕T 2050.1-2016 金属非金属矿山安全标准化规范导则.rar
AQ∕T2050.2,AQ∕T 2050.2-2016 金属非金属矿山安全标准化规范 地下矿山实施指南,矿山,.rar,法律标准\标准\矿山标准\AQ∕T 2050.2-2016 金属非金属矿山安全标准化规范 地下矿山实施指南.rar
AQ∕T2050.3,AQ∕T 2050.3-2016 金属非金属矿山安全标准化规范 露天矿山实施指南,矿山,.rar,法律标准\标准\矿山标准\AQ∕T 2050.3-2016 金属非金属矿山安全标准化规范 露天矿山实施指南.rar
AQ∕T2050.4,AQ∕T 2050.4-2016 金属非金属矿山安全标准化规范 尾矿库实施指南,矿山,.rar,法律标准\标准\矿山标准\AQ∕T 2050.4-2016 金属非金属矿山安全标准化规范 尾矿库实施指南.rar
AQ∕T2050.5,AQ∕T 2050.5-2016 金属非金属矿山安全标准化规范 小型露天采石场实施指南,矿山,.rar,法律标准\标准\矿山标准\AQ∕T 2050.5-2016 金属非金属矿山安全标准化规范 小型露天采石场实施指南.rar
DB13,DB13_T 2938-2019 金属非金属矿山在用带式输送机 安全检测检验规范,矿山,.pdf,法律标准\标准\输送机\DB13_T 2938-2019 金属非金属矿山在用带式输送机 安全检测检验规范.pdf
DB13,DB13∕T 5067-2019 金属非金属选矿厂原矿堆场作业安全规范,矿山,.pdf,111111\DB13∕T 5067-2019 金属非金属选矿厂原矿堆场作业安全规范.pdf
DB13,DB13∕T 5068-2019 金属非金属矿选矿厂破碎车间作业安全规范,矿山,.pdf,111111\DB13∕T 5068-2019 金属非金属矿选矿厂破碎车间作业安全规范.pdf
GB-l6423,金属非金属矿山安全规程--GB-l6423-2006,矿山,.doc,法律标准\标准\矿山标准\金属非金属矿山安全规程--GB-l6423-2006.doc
GB-l6423,金属非金属矿山安全规程--GB-l6423-2006,矿山,.docx,法律标准\标准\矿山标准\金属非金属矿山安全规程--GB-l6423-2006.docx
GB-l6423,金属非金属矿山安全规程-GB-l6423-2006,矿山,.doc,法律标准\标准\矿山标准\金属非金属矿山安全规程-GB-l6423-2006.doc
GB-l6423,金属非金属矿山安全规程-GB-l6423-2006,矿山,.docx,法律标准\标准\矿山标准\金属非金属矿山安全规程-GB-l6423-2006.docx
GB14161,矿山安全标志GB 14161-2008,矿山,.pdf,法律标准\标准\矿山标准\矿山安全标志GB 14161-2008.pdf
GB16297,大气污染物综合排放标准GB16297-1996,矿山,.pdf,法律标准\标准\矿山标准\大气污染物综合排放标准GB16297-1996.pdf
GB16423,GB 16423-2006 金属非金属矿山安全规程,矿山,.pdf,法律标准\标准\矿山标准\矿山\GB 16423-2006 金属非金属矿山安全规程.pdf
GB16423,金属非金属矿山安全规程GB 16423-2006,矿山,.pdf,法律标准\标准\矿山标准\金属非金属矿山安全规程GB 16423-2006.PDF
GB16541,《竖井罐笼提升信号系统 安全技术要求》GB 16541-2010,矿山,.pdf,法律标准\标准\矿山标准\《竖井罐笼提升信号系统 安全技术要求》GB 16541-2010.pdf
GB16542,《罐笼安全技术要求》GB 16542-2010,矿山,.pdf,法律标准\标准\矿山标准\《罐笼安全技术要求》GB 16542-2010.pdf
GB22340,GB 22340-2008 煤矿用带式输送机 安全规范,矿山,.pdf,法律标准\标准\输送机\GB 22340-2008 煤矿用带式输送机 安全规范.pdf
GB50070,GB 50070-2009 矿山电力设计规范,矿山,.pdf,法律标准\标准\安全管理\设计\GB 50070-2009 矿山电力设计规范.pdf
GB50070,矿山电力设计规范GB 50070-2009,矿山,.pdf,法律标准\标准\矿山标准\矿山电力设计规范GB 50070-2009.pdf
GB50213,《煤矿井巷工程质量验收规范》GB 50213-2010,矿山,.pdf,法律标准\标准\矿山标准\《煤矿井巷工程质量验收规范》GB 50213-2010.pdf
GB6441,《企业职工伤亡事故分类》GB 6441-86,矿山,.pdf,法律标准\标准\矿山标准\《企业职工伤亡事故分类》GB 6441-86.pdf
GB6722,爆破安全规程GB 6722-2014,矿山,.pdf,法律标准\标准\矿山标准\爆破安全规程GB 6722-2014.pdf
GB8978,污水综合排放标准GB 8978-1996,矿山,.pdf,法律标准\标准\矿山标准\污水综合排放标准GB 8978-1996.pdf
GBT12801,生产过程安全卫生要求总则GBT 12801-2008,矿山,.pdf,法律标准\标准\矿山标准\生产过程安全卫生要求总则GBT 12801-2008.pdf
GBT3805,《特低电压(ELV) 限值》GBT 3805-1993（废止）,矿山,.pdf,法律标准\标准\矿山标准\《特低电压(ELV) 限值》GBT 3805-1993（废止）.pdf
,关于调整《国家安全生产监督管理总局（国家煤矿安全监察局）行政许可事项目录》的说明,矿山,.doc,法律标准\法律法规\行政许可规范\关于调整《国家安全生产监督管理总局（国家煤矿安全监察局）行政许可事项目录》的说明.doc
,关于调整《国家安全生产监督管理总局（国家煤矿安全监察局）行政许可事项目录》的说明,矿山,.docx,法律标准\法律法规\行政许可规范\关于调整《国家安全生产监督管理总局（国家煤矿安全监察局）行政许可事项目录》的说明.docx
,国务院安委会办公室关于切实做好当前非煤矿山安全生产工作的通知,矿山,.docx,法律标准\法律法规\燃气\文件-杂货铺\国务院安委会办公室关于切实做好当前非煤矿山安全生产工作的通知.docx
,尾矿库应急救援演练方案,矿山,.docx,应急\2021.3.4应急演练、桌面演练、脚本、记录大全（500项）\2021.3.4应急演练、桌面演练、脚本、记录大全（500项）\应急演练方案、脚本、计划、总结大全\尾矿库应急救援演练方案.docx
,河北省应急管理厅关于印发《河北省非煤矿山企业创建安全生产标准化工作流程指导手册》的函,矿山,.pdf,新法规\河北省应急管理厅关于印发《河北省非煤矿山企业创建安全生产标准化工作流程指导手册》的函.pdf
,河北省应急管理厅关于印发《河北省非煤矿山企业创建安全生产标准化工作流程指导手册》的函,矿山,.doc,法律标准\标准\新建文件夹\河北省应急管理厅关于印发《河北省非煤矿山企业创建安全生产标准化工作流程指导手册》的函.doc
,河北省应急管理厅关于印发《河北省非煤矿山企业创建安全生产标准化工作流程指导手册》的函,矿山,.docx,法律标准\标准\新建文件夹\河北省应急管理厅关于印发《河北省非煤矿山企业创建安全生产标准化工作流程指导手册》的函.docx
,煤矿水害应急演练方案,矿山,.docx,应急\2021.3.4应急演练、桌面演练、脚本、记录大全（500项）\2021.3.4应急演练、桌面演练、脚本、记录大全（500项）\应急演练方案、脚本、计划、总结大全\煤矿水害应急演练方案.docx
,矿山井下突水事故应急预案演练方案,矿山,.doc,应急\2021.3.4应急演练、桌面演练、脚本、记录大全（500项）\2021.3.4应急演练、桌面演练、脚本、记录大全（500项）\应急演练方案、脚本、计划、总结大全\矿山井下突水事故应急预案演练方案.doc
,矿山井下突水事故应急预案演练方案,矿山,.docx,应急\2021.3.4应急演练、桌面演练、脚本、记录大全（500项）\2021.3.4应急演练、桌面演练、脚本、记录大全（500项）\应急演练方案、脚本、计划、总结大全\矿山井下突水事故应急预案演练方案.docx
,金属非金属矿山新型适用安全技术及装备推广目录（第一批）安监总管一【2015】12号,矿山,.doc,法律标准\法律法规\淘汰设备目录\金属非金属矿山新型适用安全技术及装备推广目录（第一批）安监总管一【2015】12号.doc
,金属非金属矿山新型适用安全技术及装备推广目录（第一批）安监总管一【2015】12号,矿山,.docx,法律标准\法律法规\淘汰设备目录\金属非金属矿山新型适用安全技术及装备推广目录（第一批）安监总管一【2015】12号.docx
,金属非金属矿山禁止使用的设备及工艺目录(第三批）征求意见稿2017.12,矿山,.doc,法律标准\法律法规\淘汰设备目录\金属非金属矿山禁止使用的设备及工艺目录(第三批）征求意见稿2017.12.doc
,金属非金属矿山禁止使用的设备及工艺目录(第三批）征求意见稿2017.12,矿山,.docx,法律标准\法律法规\淘汰设备目录\金属非金属矿山禁止使用的设备及工艺目录(第三批）征求意见稿2017.12.docx
,金属非金属矿山禁止使用的设备及工艺目录（第二批）安监总管一〔2015〕13号,矿山,.doc,法律标准\法律法规\淘汰设备目录\金属非金属矿山禁止使用的设备及工艺目录（第二批）安监总管一〔2015〕13号.doc
,金属非金属矿山禁止使用的设备及工艺目录（第二批）安监总管一〔2015〕13号,矿山,.docx,法律标准\法律法规\淘汰设备目录\金属非金属矿山禁止使用的设备及工艺目录（第二批）安监总管一〔2015〕13号.docx
,金属非金属矿山重大生产安全事故隐患判定标准（试行）解读）,矿山,.doc,法律标准\法律法规\淘汰设备目录\金属非金属矿山重大生产安全事故隐患判定标准（试行）解读）.doc
,金属非金属矿山重大生产安全事故隐患判定标准（试行）解读）,矿山,.docx,法律标准\法律法规\淘汰设备目录\金属非金属矿山重大生产安全事故隐患判定标准（试行）解读）.docx
,非煤矿山企业安全对照检查表-露天矿山(附检查、处罚依据-可编辑),矿山,.doc,111111\非煤矿山企业安全对照检查表-露天矿山(附检查、处罚依据-可编辑).doc
,非煤矿山企业安全对照检查表-露天矿山(附检查、处罚依据-可编辑),矿山,.docx,111111\非煤矿山企业安全对照检查表-露天矿山(附检查、处罚依据-可编辑).docx
,非煤矿山坍塌事故应急救援演练方案,矿山,.doc,应急\2021.3.4应急演练、桌面演练、脚本、记录大全（500项）\2021.3.4应急演练、桌面演练、脚本、记录大全（500项）\应急演练方案、脚本、计划、总结大全\非煤矿山坍塌事故应急救援演练方案.doc
,非煤矿山坍塌事故应急救援演练方案,矿山,.docx,应急\2021.3.4应急演练、桌面演练、脚本、记录大全（500项）\2021.3.4应急演练、桌面演练、脚本、记录大全（500项）\应急演练方案、脚本、计划、总结大全\非煤矿山坍塌事故应急救援演练方案.docx
,非煤矿山坍塌事故应急救援演练方案,矿山,.doc,应急\2021.3.4应急演练、桌面演练、脚本、记录大全（500项）\2021.3.4应急演练、桌面演练、脚本、记录大全（500项）\应急演练方案、脚本、计划、总结大全\应急演练方案、脚本大全\非煤矿山坍塌事故应急救援演练方案.doc
,非煤矿山坍塌事故应急救援演练方案,矿山,.docx,应急\2021.3.4应急演练、桌面演练、脚本、记录大全（500项）\2021.3.4应急演练、桌面演练、脚本、记录大全（500项）\应急演练方案、脚本、计划、总结大全\应急演练方案、脚本大全\非煤矿山坍塌事故应急救援演练方案.docx
AQ1022,AQ 1022-2006 煤矿用袋式除尘器,粉尘防爆,.pdf,法律标准\标准\设备设施\除尘器\AQ 1022-2006 煤矿用袋式除尘器.pdf
AQ3001,AQ 3001-2005 汽车加油(气)站、轻质燃油和液化石油气 汽车罐车用阻隔防爆储罐技术要求,粉尘防爆,.xdf,法律标准\标准\液化石油气\AQ 3001-2005 汽车加油(气)站、轻质燃油和液化石油气 汽车罐车用阻隔防爆储罐技术要求.xdf
AQ3001,AQ3001-2005汽车加油(气)站、轻质燃油和液化石油气汽车罐车用阻隔防爆储罐技术要求,粉尘防爆,.pdf,法律标准\标准\爆炸\AQ3001-2005汽车加油(气)站、轻质燃油和液化石油气汽车罐车用阻隔防爆储罐技术要求.pdf
AQ4204,AQ 4204-2008 呼吸性粉尘个体采样器,粉尘防爆,.pdf,法律标准\标准\职业卫生\AQ 4204-2008 呼吸性粉尘个体采样器.pdf
AQ4217,AQ 4217-2012 粉尘采样器技术条件,粉尘防爆,.pdf,法律标准\标准\职业卫生\AQ 4217-2012 粉尘采样器技术条件.pdf
AQ4228,AQ 4228-2012 木材加工系统粉尘防爆安全规范,粉尘防爆,.pdf,111111\隐患排查依据文本（一）\隐患排查依据文本（一）\法规\AQ 4228-2012 木材加工系统粉尘防爆安全规范.pdf
AQ4228,AQ 4228-2012 木材加工系统粉尘防爆安全规范,粉尘防爆,.rtf,新标准\木工标准\AQ 4228-2012 木材加工系统粉尘防爆安全规范.rtf
AQ4228,AQ 4228-2012 木材加工系统粉尘防爆安全规范,粉尘防爆,.pdf,木加工\AQ 4228-2012 木材加工系统粉尘防爆安全规范.pdf
AQ4228,AQ 4228-2012 木材加工系统粉尘防爆安全规范,粉尘防爆,.pdf,法律标准\标准\木材加工\AQ 4228-2012 木材加工系统粉尘防爆安全规范.pdf
AQ4228,AQ 4228-2012 木材加工系统粉尘防爆安全规范,粉尘防爆,.rtf,法律标准\标准\木材加工\AQ 4228-2012 木材加工系统粉尘防爆安全规范.rtf
AQ4228,AQ 4228—2025 木材加工系统粉尘防爆安全规范 ,粉尘防爆,.pdf,安全标准\AQ 4228—2025 木材加工系统粉尘防爆安全规范 .pdf
AQ4228,AQ4228-2012木材加工系统粉尘防爆安全规范,粉尘防爆,.pdf,安全标准\AQ4228-2012木材加工系统粉尘防爆安全规范.pdf
AQ4229,AQ 4229-2013 粮食立筒仓防爆安全规范,粉尘防爆,.pdf,粮食加工\AQ 4229-2013 粮食立筒仓防爆安全规范.pdf
AQ4230,AQ 4230-2013 粮食平房仓粉尘防爆安全规范,粉尘防爆,.pdf,法律标准\标准\安全、职业卫生新规范\AQ 4230-2013 粮食平房仓粉尘防爆安全规范.pdf
AQ4230,AQ 4230-2013 粮食平房仓粉尘防爆规范,粉尘防爆,.pdf,粮食加工\AQ 4230-2013 粮食平房仓粉尘防爆规范.pdf
AQ4232,AQ 4232-2013 塑料生产系统粉尘防爆规范,粉尘防爆,.pdf,法律标准\标准\安全、职业卫生新规范\AQ 4232-2013 塑料生产系统粉尘防爆规范.pdf
AQ4232,AQ 4232—2025 橡胶和塑料制品加工系统粉尘防爆安全规范,粉尘防爆,.pdf,安全标准\AQ 4232—2025 橡胶和塑料制品加工系统粉尘防爆安全规范.pdf
AQ4241,AQ 4241-2015 纺织业工艺除尘设备防爆技术规范,粉尘防爆,.pdf,法律标准\标准\安全、职业卫生新规范\AQ 4241-2015 纺织业工艺除尘设备防爆技术规范.pdf
AQ4241,AQ 4241-2015 纺织工业除尘设备防爆技术规范,粉尘防爆,.doc,法律标准\标准\设备设施\除尘器\AQ 4241-2015 纺织工业除尘设备防爆技术规范.doc
AQ4241,AQ 4241-2015 纺织工业除尘设备防爆技术规范,粉尘防爆,.docx,法律标准\标准\设备设施\除尘器\AQ 4241-2015 纺织工业除尘设备防爆技术规范.docx
AQ4241,AQ 4241-2015纺 织工业除尘设备防爆技术规范,粉尘防爆,.doc,法律标准\标准\纺织机械\AQ 4241-2015纺 织工业除尘设备防爆技术规范.doc
AQ4241,AQ 4241-2015纺 织工业除尘设备防爆技术规范,粉尘防爆,.docx,法律标准\标准\纺织机械\AQ 4241-2015纺 织工业除尘设备防爆技术规范.docx
AQ4272,AQ 4272-2016 铝镁制品机械加工粉尘防爆安全技术规范,粉尘防爆,.pdf,法律标准\标准\爆炸\AQ 4272-2016 铝镁制品机械加工粉尘防爆安全技术规范.pdf
AQ4272,AQ 4272—2025 铝镁制品机械加工粉尘防爆安全规范 ,粉尘防爆,.pdf,安全标准\AQ 4272—2025 铝镁制品机械加工粉尘防爆安全规范 .pdf
AQ4273,4-AQ4273-2016 粉尘爆炸危险场所用除尘系统安全技术规范,粉尘防爆,.pdf,111111\4-AQ4273-2016 粉尘爆炸危险场所用除尘系统安全技术规范.pdf
AQ4273,AQ 4273-2016 粉尘爆炸危险场所用除尘系统安全 技术规范,粉尘防爆,.pdf,木加工\AQ 4273-2016 粉尘爆炸危险场所用除尘系统安全 技术规范.pdf
AQ4273,AQ 4273-2016 粉尘爆炸危险场所用除尘系统安全技术规范,粉尘防爆,.pdf,111111\隐患排查依据文本（一）\隐患排查依据文本（一）\法规\AQ 4273-2016 粉尘爆炸危险场所用除尘系统安全技术规范.pdf
AQ4273,AQ 4273-2016 粉尘爆炸危险场所用除尘系统安全技术规范,粉尘防爆,.pdf,法律标准\标准\爆炸\AQ 4273-2016 粉尘爆炸危险场所用除尘系统安全技术规范.pdf
AQ4273,AQ 4273-2016 粉尘爆炸危险场所用除尘系统安全技术规范,粉尘防爆,.xdf,法律标准\标准\爆炸\AQ 4273-2016 粉尘爆炸危险场所用除尘系统安全技术规范.xdf
AQ4273,AQ 4273-2016 粉尘爆炸危险场所用除尘系统安全技术规范,粉尘防爆,.pdf,法律标准\标准\饲料\AQ 4273-2016 粉尘爆炸危险场所用除尘系统安全技术规范.pdf
AQ4273,AQ 4273-2016 粉尘爆炸危险场所除尘系统安全技术规范,粉尘防爆,.pdf,安全标准\AQ 4273-2016 粉尘爆炸危险场所除尘系统安全技术规范.pdf
AQ4273,AQ 4273-2016 粉尘爆炸危险场所除尘系统安全技术规范,粉尘防爆,.pdf,新标准\木工标准\AQ 4273-2016 粉尘爆炸危险场所除尘系统安全技术规范.pdf
AQ4273,AQ4273-2016 粉尘爆炸危险场所用除尘系统安全技术规范2017-03-29 20_42,粉尘防爆,.pdf,安全标准\AQ4273-2016 粉尘爆炸危险场所用除尘系统安全技术规范2017-03-29 20_42.pdf
AQ4273,AQ4273-2016粉尘防爆标准(补充版),粉尘防爆,.doc,法律标准\标准\新建文件夹2\AQ4273-2016粉尘防爆标准(补充版).doc
AQ4273,AQ4273-2016粉尘防爆标准(补充版),粉尘防爆,.docx,法律标准\标准\新建文件夹2\AQ4273-2016粉尘防爆标准(补充版).docx
AQT3001,AQT 3001-2021 加油（气）站油（气）储存罐体阻隔防爆技术要求,粉尘防爆,.pdf,新标准\撬装\AQT 3001-2021 加油（气）站油（气）储存罐体阻隔防爆技术要求.pdf
AQT3002,AQT 3002-2021 《阻隔防爆橇装式加油（气）装置技术要求》,粉尘防爆,.docx,新标准\AQT 3002-2021 《阻隔防爆橇装式加油（气）装置技术要求》.docx
AQT3002,AQT 3002-2021 《阻隔防爆橇装式加油（气）装置技术要求》,粉尘防爆,.pdf,新标准\撬装\AQT 3002-2021 《阻隔防爆橇装式加油（气）装置技术要求》.pdf
AQT4268,AQT 4268-2015 工作场所空气粉尘浓度快速检测方法-光散射法,粉尘防爆,.doc,法律标准\标准\职业卫生\AQT 4268-2015 工作场所空气粉尘浓度快速检测方法-光散射法.doc
AQT4268,AQT 4268-2015 工作场所空气粉尘浓度快速检测方法-光散射法,粉尘防爆,.docx,法律标准\标准\职业卫生\AQT 4268-2015 工作场所空气粉尘浓度快速检测方法-光散射法.docx
DB13,DB13T-1201-2010-污染治理设施运行操作技术规范-除尘设施,粉尘防爆,.pdf,法律标准\标准\设备设施\除尘器\DB13T-1201-2010-污染治理设施运行操作技术规范-除尘设施.pdf
DB13,DB13_T5210-2020冶金、水泥行业煤粉制备喷吹系统防爆安全规范,粉尘防爆,.xdf,法律标准\标准\水泥\DB13_T5210-2020冶金、水泥行业煤粉制备喷吹系统防爆安全规范.xdf
DB23,DB23∕T 2572-2020 木材加工行业除尘系统设计安全规范,粉尘防爆,.pdf,新标准\木工标准\DB23∕T 2572-2020 木材加工行业除尘系统设计安全规范.pdf
DB23,DB23∕T 2815-2021 工业可燃性粉尘除尘系统安全设施设计规范,粉尘防爆,.pdf,新标准\木工标准\DB23∕T 2815-2021 工业可燃性粉尘除尘系统安全设施设计规范.pdf
DB23,DB23∕T 2817-2021 粮食加工行业除尘系统安全技术规范,粉尘防爆,.pdf,新标准\DB23∕T 2817-2021 粮食加工行业除尘系统安全技术规范.pdf
DB31,DB31_T 1308-2021 粉尘爆炸重大事故隐患治理工程验收规范,粉尘防爆,.pdf,新标准\饲料标准\DB31_T 1308-2021 粉尘爆炸重大事故隐患治理工程验收规范.pdf
DB311307,DB311307-2021粉尘爆炸防爆系统应用指南,粉尘防爆,.pdf,法律标准\标准\爆破片\DB311307-2021粉尘爆炸防爆系统应用指南.pdf
DL-T-461,DL-T-461-2004-燃煤电厂电除尘器运行维护导则,粉尘防爆,.pdf,法律标准\标准\设备设施\除尘器\DL-T-461-2004-燃煤电厂电除尘器运行维护导则.pdf
DLT1371,DLT 1371-2014 火电厂袋式除尘器运行维护导则,粉尘防爆,.pdf,法律标准\标准\设备设施\除尘器\DLT 1371-2014 火电厂袋式除尘器运行维护导则.pdf
DLT1447,DLT 1447-2015 燃煤电厂电袋复合除尘器运行维护导则,粉尘防爆,.pdf,法律标准\标准\设备设施\除尘器\DLT 1447-2015 燃煤电厂电袋复合除尘器运行维护导则.pdf
DLT1589,DLT 1589-2016 湿式电除尘技术规范,粉尘防爆,.rar,111111\DLT 1589-2016 湿式电除尘技术规范.rar
DLT1589,DLT 1589-2016 湿式电除尘技术规范,粉尘防爆,.pdf,法律标准\标准\设备设施\除尘器\DLT 1589-2016 湿式电除尘技术规范.pdf
DLT514,DLT 514-1993 燃煤电厂电除尘器,粉尘防爆,.pdf,法律标准\标准\设备设施\除尘器\DLT 514-1993 燃煤电厂电除尘器.pdf
DLT5203,DLT 5203-2005 火力发电厂煤和制粉系统防爆设计技术规程,粉尘防爆,.rar,标准123\DLT 5203-2005 火力发电厂煤和制粉系统防爆设计技术规程.rar
DLT5203,DLT 5203-2005 火力发电厂煤和制粉系统防爆设计技术规程,粉尘防爆,.pdf,标准123\DLT 5203-2005 火力发电厂煤和制粉系统防爆设计技术规程\DLT 5203-2005 火力发电厂煤和制粉系统防爆设计技术规程.pdf
DL_T2373,DL_T 2373-2021 火电厂湿式电除尘器技术监督导则,粉尘防爆,.pdf,石膏机械\DL_T 2373-2021 火电厂湿式电除尘器技术监督导则.pdf
DL∕T461,DL∕T 461-2019 燃煤电厂电除尘器运行维护导则,粉尘防爆,.pdf,石膏机械\DL∕T 461-2019 燃煤电厂电除尘器运行维护导则.pdf
DL∕T514,DL∕T 514-2017 电除尘器,粉尘防爆,.pdf,石膏机械\DL∕T 514-2017 电除尘器.pdf
GA∕T1707,GA∕T 1707-2020 防爆安全门,粉尘防爆,.pdf,安全标准\GA∕T 1707-2020 防爆安全门.pdf
GB-15577,GB-15577-2018《粉尘防爆安全规程》,粉尘防爆,.pdf,111111\隐患排查依据文本（一）\隐患排查依据文本（一）\法规\GB-15577-2018《粉尘防爆安全规程》.pdf
GB-15577,GB-15577-2018《粉尘防爆安全规程》,粉尘防爆,.pdf,安全标准\GB-15577-2018《粉尘防爆安全规程》.pdf
GB-15577,GB-15577-2018《粉尘防爆安全规程》,粉尘防爆,.pdf,法律标准\标准\饲料\GB-15577-2018《粉尘防爆安全规程》.pdf
GB12138,GB12138-89 袋式除尘器性能测试方法,粉尘防爆,.pdf,法律标准\标准\设备设施\除尘器\GB12138-89 袋式除尘器性能测试方法.pdf
GB15577,17-GB 15577-2018-粉尘防爆安全规程(附符合性评价表),粉尘防爆,.doc,法律标准\标准\饲料\17-GB 15577-2018-粉尘防爆安全规程(附符合性评价表).doc
GB15577,17-GB 15577-2018-粉尘防爆安全规程(附符合性评价表),粉尘防爆,.docx,法律标准\标准\饲料\17-GB 15577-2018-粉尘防爆安全规程(附符合性评价表).docx
GB15577,18-GB 15577-2018-粉尘防爆安全规程,粉尘防爆,.doc,法律标准\标准\饲料\18-GB 15577-2018-粉尘防爆安全规程.doc
GB15577,18-GB 15577-2018-粉尘防爆安全规程,粉尘防爆,.docx,法律标准\标准\饲料\18-GB 15577-2018-粉尘防爆安全规程.docx
GB15577,GB 15577-2007 粉尘防爆安全规程,粉尘防爆,.pdf,法律标准\标准\爆炸\GB 15577-2007 粉尘防爆安全规程.pdf
GB15577,GB 15577-2007 粉尘防爆安全规程,粉尘防爆,.pdf,法律标准\标准\纺织机械\GB 15577-2007 粉尘防爆安全规程.pdf
GB15577,GB 15577-2007 粉尘防爆安全规程,粉尘防爆,.pdf,法律标准\标准\设备设施\其他\GB 15577-2007 粉尘防爆安全规程.pdf
GB15577,GB 15577-2007《粉尘防爆安全规程》,粉尘防爆,.doc,法律标准\标准\木材加工\GB 15577-2007《粉尘防爆安全规程》.doc
GB15577,GB 15577-2007《粉尘防爆安全规程》,粉尘防爆,.docx,法律标准\标准\木材加工\GB 15577-2007《粉尘防爆安全规程》.docx
GB15577,GB 15577-2018 粉尘防爆安全规程,粉尘防爆,.pdf,111111\GB 15577-2018 粉尘防爆安全规程.pdf
GB15577,GB 15577-2018 粉尘防爆安全规程,粉尘防爆,.xdf,法律标准\标准\爆炸\GB 15577-2018 粉尘防爆安全规程.xdf
GB15605,GB 15605-2024 粉尘爆炸泄压规范,粉尘防爆,.pdf,安全标准\GB 15605-2024 粉尘爆炸泄压规范.pdf
GB17269,GB 17269-2003 铝镁粉加工粉尘防爆安全规程,粉尘防爆,.pdf,法律标准\标准\爆炸\GB 17269-2003 铝镁粉加工粉尘防爆安全规程.pdf
GB17440,GB 17440-2008 粮食加工、储运系统粉尘防爆安全规程,粉尘防爆,.pdf,111111\隐患排查依据文本（一）\隐患排查依据文本（一）\法规\GB 17440-2008 粮食加工、储运系统粉尘防爆安全规程.pdf
GB17440,GB 17440-2008 粮食加工、储运系统粉尘防爆安全规程,粉尘防爆,.pdf,法律标准\标准\爆炸\GB 17440-2008 粮食加工、储运系统粉尘防爆安全规程.pdf
GB17440,GB 17440-2008 粮食加工、储运系统粉尘防爆安全规程,粉尘防爆,.pdf,粮食加工\GB 17440-2008 粮食加工、储运系统粉尘防爆安全规程.pdf
GB17440,GB 17440-2025 粮食加工、储运系统粉尘防爆安全规范,粉尘防爆,.pdf,安全标准\GB 17440-2025 粮食加工、储运系统粉尘防爆安全规范.pdf
GB19081,14-GB 19081-2008 饲料加工系统粉尘防爆安全规程,粉尘防爆,.docx,法律标准\标准\饲料\14-GB 19081-2008 饲料加工系统粉尘防爆安全规程.docx
GB19081,GB 19081-2008 饲料加工系统粉尘防爆安全规程,粉尘防爆,.pdf,111111\隐患排查依据文本（一）\隐患排查依据文本（一）\法规\GB 19081-2008 饲料加工系统粉尘防爆安全规程.pdf
GB19081,GB 19081-2008 饲料加工系统粉尘防爆安全规程,粉尘防爆,.pdf,111111\饲料加工\饲料加工\GB 19081-2008 饲料加工系统粉尘防爆安全规程.pdf
GB19081,GB 19081-2008 饲料加工系统粉尘防爆安全规程,粉尘防爆,.pdf,法律标准\标准\饲料\GB 19081-2008 饲料加工系统粉尘防爆安全规程.pdf
GB19081,GB 19081-2008 饲料加工系统粉尘防爆安全规程,粉尘防爆,.pdf,饲料加工\GB 19081-2008 饲料加工系统粉尘防爆安全规程.pdf
GB19881,GB 19881-2005 亚麻纤维加工系统粉尘防爆安全规程,粉尘防爆,.pdf,法律标准\标准\爆炸\GB 19881-2005 亚麻纤维加工系统粉尘防爆安全规程.pdf
GB22380.1,GB 22380.1-2008 燃油加油站防爆安全技术 第1部分：燃油加油机防爆安全技术要求,粉尘防爆,.pdf,法律标准\标准\设备设施\加油机\GB 22380.1-2008 燃油加油站防爆安全技术 第1部分：燃油加油机防爆安全技术要求.pdf
GB22380.1,GB 22380.1-2008 燃油加油站防爆安全技术 第1部分：燃油加油机防爆安全技术要求,粉尘防爆,.rar,法律标准\标准\设备设施\加油机\加油机防爆\GB 22380.1-2008 燃油加油站防爆安全技术 第1部分：燃油加油机防爆安全技术要求.rar
GB22380.2,GB 22380.2-2010 燃油加油站防爆安全技术 第2部分：加油机用安全拉断阀结构和性能的安全要求,粉尘防爆,.pdf,法律标准\标准\爆炸\GB 22380.2-2010 燃油加油站防爆安全技术 第2部分：加油机用安全拉断阀结构和性能的安全要求.pdf
GB22380.2,ZBGB标准下载网-GB 22380.2-2010 燃油加油站防爆安全技术 第2部分：加油机用安全拉断阀结构和性能的安全要求.pdf,粉尘防爆,.pdf,法律标准\标准\设备设施\加油机\加油机防爆\ZBGB标准下载网-GB 22380.2-2010 燃油加油站防爆安全技术 第2部分：加油机用安全拉断阀结构和性能的安全要求.pdf.pdf
GB22380.3,GB 22380.3-2010 燃油加油站防爆安全技术 第3部分：剪切阀结构和性能的安全要求,粉尘防爆,.pdf,法律标准\标准\爆炸\GB 22380.3-2010 燃油加油站防爆安全技术 第3部分：剪切阀结构和性能的安全要求.pdf
GB22380.3,GB 22380.3-2010 燃油加油站防爆安全技术 第3部分：剪切阀结构和性能的安全要求,粉尘防爆,.pdf,法律标准\标准\设备设施\加油机\GB 22380.3-2010 燃油加油站防爆安全技术 第3部分：剪切阀结构和性能的安全要求.pdf
GB22380.3,GB 22380.3-2010 燃油加油站防爆安全技术 第3部分：剪切阀结构和性能的安全要求,粉尘防爆,.rar,法律标准\标准\设备设施\加油机\加油机防爆\GB 22380.3-2010 燃油加油站防爆安全技术 第3部分：剪切阀结构和性能的安全要求.rar
GB32276,GB 32276-2015 纺织工业粉尘防爆安全规程,粉尘防爆,.pdf,法律标准\标准\纺织机械\GB 32276-2015 纺织工业粉尘防爆安全规程.pdf
GB37521.1,GB 37521.1-2019 重点场所防爆炸安全检查 第1部分：基础条件,粉尘防爆,.xdf,法律标准\标准\爆炸\GB 37521.1-2019 重点场所防爆炸安全检查 第1部分：基础条件.xdf
GB46031,GB46031-2025可燃粉尘工艺系统防爆技术规范,粉尘防爆,.pdf,安全标准\GB46031-2025可燃粉尘工艺系统防爆技术规范.pdf
GB46031,《 可燃粉尘工艺系统防爆技术规范》（GB 46031-2025）,粉尘防爆,.pdf,安全标准\《 可燃粉尘工艺系统防爆技术规范》（GB 46031-2025）.pdf
GB50566,GB 50566-2010 冶金除尘设备工程安装与质量验收规范,粉尘防爆,.pdf,法律标准\标准\设备设施\除尘器\GB 50566-2010 冶金除尘设备工程安装与质量验收规范.pdf
GB50566,GB 50566-2010冶金除尘设备工程安装与质量验收规范,粉尘防爆,.pdf,新标准\冶金首鼎标准\GB 50566-2010冶金除尘设备工程安装与质量验收规范.pdf
GBT15605,GBT 15605-1995 粉尘爆炸泄压指南,粉尘防爆,.rar,法律标准\标准\GBT 15605-1995 粉尘爆炸泄压指南.rar
GBT15605,GBT 15605-2008 粉尘爆炸泄压指南,粉尘防爆,.pdf,111111\隐患排查依据文本（一）\隐患排查依据文本（一）\法规\GBT 15605-2008 粉尘爆炸泄压指南.pdf
GBT15605,GBT 15605-2008 粉尘爆炸泄压指南,粉尘防爆,.pdf,法律标准\标准\爆炸\GBT 15605-2008 粉尘爆炸泄压指南.pdf
GBT15605,GBT 15605-2008 粉尘爆炸泄压指南,粉尘防爆,.xdf,法律标准\标准\爆炸\GBT 15605-2008 粉尘爆炸泄压指南.xdf
GBT16426,GBT 16426-1996 粉尘云最大爆炸压力和最大压力上升速率测定方法,粉尘防爆,.pdf,法律标准\标准\GBT 16426-1996 粉尘云最大爆炸压力和最大压力上升速率测定方法.pdf
GBT17919,16-GBT 17919-2008 粉尘爆炸危险场所用收尘器防爆导则,粉尘防爆,.docx,法律标准\标准\饲料\16-GBT 17919-2008 粉尘爆炸危险场所用收尘器防爆导则.docx
GBT17919,GBT 17919-2008 粉尘爆炸危险场所用收尘器防爆导则,粉尘防爆,.pdf,111111\隐患排查依据文本（一）\隐患排查依据文本（一）\法规\GBT 17919-2008 粉尘爆炸危险场所用收尘器防爆导则.pdf
GBT17919,GBT 17919-2008 粉尘爆炸危险场所用收尘器防爆导则,粉尘防爆,.pdf,安全标准\GBT 17919-2008 粉尘爆炸危险场所用收尘器防爆导则.pdf
GBT17919,GBT 17919-2008 粉尘爆炸危险场所用收尘器防爆导则,粉尘防爆,.pdf,法律标准\标准\新建文件夹2\GBT 17919-2008 粉尘爆炸危险场所用收尘器防爆导则.pdf
GBT17919,GBT 17919-2008 粉尘爆炸危险场所用收尘器防爆导则,粉尘防爆,.rar,法律标准\标准\新建文件夹2\GBT 17919-2008 粉尘爆炸危险场所用收尘器防爆导则.rar
GBT17919,GBT 17919-2009 粉尘爆炸危险场所用收尘器防爆导则,粉尘防爆,.doc,安全标准\GBT 17919-2009 粉尘爆炸危险场所用收尘器防爆导则.doc
GBT17919,GBT 17919-2009 粉尘爆炸危险场所用收尘器防爆导则,粉尘防爆,.docx,安全标准\GBT 17919-2009 粉尘爆炸危险场所用收尘器防爆导则.docx
GBT17919,GBT 17919-2009 粉尘爆炸危险场所用收尘器防爆导则,粉尘防爆,.doc,法律标准\标准\爆炸\GBT 17919-2009 粉尘爆炸危险场所用收尘器防爆导则.doc
GBT17919,GBT 17919-2009 粉尘爆炸危险场所用收尘器防爆导则,粉尘防爆,.docx,法律标准\标准\爆炸\GBT 17919-2009 粉尘爆炸危险场所用收尘器防爆导则.docx
GBT17919,GBT 17919-2018粉尘爆炸危险场所用收尘器防爆导则,粉尘防爆,.xdf,法律标准\标准\爆炸\GBT 17919-2018粉尘爆炸危险场所用收尘器防爆导则.xdf
GBT22380.1,GBT 22380.1-2017 燃油加油站防爆安全技术 第1部分：燃油加油机防爆安全技术要求,粉尘防爆,.pdf,法律标准\标准\爆炸\GBT 22380.1-2017 燃油加油站防爆安全技术 第1部分：燃油加油机防爆安全技术要求.pdf
GBT29304,GBT 29304-2012 爆炸危险场所防爆安全导则,粉尘防爆,.rar,新标准\GBT 29304-2012 爆炸危险场所防爆安全导则.rar
GBT29304,GBT 29304-2012 爆炸危险场所防爆安全导则,粉尘防爆,.pdf,新标准\GBT 29304-2012 爆炸危险场所防爆安全导则\GBT 29304-2012 爆炸危险场所防爆安全导则.pdf
GBT29304,GBT 29304-2012 爆炸危险场所防爆安全导则  .,粉尘防爆,.xdf,法律标准\标准\爆炸\GBT 29304-2012 爆炸危险场所防爆安全导则  ..xdf
GBT32155,GBT 32155-2015 袋式除尘系统装置通用技术条件,粉尘防爆,.pdf,法律标准\标准\设备设施\除尘器\GBT 32155-2015 袋式除尘系统装置通用技术条件.pdf
GBT33017.2,GBT 33017.2-2016 高效能大气污染物控制装备评价技术要求 第2部分：电除尘器,粉尘防爆,.pdf,法律标准\标准\设备设施\除尘器\GBT 33017.2-2016 高效能大气污染物控制装备评价技术要求 第2部分：电除尘器.pdf
GBT33017.3,GBT 33017.3-2016 高效能大气污染物控制装备评价技术要求 第3部分：袋式除尘器,粉尘防爆,.pdf,法律标准\标准\设备设施\除尘器\GBT 33017.3-2016 高效能大气污染物控制装备评价技术要求 第3部分：袋式除尘器.pdf
GBT33017.4,GBT 33017.4-2016 高效能大气污染物控制装备评价技术要求 第4部分：电袋复合除尘器,粉尘防爆,.pdf,法律标准\标准\设备设施\除尘器\GBT 33017.4-2016 高效能大气污染物控制装备评价技术要求 第4部分：电袋复合除尘器.pdf
GBT34661,GBT 34661-2017 油气回收系统防爆技术要求,粉尘防爆,.pdf,法律标准\标准\爆炸\GBT 34661-2017 油气回收系统防爆技术要求.pdf
GBT37521.2,GBT 37521.2-2019重点场所防爆炸安全检查 第2部分：能力评估 标准,粉尘防爆,.xdf,法律标准\标准\爆炸\GBT 37521.2-2019重点场所防爆炸安全检查 第2部分：能力评估 标准.xdf
GBT37521.3,GBT 37521.3-2019  重点场所防爆炸安全检查 第3部分：规程,粉尘防爆,.xdf,法律标准\标准\爆炸\GBT 37521.3-2019  重点场所防爆炸安全检查 第3部分：规程.xdf
GBT5817,GBT 5817-2009 粉尘作业场所危害程度分级,粉尘防爆,.pdf,法律标准\标准\职业卫生\GBT 5817-2009 粉尘作业场所危害程度分级.pdf
GBT6719,GBT 6719-2009 袋式除尘器技术要求,粉尘防爆,.pdf,法律标准\标准\设备设施\除尘器\GBT 6719-2009 袋式除尘器技术要求.pdf
GBZT192.1,GBZT 192.1-2007 工作场所空气中粉尘测定第1部分：总粉尘浓度,粉尘防爆,.pdf,法律标准\标准\职业卫生\GBZT 192.1-2007 工作场所空气中粉尘测定第1部分：总粉尘浓度.pdf
GBZT192.2,GBZT 192.2-2007 工作场所空气中粉尘测定第2部分：呼吸性粉尘浓度,粉尘防爆,.pdf,法律标准\标准\职业卫生\GBZT 192.2-2007 工作场所空气中粉尘测定第2部分：呼吸性粉尘浓度.pdf
GBZT192.3,GBZT 192.3-2007 工作场所空气中粉尘测定第3部分：粉尘分散度,粉尘防爆,.pdf,法律标准\标准\职业卫生\GBZT 192.3-2007 工作场所空气中粉尘测定第3部分：粉尘分散度.pdf
GBZT192.4,GBZT 192.4-2007 工作场所空气中粉尘测定：游离二氧化硅,粉尘防爆,.pdf,法律标准\标准\职业卫生\GBZT 192.4-2007 工作场所空气中粉尘测定：游离二氧化硅.pdf
GBZT192.5,GBZT 192.5-2007 工作场所空气中粉尘测定：石棉,粉尘防爆,.pdf,法律标准\标准\职业卫生\GBZT 192.5-2007 工作场所空气中粉尘测定：石棉.pdf
GBZT210.2,GBZT 210.2-2008 职业卫生标准制定指南 第2部分：工作场所粉尘职业接触限值,粉尘防爆,.pdf,法律标准\标准\职业卫生\GBZT 210.2-2008 职业卫生标准制定指南 第2部分：工作场所粉尘职业接触限值.pdf
GBZT229.1,GBZT 229.1-2010 工作场所职业病危害作业分级 第1部分：生产性粉尘,粉尘防爆,.pdf,法律标准\标准\职业卫生\GBZT 229.1-2010 工作场所职业病危害作业分级 第1部分：生产性粉尘.pdf
GBZT340,GBZT 340—2025-工作场所粉尘危害预防控制指南,粉尘防爆,.pdf,安全标准\GBZT 340—2025-工作场所粉尘危害预防控制指南.pdf
GB_T3836.35,GB_T 3836.35-2021 爆炸性环境 第35部分：爆炸性粉尘环境场所分类,粉尘防爆,.pdf,新标准\GB_T 3836.35-2021 爆炸性环境 第35部分：爆炸性粉尘环境场所分类.pdf
GB_T40514,GB_T 40514-2021 电除尘器,粉尘防爆,.pdf,石膏机械\GB_T 40514-2021 电除尘器.pdf
GB∕T22380.1,GB∕T 22380.1-2017 燃油加油站防爆安全技术 第1部分：燃油加油机防爆安全技术要求,粉尘防爆,.rar,法律标准\标准\爆炸\GB∕T 22380.1-2017 燃油加油站防爆安全技术 第1部分：燃油加油机防爆安全技术要求.rar
GB∕T37241,GB∕T 37241-2018 惰化防爆指南,粉尘防爆,.pdf,法律标准\标准\爆破片\GB∕T 37241-2018 惰化防爆指南.pdf
GB∕T37521.3,GB∕T 37521.3-2019 重点场所防爆炸安全检查 第3部分：规程,粉尘防爆,.pdf,新标准\GB∕T 37521.3-2019 重点场所防爆炸安全检查 第3部分：规程.pdf
GB∕T38429.1,GB∕T 38429.1-2019 燃气加气站防爆安全技术 第1部分：液化石油气(LPG)加气机防爆要求,粉尘防爆,.pdf,新标准\新增\GB∕T 38429.1-2019 燃气加气站防爆安全技术 第1部分：液化石油气(LPG)加气机防爆要求.pdf
GB∕T38429.2,GB∕T 38429.2-2019 燃气加气站防爆安全技术 第2部分：与液化石油气(LPG)有关的防爆部件和安装要求,粉尘防爆,.pdf,新标准\新增\GB∕T 38429.2-2019 燃气加气站防爆安全技术 第2部分：与液化石油气(LPG)有关的防爆部件和安装要求.pdf
HJ2012,HJ 2012-2012 垃圾焚烧袋式除尘工程技术规范,粉尘防爆,.rar,垃圾焚烧\垃圾发电补充1\HJ 2012-2012 垃圾焚烧袋式除尘工程技术规范.rar
HJ2012,HJ 2012-2012 垃圾焚烧袋式除尘工程技术规范,粉尘防爆,.xdf,法律标准\标准\垃圾\HJ 2012-2012 垃圾焚烧袋式除尘工程技术规范.xdf
HJ2020,HJ 2020-2012 袋式除尘工程通用技术规范,粉尘防爆,.pdf,法律标准\标准\设备设施\除尘器\HJ 2020-2012 袋式除尘工程通用技术规范.pdf
HJ2020,袋式除尘工程通用技术规范(HJ 2020-2012),粉尘防爆,.pdf,111111\袋式除尘工程通用技术规范(HJ 2020-2012).pdf
HJ2028,HJ 2028－2013 电除尘工程通用技术规范,粉尘防爆,.pdf,法律标准\标准\设备设施\除尘器\HJ 2028－2013 电除尘工程通用技术规范.pdf
HJ2529,HJ 2529-2012 环境保护产品技术要求 电袋复合除尘器,粉尘防爆,.pdf,法律标准\标准\设备设施\除尘器\HJ 2529-2012 环境保护产品技术要求 电袋复合除尘器.pdf
HJ2529,环境保护产品技术要求 电袋复合除尘器（HJ2529-2012）,粉尘防爆,.pdf,法律标准\标准\设备设施\除尘器\环境保护产品技术要求 电袋复合除尘器（HJ2529-2012）.pdf
HJT285,HJT 285-2006 环境保护产品技术要求 工业粉尘湿式除尘装置,粉尘防爆,.pdf,法律标准\标准\设备设施\除尘器\HJT 285-2006 环境保护产品技术要求 工业粉尘湿式除尘装置.pdf
HJ_T322,环境保护产品技术要求电除尘器（HJ_T 322-2006 ）,粉尘防爆,.pdf,法律标准\标准\设备设施\除尘器\环境保护产品技术要求电除尘器（HJ_T 322-2006 ）.pdf
HJ_T328,环境保护产品技术要求脉冲喷吹类袋式除尘器（HJ_T 328-2006 ）,粉尘防爆,.pdf,法律标准\标准\设备设施\除尘器\环境保护产品技术要求脉冲喷吹类袋式除尘器（HJ_T 328-2006 ）.pdf
HJ_T329,环境保护产品技术要求回转反吹袋式除尘器（HJ_T 329-2006 ）,粉尘防爆,.pdf,法律标准\标准\设备设施\除尘器\环境保护产品技术要求回转反吹袋式除尘器（HJ_T 329-2006 ）.pdf
HJ_T330,环境保护产品技术要求分室反吹类袋式除尘器（HJ_T 330-2006 ）,粉尘防爆,.pdf,法律标准\标准\设备设施\除尘器\环境保护产品技术要求分室反吹类袋式除尘器（HJ_T 330-2006 ）.pdf
HJ_T387,环境保护产品技术要求工业废气吸收净化装置（HJ_T 387-2007）,粉尘防爆,.pdf,法律标准\标准\设备设施\除尘器\环境保护产品技术要求工业废气吸收净化装置（HJ_T 387-2007）.pdf
JB8532,JB 8532-2008-T 脉冲喷吹类袋式除尘器,粉尘防爆,.pdf,法律标准\标准\设备设施\除尘器\JB 8532-2008-T 脉冲喷吹类袋式除尘器.pdf
JB8536,JB 8536-2010 电除尘器 机械安装技术条件,粉尘防爆,.pdf,法律标准\标准\设备设施\除尘器\JB 8536-2010 电除尘器 机械安装技术条件.pdf
JBT-8471,JBT-8471-2010-袋式除尘器-安装技术要求与验收规范,粉尘防爆,.pdf,法律标准\标准\设备设施\除尘器\JBT-8471-2010-袋式除尘器-安装技术要求与验收规范.pdf
JBT10191,JBT 10191-2010 袋式除尘器 安全要求脉冲喷吹类袋式除尘器用分气箱,粉尘防爆,.pdf,法律标准\标准\设备设施\除尘器\JBT 10191-2010 袋式除尘器 安全要求脉冲喷吹类袋式除尘器用分气箱.pdf
JBT10341,JBT 10341-2014  滤筒式除尘器,粉尘防爆,.pdf,法律标准\标准\设备设施\除尘器\JBT 10341-2014  滤筒式除尘器.pdf
JBT11638,JBT 11638-2013 湿式电除尘器,粉尘防爆,.pdf,法律标准\标准\设备设施\除尘器\JBT 11638-2013 湿式电除尘器.pdf
JBT12533,JBT 12533-2015 电袋复合除尘器用高压电源,粉尘防爆,.pdf,法律标准\标准\设备设施\除尘器\JBT 12533-2015 电袋复合除尘器用高压电源.pdf
JBT12541,JBT 12541-2015 移动板式电除尘器 安装技术条件,粉尘防爆,.pdf,法律标准\标准\设备设施\除尘器\JBT 12541-2015 移动板式电除尘器 安装技术条件.pdf
JBT13233,JBT 13233-2017 防爆罗茨鼓风机,粉尘防爆,.xdf,法律标准\标准\爆炸\JBT 13233-2017 防爆罗茨鼓风机.xdf
JBT20108,JBT 20108-2007 药用脉冲式布袋除尘器,粉尘防爆,.pdf,法律标准\标准\设备设施\除尘器\JBT 20108-2007 药用脉冲式布袋除尘器.pdf
JBT4262,JBT 4262-1992 防爆电器用橡套电缆引入装置,粉尘防爆,.xdf,法律标准\标准\爆炸\JBT 4262-1992 防爆电器用橡套电缆引入装置.xdf
JBT5910,JBT 5910-2013 电除尘器,粉尘防爆,.pdf,法律标准\标准\设备设施\除尘器\JBT 5910-2013 电除尘器.pdf
JBT5910,JBT 5910-2013 电除尘器,粉尘防爆,.rar,石膏机械\JBT 5910-2013 电除尘器.rar
JBT5910,JBT 5910-2013 电除尘器,粉尘防爆,.pdf,石膏机械\JBT 5910-2013 电除尘器\JBT 5910-2013 电除尘器.pdf
JBT5917,JBT 5917-2013 袋式除尘器用滤袋框架,粉尘防爆,.pdf,新标准\冶金首鼎标准\JBT 5917-2013 袋式除尘器用滤袋框架.pdf
JBT5917,JBT 5917-2013 袋式除尘器用滤袋框架,粉尘防爆,.rar,新标准\冶金首鼎标准\JBT 5917-2013 袋式除尘器用滤袋框架.rar
JBT8532,JBT 8532-2008 脉冲喷吹类袋式除尘器,粉尘防爆,.pdf,法律标准\标准\设备设施\除尘器\JBT 8532-2008 脉冲喷吹类袋式除尘器.pdf
JBT8533,JBT 8533-2010 回转反吹类袋式除尘器,粉尘防爆,.pdf,法律标准\标准\设备设施\除尘器\JBT 8533-2010 回转反吹类袋式除尘器.pdf
JBT8534,JBT 8534-2010 内滤分室反吹类袋式除尘器,粉尘防爆,.pdf,法律标准\标准\设备设施\除尘器\JBT 8534-2010 内滤分室反吹类袋式除尘器.pdf
JBT9054,JBT 9054-2000 离心式除尘器,粉尘防爆,.pdf,法律标准\标准\设备设施\除尘器\JBT 9054-2000 离心式除尘器.pdf
JB_T12124,JB_T 12124-2015 电除尘器用煤气安全泄爆阀,粉尘防爆,.xdf,法律标准\标准\爆炸\JB_T 12124-2015 电除尘器用煤气安全泄爆阀.xdf
JB∕T6407,JB∕T 6407-2017 电除尘器设计、调试、运行、维护安全技术规范,粉尘防爆,.pdf,石膏机械\JB∕T 6407-2017 电除尘器设计、调试、运行、维护安全技术规范.pdf
JB∕T8471,JB∕T 8471-2020 袋式除尘器 安装技术要求与验收规范,粉尘防爆,.pdf,新标准\冶金首鼎标准\JB∕T 8471-2020 袋式除尘器 安装技术要求与验收规范.pdf
LY_T3302,LY_T 3302-2022 人造板生产木粉尘燃爆防控技术规范,粉尘防爆,.pdf,安全标准\LY_T 3302-2022 人造板生产木粉尘燃爆防控技术规范.pdf
MT-T714,MT-T 714-1997; 煤粉生产防爆安全技术规范,粉尘防爆,.xdf,法律标准\标准\水泥\MT-T 714-1997; 煤粉生产防爆安全技术规范.xdf
MTT714,MTT 714-1997 煤粉生产防爆安全技术规范,粉尘防爆,.pdf,111111\隐患排查依据文本（一）\隐患排查依据文本（一）\法规\MTT 714-1997 煤粉生产防爆安全技术规范.pdf
MTT714,MTT 714-1997 煤粉生产防爆安全技术规范,粉尘防爆,.pdf,法律标准\标准\爆炸\MTT 714-1997 煤粉生产防爆安全技术规范.pdf
,1,粉尘防爆,.jpg,法律标准\标准\设备设施\除尘器\GBT27869-2011 电袋复合除尘器\1.jpg
,1-饲料加工厂粉尘控制-讲义,粉尘防爆,.doc,新标准\饲料标准\1-饲料加工厂粉尘控制-讲义.doc
,1-饲料加工厂粉尘控制-讲义,粉尘防爆,.docx,新标准\饲料标准\1-饲料加工厂粉尘控制-讲义.docx
,10,粉尘防爆,.jpg,法律标准\标准\设备设施\除尘器\GBT27869-2011 电袋复合除尘器\10.jpg
,10-工贸行业可燃性粉尘作业场所工艺设施防爆技术指南,粉尘防爆,.docx,新标准\木工标准\10-工贸行业可燃性粉尘作业场所工艺设施防爆技术指南.docx
,10-应急管理部第6号令工贸企业粉尘防爆安全规定,粉尘防爆,.docx,111111\隐患排查依据文本（一）\隐患排查依据文本（一）\法规\10-应急管理部第6号令工贸企业粉尘防爆安全规定.docx
,10-应急管理部第6号令工贸企业粉尘防爆安全规定,粉尘防爆,.docx,法律标准\标准\饲料\10-应急管理部第6号令工贸企业粉尘防爆安全规定.docx
,11,粉尘防爆,.jpg,法律标准\标准\设备设施\除尘器\GBT27869-2011 电袋复合除尘器\11.jpg
,11-工贸行业重点可燃性粉尘目录(2015版),粉尘防爆,.doc,法律标准\标准\饲料\11-工贸行业重点可燃性粉尘目录(2015版).doc
,11-工贸行业重点可燃性粉尘目录(2015版),粉尘防爆,.docx,法律标准\标准\饲料\11-工贸行业重点可燃性粉尘目录(2015版).docx
,12-工贸行业可燃性粉尘作业场所-工艺设施防爆技术指南(试行),粉尘防爆,.doc,法律标准\标准\饲料\12-工贸行业可燃性粉尘作业场所-工艺设施防爆技术指南(试行).doc
,12-工贸行业可燃性粉尘作业场所-工艺设施防爆技术指南(试行),粉尘防爆,.docx,法律标准\标准\饲料\12-工贸行业可燃性粉尘作业场所-工艺设施防爆技术指南(试行).docx
,2,粉尘防爆,.jpg,法律标准\标准\设备设施\除尘器\GBT27869-2011 电袋复合除尘器\2.jpg
,2008粉尘爆炸泄压指南,粉尘防爆,.doc,新标准\饲料标准\2008粉尘爆炸泄压指南.doc
,2008粉尘爆炸泄压指南,粉尘防爆,.docx,新标准\饲料标准\2008粉尘爆炸泄压指南.docx
,20140807-饲料生产企业粉尘控制,粉尘防爆,.ppt,新标准\饲料标准\20140807-饲料生产企业粉尘控制.ppt
,2023可燃粉尘工艺系统防爆技术规范-国标,粉尘防爆,.pdf,安全标准\2023可燃粉尘工艺系统防爆技术规范-国标.pdf
,3,粉尘防爆,.jpg,法律标准\标准\设备设施\除尘器\GBT27869-2011 电袋复合除尘器\3.jpg
,4,粉尘防爆,.jpg,法律标准\标准\设备设施\除尘器\GBT27869-2011 电袋复合除尘器\4.jpg
,5,粉尘防爆,.jpg,法律标准\标准\设备设施\除尘器\GBT27869-2011 电袋复合除尘器\5.jpg
,6,粉尘防爆,.jpg,法律标准\标准\设备设施\除尘器\GBT27869-2011 电袋复合除尘器\6.jpg
,7,粉尘防爆,.jpg,法律标准\标准\设备设施\除尘器\GBT27869-2011 电袋复合除尘器\7.jpg
,8,粉尘防爆,.jpg,法律标准\标准\设备设施\除尘器\GBT27869-2011 电袋复合除尘器\8.jpg
,9,粉尘防爆,.jpg,法律标准\标准\设备设施\除尘器\GBT27869-2011 电袋复合除尘器\9.jpg
,DL T 5203-2005  火力发电厂煤和制粉系统防爆设计技术规程,粉尘防爆,.xdf,法律标准\标准\爆炸\DL T 5203-2005  火力发电厂煤和制粉系统防爆设计技术规程.xdf
,GB+17440-2025粮食加工、储运系统粉尘防爆安全规范,粉尘防爆,.pdf,安全标准\GB+17440-2025粮食加工、储运系统粉尘防爆安全规范.pdf
,GB+17919-2025可燃性粉尘除尘系统防爆安全规范,粉尘防爆,.pdf,安全标准\GB+17919-2025可燃性粉尘除尘系统防爆安全规范.pdf
,GB+18154-2025可燃性粉尘抑爆安全规范,粉尘防爆,.pdf,安全标准\GB+18154-2025可燃性粉尘抑爆安全规范.pdf
,GB+19081-2025饲料加工系统粉尘防爆安全规范,粉尘防爆,.docx,安全标准\GB+19081-2025饲料加工系统粉尘防爆安全规范.docx
,GB+19081-2025饲料加工系统粉尘防爆安全规范,粉尘防爆,.pdf,安全标准\GB+19081-2025饲料加工系统粉尘防爆安全规范.pdf
,GB+19881-2005亚麻纤维加工系统粉尘防爆安全规程,粉尘防爆,.pdf,安全标准\GB+19881-2005亚麻纤维加工系统粉尘防爆安全规程.pdf
,GB+32276-2025纺织工业粉尘防爆安全规范,粉尘防爆,.pdf,安全标准\GB+32276-2025纺织工业粉尘防爆安全规范.pdf
,GB+37241-2025可燃性粉尘惰化安全规范,粉尘防爆,.pdf,安全标准\GB+37241-2025可燃性粉尘惰化安全规范.pdf
,GB+46031-2025可燃粉尘工艺系统防爆技术规范,粉尘防爆,.pdf,安全标准\GB+46031-2025可燃粉尘工艺系统防爆技术规范.pdf
,GB+46770-2025可燃性粉尘隔爆安全规范,粉尘防爆,.pdf,安全标准\GB+46770-2025可燃性粉尘隔爆安全规范.pdf
,GBT+16425-2025可燃性粉尘爆炸风险评估及特性参数测定方法,粉尘防爆,.pdf,安全标准\2025\GBT+16425-2025可燃性粉尘爆炸风险评估及特性参数测定方法.pdf
,JB T 10222-2011 防爆电动葫芦,粉尘防爆,.xdf,法律标准\标准\爆炸\JB T 10222-2011 防爆电动葫芦.xdf
,_可燃粉尘工艺系统防爆技术规范编制说明,粉尘防爆,.pdf,安全标准\_可燃粉尘工艺系统防爆技术规范编制说明.pdf
,《工贸行业重点可燃性粉尘目录（2015版）》,粉尘防爆,.doc,111111\《工贸行业重点可燃性粉尘目录（2015版）》.doc
,《工贸行业重点可燃性粉尘目录（2015版）》,粉尘防爆,.docx,111111\《工贸行业重点可燃性粉尘目录（2015版）》.docx
,严防企业粉尘爆炸五条规定,粉尘防爆,.docx,法律标准\法律法规\涉尘\严防企业粉尘爆炸五条规定.docx
,严防企业粉尘爆炸五条规定安监总办〔2014〕68号,粉尘防爆,.docx,法律标准\法律法规\严防企业粉尘爆炸五条规定安监总办〔2014〕68号.docx
,关于氨制冷机房是否防爆设计等问题的解答,粉尘防爆,.docx,法律标准\法律法规\燃气\文件-杂货铺\关于氨制冷机房是否防爆设计等问题的解答.docx
,冶金、水泥行业煤粉制备喷吹系统防爆安全规范,粉尘防爆,.pdf,111111\隐患排查依据文本（一）\隐患排查依据文本（一）\法规\冶金、水泥行业煤粉制备喷吹系统防爆安全规范.pdf
,冶金、水泥行业煤粉制备喷吹系统防爆安全规范,粉尘防爆,.pdf,水泥\冶金、水泥行业煤粉制备喷吹系统防爆安全规范.pdf
,冶金水泥行业煤粉制备喷吹系统防爆安全规范,粉尘防爆,.pdf,新标准\新增\冶金水泥行业煤粉制备喷吹系统防爆安全规范.pdf
,加强饲料厂粉尘控制-有效防止粉尘事故发生,粉尘防爆,.pdf,新标准\饲料标准\加强饲料厂粉尘控制-有效防止粉尘事故发生.pdf
,南通市木质粉尘企业中央除尘系统防爆技术基本要求(试行),粉尘防爆,.pdf,111111\南通市木质粉尘企业中央除尘系统防爆技术基本要求(试行).pdf
,可燃粉尘工艺系统防爆技术规范,粉尘防爆,.pdf,安全标准\可燃粉尘工艺系统防爆技术规范.pdf
,可燃粉尘目录2015,粉尘防爆,.doc,法律标准\标准\可燃粉尘目录2015.doc
,可燃粉尘目录2015,粉尘防爆,.docx,法律标准\标准\可燃粉尘目录2015.docx
,国家安全监管总局办公厅关于印发《工贸行业重点可燃性粉尘目录(2015版)》等的通知,粉尘防爆,.doc,111111\隐患排查依据文本（二）\隐患排查依据文本（二）\国家安全监管总局办公厅关于印发《工贸行业重点可燃性粉尘目录(2015版)》等的通知.doc
,国家安全监管总局办公厅关于印发《工贸行业重点可燃性粉尘目录(2015版)》等的通知,粉尘防爆,.docx,111111\隐患排查依据文本（二）\隐患排查依据文本（二）\国家安全监管总局办公厅关于印发《工贸行业重点可燃性粉尘目录(2015版)》等的通知.docx
,国家安全监管总局办公厅关于印发《工贸行业重点可燃性粉尘目录(2015版)》等的通知,粉尘防爆,.doc,新标准\木工标准\国家安全监管总局办公厅关于印发《工贸行业重点可燃性粉尘目录(2015版)》等的通知.doc
,国家安全监管总局办公厅关于印发《工贸行业重点可燃性粉尘目录(2015版)》等的通知,粉尘防爆,.docx,新标准\木工标准\国家安全监管总局办公厅关于印发《工贸行业重点可燃性粉尘目录(2015版)》等的通知.docx
,国家安全监管总局办公厅关于印发《工贸行业重点可燃性粉尘目录(2015版)》等的通知,粉尘防爆,.doc,法律标准\标准\爆炸\国家安全监管总局办公厅关于印发《工贸行业重点可燃性粉尘目录(2015版)》等的通知.doc
,国家安全监管总局办公厅关于印发《工贸行业重点可燃性粉尘目录(2015版)》等的通知,粉尘防爆,.docx,法律标准\标准\爆炸\国家安全监管总局办公厅关于印发《工贸行业重点可燃性粉尘目录(2015版)》等的通知.docx
,国家安全监管总局办公厅关于推广应用阻隔防爆技术有关问题的通知-安监总厅管三函[2009]231号,粉尘防爆,.docx,新标准\撬装\国家安全监管总局办公厅关于推广应用阻隔防爆技术有关问题的通知-安监总厅管三函[2009]231号.docx
,家具制造企业木质粉尘防爆 安全技术规范,粉尘防爆,.pdf,111111\家具制造企业木质粉尘防爆 安全技术规范.pdf
,工贸行业可燃性粉尘作业场所-工艺设施防爆技术指南(试行),粉尘防爆,.doc,法律标准\标准\纺织机械\工贸行业可燃性粉尘作业场所-工艺设施防爆技术指南(试行).doc
,工贸行业可燃性粉尘作业场所-工艺设施防爆技术指南(试行),粉尘防爆,.docx,法律标准\标准\纺织机械\工贸行业可燃性粉尘作业场所-工艺设施防爆技术指南(试行).docx
,工贸行业重大生产安全事故隐患判定标准粉尘防爆专项的十项重大事故隐患,粉尘防爆,.doc,法律标准\法律法规\隐患\工贸行业重大生产安全事故隐患判定标准粉尘防爆专项的十项重大事故隐患.doc
,工贸行业重大生产安全事故隐患判定标准粉尘防爆专项的十项重大事故隐患,粉尘防爆,.docx,法律标准\法律法规\隐患\工贸行业重大生产安全事故隐患判定标准粉尘防爆专项的十项重大事故隐患.docx
,工贸行业重点可燃性粉尘目录(2015版),粉尘防爆,.xdf,法律标准\标准\饲料\工贸行业重点可燃性粉尘目录(2015版).xdf
,市安全监管局关于印发天津市2018年工贸行业粉尘防爆专项整治实施方案的通知,粉尘防爆,.docx,法律标准\法律法规\培训\天津所用法规\天津政策\市安全监管局关于印发天津市2018年工贸行业粉尘防爆专项整治实施方案的通知.docx
,市安全监管局关于开展金属冶炼和涉爆粉尘企业专项检查的通知,粉尘防爆,.docx,法律标准\法律法规\培训\天津所用法规\天津政策\市安全监管局关于开展金属冶炼和涉爆粉尘企业专项检查的通知.docx
,市安全监管局转发国家安全监管总局办公厅关于明察暗访重庆市陕西省粉尘防爆专项整治工作情况通报的通知,粉尘防爆,.docx,法律标准\法律法规\培训\天津所用法规\天津政策\市安全监管局转发国家安全监管总局办公厅关于明察暗访重庆市陕西省粉尘防爆专项整治工作情况通报的通知.docx
,布袋除尘器培训材料,粉尘防爆,.ppt,法律标准\标准\设备设施\除尘器\参考\布袋除尘器培训材料.ppt
,布袋除尘器技术规范书第5版,粉尘防爆,.doc,法律标准\标准\设备设施\除尘器\参考\布袋除尘器技术规范书第5版.doc
,布袋除尘器技术规范书第5版,粉尘防爆,.docx,法律标准\标准\设备设施\除尘器\参考\布袋除尘器技术规范书第5版.docx
,布袋除尘器设计执行的技术标准,粉尘防爆,.doc,法律标准\标准\设备设施\除尘器\参考\布袋除尘器设计执行的技术标准.doc
,布袋除尘器设计执行的技术标准,粉尘防爆,.docx,法律标准\标准\设备设施\除尘器\参考\布袋除尘器设计执行的技术标准.docx
,布袋除尘器设计要点,粉尘防爆,.ppt,法律标准\标准\设备设施\除尘器\参考\布袋除尘器设计要点.ppt
,应急管理部第6号令工贸企业粉尘防爆安全规定,粉尘防爆,.pdf,法律标准\标准\饲料\应急管理部第6号令工贸企业粉尘防爆安全规定.pdf
,水泥企业袋式除尘器安全管理规范(核心内容),粉尘防爆,.doc,法律标准\标准\设备设施\除尘器\水泥企业袋式除尘器安全管理规范(核心内容).doc
,水泥企业袋式除尘器安全管理规范(核心内容),粉尘防爆,.docx,法律标准\标准\设备设施\除尘器\水泥企业袋式除尘器安全管理规范(核心内容).docx
,津安监管四粉尘防爆专项整治工作情况通报,粉尘防爆,.doc,法律标准\法律法规\天津法规\津安监管四粉尘防爆专项整治工作情况通报.doc
,津安监管四粉尘防爆专项整治工作情况通报,粉尘防爆,.docx,法律标准\法律法规\天津法规\津安监管四粉尘防爆专项整治工作情况通报.docx
,浙江省工贸企业粉尘防爆安全检查指导手册(第一版),粉尘防爆,.docx,爆炸\浙江省工贸企业粉尘防爆安全检查指导手册(第一版).docx
,浙江省工贸企业粉尘防爆安全检查指导手册(第一版),粉尘防爆,.pdf,爆炸\浙江省工贸企业粉尘防爆安全检查指导手册(第一版).pdf
,浙江省工贸企业粉尘防爆安全检查指导手册(第一版)(1)(1),粉尘防爆,.pdf,法律标准\标准\浙江省工贸企业粉尘防爆安全检查指导手册(第一版)(1)(1).pdf
,涉爆粉尘安全检查表,粉尘防爆,.docx,111111\隐患排查依据文本（二）\隐患排查依据文本（二）\专项检查表\涉爆粉尘安全检查表.docx
,火电厂除尘工程技术规范,粉尘防爆,.pdf,法律标准\标准\设备设施\除尘器\火电厂除尘工程技术规范.pdf
,燃油加油机安全防爆培训,粉尘防爆,.pps,法律标准\标准\新建文件夹\燃油加油机安全防爆培训.pps
,粉尘涉爆企业典型问题隐患图鉴,粉尘防爆,.pdf,111111\粉尘涉爆企业典型问题隐患图鉴.pdf
,粉尘涉爆企业执法检查表,粉尘防爆,.docx,111111\粉尘涉爆企业执法检查表.docx
,粉尘涉爆企业执法检查重点事项,粉尘防爆,.pptx,111111\粉尘涉爆企业执法检查重点事项.pptx
,粉尘涉爆企业检查表(家具厂),粉尘防爆,.doc,法律标准\标准\木材加工\粉尘涉爆企业检查表(家具厂).doc
,粉尘涉爆企业检查表(家具厂),粉尘防爆,.docx,法律标准\标准\木材加工\粉尘涉爆企业检查表(家具厂).docx
,粉尘爆炸事故案例分析-专家PPT幻灯片课件,粉尘防爆,.pptx,新标准\饲料标准\粉尘爆炸事故案例分析-专家PPT幻灯片课件.pptx
,粉尘爆炸危险区域的范围划分,粉尘防爆,.docx,爆炸资料\粉尘爆炸危险区域的范围划分.docx
,粉尘爆炸危险场所用收尘器防爆导则,粉尘防爆,.xdf,木加工\粉尘爆炸危险场所用收尘器防爆导则.xdf
,粉尘爆炸培训课件,粉尘防爆,.ppt,爆炸资料\粉尘爆炸培训课件.ppt
,粉尘爆炸应急演练方案,粉尘防爆,.docx,应急\2021.3.4应急演练、桌面演练、脚本、记录大全（500项）\2021.3.4应急演练、桌面演练、脚本、记录大全（500项）\应急演练方案、脚本、计划、总结大全\粉尘爆炸应急演练方案.docx
,粉尘防爆安全培训PPT演示课件,粉尘防爆,.pptx,爆炸资料\粉尘防爆安全培训PPT演示课件.pptx
,粉尘防爆安全技术标准与规程目录,粉尘防爆,.docx,法律标准\法律法规\涉尘\粉尘防爆安全技术标准与规程目录.docx
,粉尘防爆整治相关文件,粉尘防爆,.doc,法律标准\法律法规\涉尘\粉尘防爆整治相关文件.doc
,粉尘防爆整治相关文件,粉尘防爆,.docx,法律标准\法律法规\涉尘\粉尘防爆整治相关文件.docx
,粉尘防爆课件,粉尘防爆,.ppt,爆炸资料\粉尘防爆课件.ppt
,粮食粉尘危害培训资料,粉尘防爆,.ppt,新标准\饲料标准\粮食粉尘危害培训资料.ppt
,粮食粉尘防爆安全检查表(专业部分),粉尘防爆,.docx,粮食加工\粮食粉尘防爆安全检查表(专业部分).docx
,粮食粉尘防爆安全检查表专业部分,粉尘防爆,.docx,111111\粮食粉尘防爆安全检查表专业部分.docx
,防爆区域导管安装工艺,粉尘防爆,.doc,法律标准\标准\爆炸\防爆区域导管安装工艺.doc
,防爆区域导管安装工艺,粉尘防爆,.docx,法律标准\标准\爆炸\防爆区域导管安装工艺.docx
,防爆图鉴,粉尘防爆,.pdf,111111\防爆图鉴.pdf
,防爆电机基本知识完整详细版,粉尘防爆,.pdf,法律标准\标准\防爆电机基本知识完整详细版.pdf
,除尘器标准精选(最新),粉尘防爆,.pdf,法律标准\标准\设备设施\除尘器\参考\除尘器标准精选(最新).pdf
,除尘设备知识交流-脉冲布带式除尘器,粉尘防爆,.ppt,法律标准\标准\设备设施\除尘器\参考\除尘设备知识交流-脉冲布带式除尘器.ppt
,饲料加工企业粉尘防爆,粉尘防爆,.pptx,新标准\饲料标准\饲料加工企业粉尘防爆.pptx
,饲料加工场所粉尘爆炸的预防和防护,粉尘防爆,.pdf,新标准\饲料标准\饲料加工场所粉尘爆炸的预防和防护.pdf
,饲料加工粉尘爆炸预防和防护安全技术,粉尘防爆,.pptx,新标准\饲料标准\饲料加工粉尘爆炸预防和防护安全技术.pptx
,饲料加工粉尘防爆检查表--含制冷-速冻-重大-冷库-LNG - 副本,粉尘防爆,.docx,法律标准\标准\饲料\饲料加工粉尘防爆检查表--含制冷-速冻-重大-冷库-LNG - 副本.docx
,饲料加工系统粉尘防爆安全规范1,粉尘防爆,.docx,安全标准\饲料加工系统粉尘防爆安全规范1.docx
,饲料厂粉尘防控技术与防爆措施,粉尘防爆,.pdf,新标准\饲料标准\饲料厂粉尘防控技术与防爆措施.pdf
,（冀安委办〔2017〕82号）关于工贸行业粉尘防爆专项整治工作情况的通报,粉尘防爆,.doc,法律标准\法律法规\燃气\文件-杂货铺\（冀安委办〔2017〕82号）关于工贸行业粉尘防爆专项整治工作情况的通报.doc
,（冀安委办〔2017〕82号）关于工贸行业粉尘防爆专项整治工作情况的通报,粉尘防爆,.docx,法律标准\法律法规\燃气\文件-杂货铺\（冀安委办〔2017〕82号）关于工贸行业粉尘防爆专项整治工作情况的通报.docx
AQ-17,AQ-17-329 水泥生产企业建设项目职业病防护设施设计专篇编制细则,职业健康,.pdf,法律标准\标准\安全、职业卫生新规范\AQ-17-329 水泥生产企业建设项目职业病防护设施设计专篇编制细则.pdf
AQ2047,AQ 2047-2012 水泥工厂筒型储运库人工清库安全规程,职业健康,.pdf,法律标准\标准\安全、职业卫生新规范\AQ 2047-2012 水泥工厂筒型储运库人工清库安全规程.pdf
AQ2059,AQ 2059-2016 磷石膏库安全技术规程,职业健康,.pdf,法律标准\标准\安全、职业卫生新规范\AQ 2059-2016 磷石膏库安全技术规程.pdf
AQ3045,AQ 3045-2013 车用乙醇汽油储运安全规范,职业健康,.pdf,法律标准\标准\安全、职业卫生新规范\AQ 3045-2013 车用乙醇汽油储运安全规范.pdf
AQ4210,AQ 4210-2010 革类加工制造业防尘防毒技术规范,职业健康,.pdf,法律标准\标准\职业卫生\AQ 4210-2010 革类加工制造业防尘防毒技术规范.pdf
AQ4211,AQ 4211-2010 家具制造业防尘防毒技术规范,职业健康,.pdf,法律标准\标准\职业卫生\AQ 4211-2010 家具制造业防尘防毒技术规范.pdf
AQ4213,AQ 4213-2011 煤层气开采防尘防毒技术规范(非正式版),职业健康,.pdf,法律标准\标准\职业卫生\AQ 4213-2011 煤层气开采防尘防毒技术规范(非正式版).pdf
AQ4214,AQ 4214-2011 焊接工艺防尘防毒技术规范(非正式版),职业健康,.pdf,法律标准\标准\职业卫生\AQ 4214-2011 焊接工艺防尘防毒技术规范(非正式版).pdf
AQ4215,AQ 4215-2011 制革职业安全卫生规程(非正式版),职业健康,.pdf,法律标准\标准\职业卫生\AQ 4215-2011 制革职业安全卫生规程(非正式版).pdf
AQ4220,AQ 4220-2012 石材加工工业防尘技术规范,职业健康,.pdf,法律标准\标准\安全、职业卫生新规范\AQ 4220-2012 石材加工工业防尘技术规范.pdf
AQ4221,AQ 4221-2012 粮食加工防尘防毒技术规范,职业健康,.pdf,法律标准\标准\安全、职业卫生新规范\AQ 4221-2012 粮食加工防尘防毒技术规范.pdf
AQ4221,AQ 4221-2012 粮食加工防尘防毒技术规范,职业健康,.doc,法律标准\标准\职业卫生\AQ 4221-2012 粮食加工防尘防毒技术规范.doc
AQ4221,AQ 4221-2012 粮食加工防尘防毒技术规范,职业健康,.docx,法律标准\标准\职业卫生\AQ 4221-2012 粮食加工防尘防毒技术规范.docx
AQ4222,AQ 4222-2012 酒类生产企业防尘防毒技术要求,职业健康,.pdf,法律标准\标准\职业卫生\AQ 4222-2012 酒类生产企业防尘防毒技术要求.pdf
AQ4222,AQ 4222-2012 酒类生产企业防尘防毒技术规范,职业健康,.pdf,法律标准\标准\安全、职业卫生新规范\AQ 4222-2012 酒类生产企业防尘防毒技术规范.pdf
AQ4223,AQ 4223-2012 自来水生产供应企业防尘防毒技术规范,职业健康,.pdf,法律标准\标准\安全、职业卫生新规范\AQ 4223-2012 自来水生产供应企业防尘防毒技术规范.pdf
AQ4223,AQ 4223-2012 自来水生产工艺企业防尘防毒技术规范,职业健康,.pdf,法律标准\标准\职业卫生\AQ 4223-2012 自来水生产工艺企业防尘防毒技术规范.pdf
AQ4224,AQ 4224-2012 仓储业防尘防毒技术规范,职业健康,.pdf,法律标准\标准\安全、职业卫生新规范\AQ 4224-2012 仓储业防尘防毒技术规范.pdf
AQ4224,AQ 4224-2012 仓储业防尘防毒技术规范,职业健康,.pdf,法律标准\标准\职业卫生\AQ 4224-2012 仓储业防尘防毒技术规范.pdf
AQ4225,AQ 4225-2012 印刷企业防尘防毒技术规范,职业健康,.pdf,法律标准\标准\安全、职业卫生新规范\AQ 4225-2012 印刷企业防尘防毒技术规范.pdf
AQ4226,AQ 4226-2012 城镇燃气行业防尘防毒技术规范,职业健康,.pdf,法律标准\标准\安全、职业卫生新规范\AQ 4226-2012 城镇燃气行业防尘防毒技术规范.pdf
AQ4238,AQ 4238-2014 日用化学产品企业防尘防毒技术要求,职业健康,.pdf,法律标准\标准\职业卫生\AQ 4238-2014 日用化学产品企业防尘防毒技术要求.pdf
AQ4242,AQ 4242-2015 纺织业防尘防毒技术规范,职业健康,.doc,法律标准\标准\职业卫生\AQ 4242-2015 纺织业防尘防毒技术规范.doc
AQ4242,AQ 4242-2015 纺织业防尘防毒技术规范,职业健康,.docx,法律标准\标准\职业卫生\AQ 4242-2015 纺织业防尘防毒技术规范.docx
AQ4242,AQ 4242-2015 防治业防尘防毒技术规范,职业健康,.pdf,法律标准\标准\安全、职业卫生新规范\AQ 4242-2015 防治业防尘防毒技术规范.pdf
AQ4243,AQ 4243-2015 石棉生产企业防尘放毒技术规范,职业健康,.doc,法律标准\标准\职业卫生\AQ 4243-2015 石棉生产企业防尘放毒技术规范.doc
AQ4243,AQ 4243-2015 石棉生产企业防尘放毒技术规范,职业健康,.docx,法律标准\标准\职业卫生\AQ 4243-2015 石棉生产企业防尘放毒技术规范.docx
AQ4243,AQ 4243-2015 石棉生产企业防尘防毒技术规程,职业健康,.pdf,法律标准\标准\安全、职业卫生新规范\AQ 4243-2015 石棉生产企业防尘防毒技术规程.pdf
AQ4246,AQ 4246-2015 建材物流业防尘技术规范,职业健康,.pdf,法律标准\标准\安全、职业卫生新规范\AQ 4246-2015 建材物流业防尘技术规范.pdf
AQ4246,AQ 4246-2015 建材物流业防尘技术规范,职业健康,.doc,法律标准\标准\职业卫生\AQ 4246-2015 建材物流业防尘技术规范.doc
AQ4246,AQ 4246-2015 建材物流业防尘技术规范,职业健康,.docx,法律标准\标准\职业卫生\AQ 4246-2015 建材物流业防尘技术规范.docx
AQ4250,AQ 4250-2015 电镀工业防尘防毒技术规范,职业健康,.pdf,法律标准\标准\安全、职业卫生新规范\AQ 4250-2015 电镀工业防尘防毒技术规范.pdf
AQ4250,AQ 4250-2015 电镀工业防尘防毒技术规范,职业健康,.doc,法律标准\标准\职业卫生\AQ 4250-2015 电镀工业防尘防毒技术规范.doc
AQ4250,AQ 4250-2015 电镀工业防尘防毒技术规范,职业健康,.docx,法律标准\标准\职业卫生\AQ 4250-2015 电镀工业防尘防毒技术规范.docx
AQ4254,AQ 4254-2015 涂料生产企业职业健康技术规范,职业健康,.pdf,法律标准\标准\安全、职业卫生新规范\AQ 4254-2015 涂料生产企业职业健康技术规范.pdf
AQ4274,AQ 4274-2016 局部排风设施控制风速检测与评估技术规范,职业健康,.pdf,法律标准\标准\职业卫生\AQ 4274-2016 局部排风设施控制风速检测与评估技术规范.pdf
AQ4276,AQ 4276-2016 噪声职业病危害风险管理指南,职业健康,.pdf,法律标准\标准\职业卫生\AQ 4276-2016 噪声职业病危害风险管理指南.pdf
AQ5208,AQ 5208-2011 涂装职业健康安全通用要求(送审稿),职业健康,.doc,法律标准\标准\职业卫生\AQ 5208-2011 涂装职业健康安全通用要求(送审稿).doc
AQ5208,AQ 5208-2011 涂装职业健康安全通用要求(送审稿),职业健康,.docx,法律标准\标准\职业卫生\AQ 5208-2011 涂装职业健康安全通用要求(送审稿).docx
AQ5208,AQ 5208-2011 涂装职业健康安全通用要求(送审稿),职业健康,.rar,法律标准\标准\设备设施\涂装作业\AQ 5208-2011 涂装职业健康安全通用要求(送审稿).rar
AQ5214,AQ 5214-2013 烘干设备安全性能检测方法,职业健康,.pdf,法律标准\标准\安全、职业卫生新规范\AQ 5214-2013 烘干设备安全性能检测方法.pdf
AQ5215,AQ 5215-2013 喷漆室安全性能检测方法,职业健康,.pdf,法律标准\标准\安全、职业卫生新规范\AQ 5215-2013 喷漆室安全性能检测方法.pdf
AQ5216,AQ 5216-2013 涂料与辅助材料使用安全通则,职业健康,.pdf,法律标准\标准\安全、职业卫生新规范\AQ 5216-2013 涂料与辅助材料使用安全通则.pdf
AQ5217,AQ 5217-2015 木器涂装职业安全健康要求,职业健康,.pdf,法律标准\标准\安全、职业卫生新规范\AQ 5217-2015 木器涂装职业安全健康要求.pdf
AQ5217,AQ 5217-2015 木器涂装职业安全健康要求,职业健康,.doc,法律标准\标准\职业卫生\AQ 5217-2015 木器涂装职业安全健康要求.doc
AQ5217,AQ 5217-2015 木器涂装职业安全健康要求,职业健康,.docx,法律标准\标准\职业卫生\AQ 5217-2015 木器涂装职业安全健康要求.docx
AQ5217,AQ 5217-2015 木器涂装职业安全健康要求（报批稿）,职业健康,.rar,新标准\新增\AQ 5217-2015 木器涂装职业安全健康要求（报批稿）.rar
AQ6111,AQ6111-2023 个体防护装备安全管理规范 2025.1.1实施,职业健康,.pdf,标准（2024.3.3下载）\AQ6111-2023 个体防护装备安全管理规范 2025.1.1实施.pdf
AQT-4270,用人单位职业病危害现状评价技术导则(AQT-4270-2015),职业健康,.doc,法律标准\标准\职业卫生\用人单位职业病危害现状评价技术导则(AQT-4270-2015).doc
AQT-4270,用人单位职业病危害现状评价技术导则(AQT-4270-2015),职业健康,.docx,法律标准\标准\职业卫生\用人单位职业病危害现状评价技术导则(AQT-4270-2015).docx
AQT3044,AQT 3044-2013 氨气检测报警仪技术规范,职业健康,.pdf,法律标准\标准\安全、职业卫生新规范\AQT 3044-2013 氨气检测报警仪技术规范.pdf
AQT3048,AQT 3048-2013 化工企业劳动防护用品选用和配备,职业健康,.pdf,法律标准\标准\职业卫生\AQT 3048-2013 化工企业劳动防护用品选用和配备.pdf
AQT3049,AQT 3049-2013 危险与可行性分析（HAZOP分析）应用导则,职业健康,.pdf,法律标准\标准\安全、职业卫生新规范\AQT 3049-2013 危险与可行性分析（HAZOP分析）应用导则.pdf
AQT4208,AQT 4208-2010 有毒作业场所危害程度分级,职业健康,.pdf,法律标准\标准\职业卫生\AQT 4208-2010 有毒作业场所危害程度分级.pdf
AQT4212,AQT 4212-2011 氧化铝厂防尘防毒技术规程(非正式版),职业健康,.pdf,法律标准\标准\职业卫生\AQT 4212-2011 氧化铝厂防尘防毒技术规程(非正式版).pdf
AQT4216,AQT 4216-2011 钢铁冶炼企业职业健康管理技术规范(非正式版),职业健康,.pdf,法律标准\标准\职业卫生\AQT 4216-2011 钢铁冶炼企业职业健康管理技术规范(非正式版).pdf
AQT4218,AQT 4218-2012 铝加工厂防尘防毒技术规程,职业健康,.pdf,法律标准\标准\安全、职业卫生新规范\AQT 4218-2012 铝加工厂防尘防毒技术规程.pdf
AQT4218,AQT 4218-2012 铝加工厂防尘防毒技术规范,职业健康,.pdf,法律标准\标准\职业卫生\AQT 4218-2012 铝加工厂防尘防毒技术规范.pdf
AQT4219,AQT 4219-2012 焦化行业防尘防毒技术规程,职业健康,.pdf,法律标准\标准\职业卫生\AQT 4219-2012 焦化行业防尘防毒技术规程.pdf
AQT4227,AQT 4227-2012 汽车制造企业职业危害防护技术规程,职业健康,.pdf,法律标准\标准\安全、职业卫生新规范\AQT 4227-2012 汽车制造企业职业危害防护技术规程.pdf
AQT4227,AQT 4227-2012 汽车制造企业职业危害防护技术规程,职业健康,.pdf,法律标准\标准\职业卫生\AQT 4227-2012 汽车制造企业职业危害防护技术规程.pdf
AQT4233,AQT 4233-2013 建设项目职业病防护设施设计专篇,职业健康,.pdf,法律标准\标准\职业卫生\AQT 4233-2013 建设项目职业病防护设施设计专篇.pdf
AQT4234,AQT 4234-2014 职业病危害监察导则,职业健康,.pdf,法律标准\标准\职业卫生\AQT 4234-2014 职业病危害监察导则.pdf
AQT4235,AQT 4235-2014 作业场所职业卫生检查程序,职业健康,.pdf,法律标准\标准\职业卫生\AQT 4235-2014 作业场所职业卫生检查程序.pdf
AQT4236,AQT 4236-2014 职业卫生监管人员现场检查指南,职业健康,.pdf,法律标准\标准\职业卫生\AQT 4236-2014 职业卫生监管人员现场检查指南.pdf
AQT4239,AQT 4239-2014 轧钢企业职业健康管理技术规范,职业健康,.pdf,法律标准\标准\安全、职业卫生新规范\AQT 4239-2014 轧钢企业职业健康管理技术规范.pdf
AQT4239,AQT 4239-2014 轧钢企业职业健康管理技术规范,职业健康,.pdf,法律标准\标准\职业卫生\AQT 4239-2014 轧钢企业职业健康管理技术规范.pdf
AQT4240,AQT 4240-2014 铁矿采选业职业健康管理技术规范,职业健康,.pdf,法律标准\标准\安全、职业卫生新规范\AQT 4240-2014 铁矿采选业职业健康管理技术规范.pdf
AQT4240,AQT 4240-2014 铁矿采选业职业健康管理技术规范,职业健康,.pdf,法律标准\标准\职业卫生\AQT 4240-2014 铁矿采选业职业健康管理技术规范.pdf
AQT4244,AQT 4244-2015 造纸企业防尘防毒技术规范,职业健康,.pdf,法律标准\标准\安全、职业卫生新规范\AQT 4244-2015 造纸企业防尘防毒技术规范.pdf
AQT4244,AQT 4244-2015 造纸企业防尘防毒技术规范,职业健康,.doc,法律标准\标准\职业卫生\AQT 4244-2015 造纸企业防尘防毒技术规范.doc
AQT4244,AQT 4244-2015 造纸企业防尘防毒技术规范,职业健康,.docx,法律标准\标准\职业卫生\AQT 4244-2015 造纸企业防尘防毒技术规范.docx
AQT4247,AQT 4247-2015 水泥生产企业防尘防毒技术规范,职业健康,.pdf,法律标准\标准\安全、职业卫生新规范\AQT 4247-2015 水泥生产企业防尘防毒技术规范.pdf
AQT4247,AQT 4247-2015 水泥生产企业防尘防毒技术规范,职业健康,.doc,法律标准\标准\职业卫生\AQT 4247-2015 水泥生产企业防尘防毒技术规范.doc
AQT4247,AQT 4247-2015 水泥生产企业防尘防毒技术规范,职业健康,.docx,法律标准\标准\职业卫生\AQT 4247-2015 水泥生产企业防尘防毒技术规范.docx
AQT4248,AQT 4248-2015 钢铁企业烧结球团防尘防毒技术规范,职业健康,.pdf,法律标准\标准\安全、职业卫生新规范\AQT 4248-2015 钢铁企业烧结球团防尘防毒技术规范.pdf
AQT4248,AQT 4248-2015 钢铁企业烧结球团防尘防毒技术规范,职业健康,.doc,法律标准\标准\职业卫生\AQT 4248-2015 钢铁企业烧结球团防尘防毒技术规范.doc
AQT4248,AQT 4248-2015 钢铁企业烧结球团防尘防毒技术规范,职业健康,.docx,法律标准\标准\职业卫生\AQT 4248-2015 钢铁企业烧结球团防尘防毒技术规范.docx
AQT4249,AQT 4249-2015 制鞋企业防毒防尘技术规范,职业健康,.pdf,法律标准\标准\安全、职业卫生新规范\AQT 4249-2015 制鞋企业防毒防尘技术规范.pdf
AQT4249,AQT 4249-2015 制鞋企业防毒防尘技术规范,职业健康,.doc,法律标准\标准\职业卫生\AQT 4249-2015 制鞋企业防毒防尘技术规范.doc
AQT4249,AQT 4249-2015 制鞋企业防毒防尘技术规范,职业健康,.docx,法律标准\标准\职业卫生\AQT 4249-2015 制鞋企业防毒防尘技术规范.docx
AQT4251,AQT 4251-2015 木材加工企业职业病防治技术规范,职业健康,.pdf,法律标准\标准\安全、职业卫生新规范\AQT 4251-2015 木材加工企业职业病防治技术规范.pdf
AQT4252,AQT 4252-2015 黄金开采企业职业危害防护规范,职业健康,.pdf,法律标准\标准\安全、职业卫生新规范\AQT 4252-2015 黄金开采企业职业危害防护规范.pdf
AQT4252,AQT 4252-2015 黄金开采企业职业危害防护规范,职业健康,.doc,法律标准\标准\职业卫生\AQT 4252-2015 黄金开采企业职业危害防护规范.doc
AQT4252,AQT 4252-2015 黄金开采企业职业危害防护规范,职业健康,.docx,法律标准\标准\职业卫生\AQT 4252-2015 黄金开采企业职业危害防护规范.docx
AQT4253,AQT 4253-2015 箱包制造企业职业病危害防治技术规范,职业健康,.pdf,法律标准\标准\安全、职业卫生新规范\AQT 4253-2015 箱包制造企业职业病危害防治技术规范.pdf
AQT4253,AQT 4253-2015 箱包制造企业职业病防治技术规范,职业健康,.doc,法律标准\标准\职业卫生\AQT 4253-2015 箱包制造企业职业病防治技术规范.doc
AQT4253,AQT 4253-2015 箱包制造企业职业病防治技术规范,职业健康,.docx,法律标准\标准\职业卫生\AQT 4253-2015 箱包制造企业职业病防治技术规范.docx
AQT4254,AQT 4254-2015 涂料生产企业职业健康技术规范,职业健康,.doc,法律标准\标准\职业卫生\AQT 4254-2015 涂料生产企业职业健康技术规范.doc
AQT4254,AQT 4254-2015 涂料生产企业职业健康技术规范,职业健康,.docx,法律标准\标准\职业卫生\AQT 4254-2015 涂料生产企业职业健康技术规范.docx
AQT4255,AQT 4255-2015 制药企业职业危害防护规范,职业健康,.pdf,法律标准\标准\安全、职业卫生新规范\AQT 4255-2015 制药企业职业危害防护规范.pdf
AQT4255,AQT 4255-2015 制药企业职业病危害防治技术规范,职业健康,.doc,法律标准\标准\职业卫生\AQT 4255-2015 制药企业职业病危害防治技术规范.doc
AQT4255,AQT 4255-2015 制药企业职业病危害防治技术规范,职业健康,.docx,法律标准\标准\职业卫生\AQT 4255-2015 制药企业职业病危害防治技术规范.docx
AQT4256,AQT 4256-2015 建筑施工企业职业病危害防治技术规范,职业健康,.doc,法律标准\标准\职业卫生\AQT 4256-2015 建筑施工企业职业病危害防治技术规范.doc
AQT4256,AQT 4256-2015 建筑施工企业职业病危害防治技术规范,职业健康,.docx,法律标准\标准\职业卫生\AQT 4256-2015 建筑施工企业职业病危害防治技术规范.docx
AQT4256,AQT 4256-2015 建设施工企业职业病危害防治技术规范,职业健康,.pdf,法律标准\标准\安全、职业卫生新规范\AQT 4256-2015 建设施工企业职业病危害防治技术规范.pdf
AQT4257,AQT 4257-2015 宝石加工企业职业病危害防治技术规范,职业健康,.pdf,法律标准\标准\安全、职业卫生新规范\AQT 4257-2015 宝石加工企业职业病危害防治技术规范.pdf
AQT4257,AQT 4257-2015 宝石加工企业职业病危害防治技术规范,职业健康,.doc,法律标准\标准\职业卫生\AQT 4257-2015 宝石加工企业职业病危害防治技术规范.doc
AQT4257,AQT 4257-2015 宝石加工企业职业病危害防治技术规范,职业健康,.docx,法律标准\标准\职业卫生\AQT 4257-2015 宝石加工企业职业病危害防治技术规范.docx
AQT4258,AQT 4258-2015 玻璃生产企业职业病危害防治技术规范,职业健康,.pdf,新建文件夹 (2)\玻璃\AQT 4258-2015 玻璃生产企业职业病危害防治技术规范.pdf
AQT4258,AQT 4258-2015 玻璃生产企业职业病危害防治技术规范,职业健康,.doc,法律标准\标准\职业卫生\AQT 4258-2015 玻璃生产企业职业病危害防治技术规范.doc
AQT4258,AQT 4258-2015 玻璃生产企业职业病危害防治技术规范,职业健康,.docx,法律标准\标准\职业卫生\AQT 4258-2015 玻璃生产企业职业病危害防治技术规范.docx
AQT4259,AQT 4259-2015 石棉矿石建设项目职业病危害预评价细则,职业健康,.pdf,法律标准\标准\安全、职业卫生新规范\AQT 4259-2015 石棉矿石建设项目职业病危害预评价细则.pdf
AQT4260,AQT 4260-2015 石棉矿石建设项目职业病危害控制效果评价细则,职业健康,.pdf,法律标准\标准\安全、职业卫生新规范\AQT 4260-2015 石棉矿石建设项目职业病危害控制效果评价细则.pdf
AQT4261,AQT 4261-2015 石棉矿山职业病危害现状评价细则,职业健康,.pdf,法律标准\标准\安全、职业卫生新规范\AQT 4261-2015 石棉矿山职业病危害现状评价细则.pdf
AQT4262,AQT 4262-2015 石棉制品业建设项目职业病危害控制效果评价细则,职业健康,.doc,法律标准\标准\职业卫生\AQT 4262-2015 石棉制品业建设项目职业病危害控制效果评价细则.doc
AQT4262,AQT 4262-2015 石棉制品业建设项目职业病危害控制效果评价细则,职业健康,.docx,法律标准\标准\职业卫生\AQT 4262-2015 石棉制品业建设项目职业病危害控制效果评价细则.docx
AQT4262,AQT 4262-2015 石棉制品企业建设项目职业病危害控制效果评价细则,职业健康,.pdf,法律标准\标准\安全、职业卫生新规范\AQT 4262-2015 石棉制品企业建设项目职业病危害控制效果评价细则.pdf
AQT4263,AQT 4263-2015 石棉制品业职业危害现状评价细则,职业健康,.doc,法律标准\标准\职业卫生\AQT 4263-2015 石棉制品业职业危害现状评价细则.doc
AQT4263,AQT 4263-2015 石棉制品业职业危害现状评价细则,职业健康,.docx,法律标准\标准\职业卫生\AQT 4263-2015 石棉制品业职业危害现状评价细则.docx
AQT4263,AQT 4263-2015 石棉制品业职业病危害现状评价细则,职业健康,.pdf,法律标准\标准\安全、职业卫生新规范\AQT 4263-2015 石棉制品业职业病危害现状评价细则.pdf
AQT4264,AQT 4264-2015 石棉制品业建设项目职业病危害预评价细则,职业健康,.pdf,法律标准\标准\安全、职业卫生新规范\AQT 4264-2015 石棉制品业建设项目职业病危害预评价细则.pdf
AQT4264,AQT 4264-2015 石棉制品业建设项目职业病危害预评价细则,职业健康,.doc,法律标准\标准\职业卫生\AQT 4264-2015 石棉制品业建设项目职业病危害预评价细则.doc
AQT4264,AQT 4264-2015 石棉制品业建设项目职业病危害预评价细则,职业健康,.docx,法律标准\标准\职业卫生\AQT 4264-2015 石棉制品业建设项目职业病危害预评价细则.docx
AQT4265,AQT 4265-2015 木制家具制造业建设项目职业病危害预评价细则,职业健康,.pdf,法律标准\标准\安全、职业卫生新规范\AQT 4265-2015 木制家具制造业建设项目职业病危害预评价细则.pdf
AQT4265,AQT 4265-2015 木制家具制造业建设项目职业病预评价细则,职业健康,.doc,法律标准\标准\职业卫生\AQT 4265-2015 木制家具制造业建设项目职业病预评价细则.doc
AQT4265,AQT 4265-2015 木制家具制造业建设项目职业病预评价细则,职业健康,.docx,法律标准\标准\职业卫生\AQT 4265-2015 木制家具制造业建设项目职业病预评价细则.docx
AQT4266,AQT 4266-2015 木制家具制造业职业病危害现状评价细则,职业健康,.doc,法律标准\标准\职业卫生\AQT 4266-2015 木制家具制造业职业病危害现状评价细则.doc
AQT4266,AQT 4266-2015 木制家具制造业职业病危害现状评价细则,职业健康,.docx,法律标准\标准\职业卫生\AQT 4266-2015 木制家具制造业职业病危害现状评价细则.docx
AQT4266,AQT 4266-2015 木制教具制造业职业病危害现状评价细则,职业健康,.pdf,法律标准\标准\安全、职业卫生新规范\AQT 4266-2015 木制教具制造业职业病危害现状评价细则.pdf
AQT4267,AQT 4267-2015 木制家具制造业建设项目职业病危害控制效果评价细则,职业健康,.pdf,法律标准\标准\安全、职业卫生新规范\AQT 4267-2015 木制家具制造业建设项目职业病危害控制效果评价细则.pdf
AQT4267,AQT 4267-2015 木制家具制造业建设项目职业病危害控制效果评价细则,职业健康,.doc,法律标准\标准\职业卫生\AQT 4267-2015 木制家具制造业建设项目职业病危害控制效果评价细则.doc
AQT4267,AQT 4267-2015 木制家具制造业建设项目职业病危害控制效果评价细则,职业健康,.docx,法律标准\标准\职业卫生\AQT 4267-2015 木制家具制造业建设项目职业病危害控制效果评价细则.docx
AQT4269,AQT 4269—2015 工作场所职业病危害因素检测工作规范,职业健康,.pdf,法律标准\标准\职业卫生\AQT 4269—2015 工作场所职业病危害因素检测工作规范.pdf
AQT4270,AQT 4270—2015 用人单位职业病危害现状评价技术导则,职业健康,.pdf,法律标准\标准\职业卫生\AQT 4270—2015 用人单位职业病危害现状评价技术导则.pdf
AQT4278,AQT4278-2016 水泥生产企业建设项目职业病防护设施设计专篇编制细则1,职业健康,.pdf,法律标准\标准\职业卫生\AQT4278-2016 水泥生产企业建设项目职业病防护设施设计专篇编制细则1.pdf
AQT4279,AQT 4279-2016 汽车制造业建设项目职业病防护设施设计专篇编制细则 ,职业健康,.pdf,法律标准\标准\安全、职业卫生新规范\AQT 4279-2016 汽车制造业建设项目职业病防护设施设计专篇编制细则 .pdf
AQT5209,AQT 5209-2011 涂装作业危险有害因素分类,职业健康,.pdf,法律标准\标准\安全、职业卫生新规范\AQT 5209-2011 涂装作业危险有害因素分类.pdf
AQT5209,AQT 5209-2011 涂装作业危险有害因素分类(送审稿),职业健康,.doc,法律标准\标准\职业卫生\AQT 5209-2011 涂装作业危险有害因素分类(送审稿).doc
AQT5209,AQT 5209-2011 涂装作业危险有害因素分类(送审稿),职业健康,.docx,法律标准\标准\职业卫生\AQT 5209-2011 涂装作业危险有害因素分类(送审稿).docx
AQT6108,AQT 6108-2008 安全鞋、防护鞋和职业鞋的选择、使用和维护,职业健康,.pdf,法律标准\标准\职业卫生\AQT 6108-2008 安全鞋、防护鞋和职业鞋的选择、使用和维护.pdf
AQT6110,AQT 6110-2012 工业空气呼吸器安全使用维护管理规范,职业健康,.pdf,法律标准\标准\安全、职业卫生新规范\AQT 6110-2012 工业空气呼吸器安全使用维护管理规范.pdf
AQT7006,AQT 7006-2012 白酒企业安全管理规范,职业健康,.pdf,法律标准\标准\安全、职业卫生新规范\AQT 7006-2012 白酒企业安全管理规范.pdf
AQT7010,AQT7010-2013 家具生产企业安全生产标准化规范,职业健康,.pdf,法律标准\标准\安全、职业卫生新规范\AQT7010-2013 家具生产企业安全生产标准化规范.pdf
AQT8008,AQT 8008—2013 职业病危害评价通则,职业健康,.doc,法律标准\标准\职业卫生\AQT 8008—2013 职业病危害评价通则.doc
AQT8008,AQT 8008—2013 职业病危害评价通则,职业健康,.docx,法律标准\标准\职业卫生\AQT 8008—2013 职业病危害评价通则.docx
AQT8008,职业病危害评价通则AQT8008-2013,职业健康,.doc,法律标准\标准\职业卫生\职业病危害评价通则AQT8008-2013.doc
AQT8008,职业病危害评价通则AQT8008-2013,职业健康,.docx,法律标准\标准\职业卫生\职业病危害评价通则AQT8008-2013.docx
AQT8009,AQT 8009-2013 建设项目职业病危害预评价导则,职业健康,.pdf,法律标准\标准\职业卫生\AQT 8009-2013 建设项目职业病危害预评价导则.pdf
AQT8010,AQT 8010—2013 建设项目职业病危害控制效果评价导则,职业健康,.doc,法律标准\标准\职业卫生\AQT 8010—2013 建设项目职业病危害控制效果评价导则.doc
AQT8010,AQT 8010—2013 建设项目职业病危害控制效果评价导则,职业健康,.docx,法律标准\标准\职业卫生\AQT 8010—2013 建设项目职业病危害控制效果评价导则.docx
AQT9009,AQT 9009-2015 生产安全事故应急演练评估规范,职业健康,.pdf,法律标准\标准\安全、职业卫生新规范\AQT 9009-2015 生产安全事故应急演练评估规范.pdf
AQ∕T4258,AQ∕T 4258-2015 玻璃生产企业职业病危害防治技术规范,职业健康,.rar,法律标准\标准\玻璃\AQ∕T 4258-2015 玻璃生产企业职业病危害防治技术规范.rar
DB13,DB13-T1416-1-2011作业场所职业职业危害检测规范第1部分-一般要求,职业健康,.pdf,法律标准\标准\职业卫生\DB13-T1416-1-2011作业场所职业职业危害检测规范第1部分-一般要求.pdf
DL5053,DL 5053-2012 火力发电厂职业安全卫生设计规程,职业健康,.rar,垃圾发电补充2\DL 5053-2012 火力发电厂职业安全卫生设计规程.rar
DL5053,DL 5053-2012火力发电厂职业安全设计规程,职业健康,.pdf,法律标准\标准\安全管理\设计\DL 5053-2012火力发电厂职业安全设计规程.pdf
DLT325,DLT 325-2010 电力行业职业健康监护技术规范,职业健康,.pdf,法律标准\标准\设备设施\风力\DLT 325-2010 电力行业职业健康监护技术规范.pdf
DLT325,DLT 325-2010 电力行业职业健康监护技术规范,职业健康,.rar,法律标准\标准\设备设施\风力\DLT 325-2010 电力行业职业健康监护技术规范.rar
GB11651,个体防护装备选用规范GB11651-2008,职业健康,.doc,法律标准\标准\新建文件夹\个体防护装备选用规范GB11651-2008.doc
GB11651,个体防护装备选用规范GB11651-2008,职业健康,.docx,法律标准\标准\新建文件夹\个体防护装备选用规范GB11651-2008.docx
GB11661,GB 11661-2012 炼焦业卫生防护距离,职业健康,.pdf,法律标准\标准\职业卫生\GB 11661-2012 炼焦业卫生防护距离.pdf
GB11662,GB 11662-2012 烧结业卫生防护距离,职业健康,.pdf,法律标准\标准\职业卫生\GB 11662-2012 烧结业卫生防护距离.pdf
GB12011,GB 12011-2009 足部防护 电绝缘鞋,职业健康,.pdf,法律标准\标准\职业卫生\GB 12011-2009 足部防护 电绝缘鞋.pdf
GB12348,《工业企业厂界环境噪声排放标准》GB 12348-2008,职业健康,.pdf,法律标准\标准\矿山标准\《工业企业厂界环境噪声排放标准》GB 12348-2008.pdf
GB14866,GB 14866-2006 个人用眼护具技术要求,职业健康,.pdf,法律标准\标准\职业卫生\GB 14866-2006 个人用眼护具技术要求.pdf
GB15701,GB 15701―1995焊接防护服,职业健康,.doc,法律标准\标准\新建文件夹\GB 15701―1995焊接防护服.doc
GB15701,GB 15701―1995焊接防护服,职业健康,.docx,法律标准\标准\新建文件夹\GB 15701―1995焊接防护服.docx
GB18068.1,GB 18068.1 非金属矿物制品业卫生防护距离第1部分-水泥制造业,职业健康,.pdf,法律标准\标准\职业卫生\GB 18068.1 非金属矿物制品业卫生防护距离第1部分-水泥制造业.pdf
GB18068.1,GB 18068.1-2012 非金属矿物制品业卫生防护距离 第1部分：水泥制造业,职业健康,.pdf,法律标准\标准\职业卫生\防护距离\GB 18068.1-2012 非金属矿物制品业卫生防护距离 第1部分：水泥制造业.pdf
GB18068.2,GB 18068.2-2012 非金属矿物制品业卫生防护距离 第2部分：石灰制造业,职业健康,.pdf,法律标准\标准\职业卫生\GB 18068.2-2012 非金属矿物制品业卫生防护距离 第2部分：石灰制造业.pdf
GB18068.2,GB 18068.2-2012 非金属矿物制品卫生防护距离第2部分-石灰制造业,职业健康,.pdf,法律标准\标准\职业卫生\GB 18068.2-2012 非金属矿物制品卫生防护距离第2部分-石灰制造业.pdf
GB18068.3,GB 18068.3-2012 非金属矿物制品业卫生防护距离 第3部分：石棉制品业,职业健康,.pdf,法律标准\标准\职业卫生\GB 18068.3-2012 非金属矿物制品业卫生防护距离 第3部分：石棉制品业.pdf
GB18068.4,GB 18068.4-2012 非金属矿物制品业卫生防护距离 第4部分：石墨碳素制品业,职业健康,.pdf,法律标准\标准\职业卫生\GB 18068.4-2012 非金属矿物制品业卫生防护距离 第4部分：石墨碳素制品业.pdf
GB18071.3,GB 18071.3-2012 基础化学原料制造业卫生防护距离 第3部分：硫酸制造业,职业健康,.pdf,法律标准\标准\职业卫生\防护距离\GB 18071.3-2012 基础化学原料制造业卫生防护距离 第3部分：硫酸制造业.pdf
GB18075.1,GB 18075.1-2012 交通运输设备制造业卫生防护距离 第1部分：汽车制造业,职业健康,.pdf,法律标准\标准\职业卫生\防护距离\GB 18075.1-2012 交通运输设备制造业卫生防护距离 第1部分：汽车制造业.pdf
GB18871,GB 18871-2002 电离辐射安全,职业健康,.pdf,法律标准\标准\职业卫生\GB 18871-2002 电离辐射安全.pdf
GB21146,GB 21146-2007 个体防护装备 职业鞋,职业健康,.pdf,法律标准\标准\职业卫生\GB 21146-2007 个体防护装备 职业鞋.pdf
GB21148,GB 21148-2007 个体防护装备 安全鞋,职业健康,.pdf,法律标准\标准\职业卫生\GB 21148-2007 个体防护装备 安全鞋.pdf
GB2626,GB 2626-2006 呼吸防护用品自吸过滤式防颗粒物呼吸器,职业健康,.pdf,法律标准\标准\职业卫生\GB 2626-2006 呼吸防护用品自吸过滤式防颗粒物呼吸器.pdf
GB2811,GB 2811-2007 安全帽,职业健康,.pdf,法律标准\标准\职业卫生\GB 2811-2007 安全帽.pdf
GB2890,GB 2890-2009 呼吸防护自吸过滤式防毒面具,职业健康,.pdf,法律标准\标准\职业卫生\GB 2890-2009 呼吸防护自吸过滤式防毒面具.pdf
GB3869,GB 3869-1997 体力劳动强度分级,职业健康,.pdf,法律标准\标准\职业卫生\GB 3869-1997 体力劳动强度分级.pdf
GB39800.1,GB 39800.1-2020 个体防护装备配备规范 第1部分：总则,职业健康,.pdf,111111\GB 39800.1-2020 个体防护装备配备规范 第1部分：总则.pdf
GB39800.1,GB 39800.1-2020 个体防护装备配备规范 第1部分：总则,职业健康,.pdf,111111\隐患排查依据文本（一）\隐患排查依据文本（一）\标准\GB 39800.1-2020 个体防护装备配备规范 第1部分：总则.pdf
GB39800.3,GB 39800.3-2020 个体防护装备配备规范 第3部分：冶金、有色,职业健康,.pdf,111111\隐患排查依据文本（一）\隐患排查依据文本（一）\标准\GB 39800.3-2020 个体防护装备配备规范 第3部分：冶金、有色.pdf
GB39800.3,GB 39800.3-2020 个体防护装备配备规范 第3部分：冶金、有色,职业健康,.pdf,新标准\冶金首鼎标准\GB 39800.3-2020 个体防护装备配备规范 第3部分：冶金、有色.pdf
GB39800.5,GB39800.5-2023   个体防护装备配备规范 第5部分：建材 2025.1.1实施,职业健康,.pdf,111111\隐患排查依据文本（一）\隐患排查依据文本（一）\标准\GB39800.5-2023   个体防护装备配备规范 第5部分：建材 2025.1.1实施.pdf
GB39800.5,GB39800.5-2023   个体防护装备配备规范 第5部分：建材 2025.1.1实施,职业健康,.pdf,标准（2024.3.3下载）\GB39800.5-2023   个体防护装备配备规范 第5部分：建材 2025.1.1实施.pdf
GB39800.6,GB39800.6-2023 个体防护装备配备规范 第6部分：电力 2025.1.1实施,职业健康,.pdf,标准（2024.3.3下载）\GB39800.6-2023 个体防护装备配备规范 第6部分：电力 2025.1.1实施.pdf
GB39800.7,GB39800.7-2023 个体防护装备配备规范 第7部分：电子 2025.1.1实施,职业健康,.pdf,标准（2024.3.3下载）\GB39800.7-2023 个体防护装备配备规范 第7部分：电子 2025.1.1实施.pdf
GB4385,GB 4385-1995 防静电鞋、导电鞋 技术要求,职业健康,.pdf,法律标准\标准\职业卫生\GB 4385-1995 防静电鞋、导电鞋 技术要求.pdf
GB50033,GB 50033-2013 建筑采光设计标准,职业健康,.pdf,法律标准\标准\职业卫生\GB 50033-2013 建筑采光设计标准.pdf
GB50087,GB 50087-2013 工业企业噪声控制设计规范,职业健康,.pdf,法律标准\标准\安全管理\设计\GB 50087-2013 工业企业噪声控制设计规范.pdf
GB50187,GB 50187-2012 工业企业总平面设计规范,职业健康,.pdf,法律标准\标准\职业卫生\GB 50187-2012 工业企业总平面设计规范.pdf
GB5044,GB 5044-1985 职业性接触毒物危害程度分级,职业健康,.pdf,法律标准\标准\职业卫生\GB 5044-1985 职业性接触毒物危害程度分级.pdf
GB50577,GB 50577-2010 水泥工厂职业安全卫生设计规范,职业健康,.pdf,水泥\GB 50577-2010 水泥工厂职业安全卫生设计规范.pdf
GB50577,GB 50577-2010 水泥工厂职业安全卫生设计规范,职业健康,.pdf,法律标准\标准\安全管理\设计\GB 50577-2010 水泥工厂职业安全卫生设计规范.pdf
GB50577,GB 50577-2010 水泥工厂职业安全卫生设计规范,职业健康,.rar,法律标准\标准\水泥\GB 50577-2010 水泥工厂职业安全卫生设计规范.rar
GB50577,GB50577-2010 水泥工厂职业安全卫生设计规范,职业健康,.docx,111111\新建文件夹 (2)(1)\新建文件夹 (2)\GB50577-2010 水泥工厂职业安全卫生设计规范.docx
GB50577,GB50577-2010 水泥工厂职业安全卫生设计规范,职业健康,.pdf,111111\隐患排查依据文本（一）\隐患排查依据文本（一）\法规\GB50577-2010 水泥工厂职业安全卫生设计规范.pdf
GB50737,GB 50737-2011 石油储备库设计规范,职业健康,.pdf,法律标准\标准\职业卫生\GB 50737-2011 石油储备库设计规范.pdf
GB8195,GB 8195-2011 石油加工业卫生防护距离,职业健康,.pdf,法律标准\标准\职业卫生\GB 8195-2011 石油加工业卫生防护距离.pdf
GB8959,GB 8959-2007 铸造防尘技术规程,职业健康,.pdf,法律标准\标准\职业卫生\GB 8959-2007 铸造防尘技术规程.pdf
GB8965.1,GB 8965.1-2009 防护服装 阻燃防护 第1部分：阻燃服,职业健康,.pdf,法律标准\标准\职业卫生\GB 8965.1-2009 防护服装 阻燃防护 第1部分：阻燃服.pdf
GB8965.2,GB8965.2-2022 防护服装焊接服 2024.1.1实施,职业健康,.pdf,标准（2024.3.3下载）\GB8965.2-2022 防护服装焊接服 2024.1.1实施.pdf
GB8965.4,GB8965.4-2022防护服装防电弧付 2024.1.1实施,职业健康,.pdf,标准（2024.3.3下载）\GB8965.4-2022防护服装防电弧付 2024.1.1实施.pdf
GBT11651,GBT 11651-2008 个体防护装备选用规范,职业健康,.pdf,法律标准\标准\职业卫生\GBT 11651-2008 个体防护装备选用规范.pdf
GBT11651,《个体防护装备选用规范》GBT 11651-2008,职业健康,.pdf,法律标准\标准\矿山标准\《个体防护装备选用规范》GBT 11651-2008.pdf
GBT12331,GBT 12331-1990 有毒作业分级,职业健康,.rtf,法律标准\标准\职业卫生\GBT 12331-1990 有毒作业分级.rtf
GBT12801,GBT 12801-2008 生产过程安全卫生要求总则,职业健康,.pdf,法律标准\标准\职业卫生\GBT 12801-2008 生产过程安全卫生要求总则.pdf
GBT13861,GBT 13861-2009 生产过程危险和有害因素分类与代码,职业健康,.pdf,法律标准\标准\职业卫生\GBT 13861-2009 生产过程危险和有害因素分类与代码.pdf
GBT14776,GBT 14776-1993 人类工效学 工作岗位尺寸设计原则及其数值,职业健康,.pdf,法律标准\标准\职业卫生\GBT 14776-1993 人类工效学 工作岗位尺寸设计原则及其数值.pdf
GBT15236,GBT 15236-2008 职业安全卫生术语,职业健康,.pdf,法律标准\标准\职业卫生\GBT 15236-2008 职业安全卫生术语.pdf
GBT16180,GBT 16180-2006 职工工伤与职业病致残程度鉴定,职业健康,.pdf,法律标准\标准\安全管理\GBT 16180-2006 职工工伤与职业病致残程度鉴定.pdf
GBT16180,GBT 16180-2014 劳动能力鉴定 职工工伤与职业病致残等级,职业健康,.pdf,法律标准\标准\安全管理\GBT 16180-2014 劳动能力鉴定 职工工伤与职业病致残等级.pdf
GBT16758,GBT 16758-2008 排风罩的分类及技术条件,职业健康,.pdf,法律标准\标准\职业卫生\GBT 16758-2008 排风罩的分类及技术条件.pdf
GBT17222,GBT 17222-2012 煤制气业卫生防护距离,职业健康,.pdf,法律标准\标准\职业卫生\GBT 17222-2012 煤制气业卫生防护距离.pdf
GBT18664,GBT 18664-2002 呼吸防护用品的选择、使用与维护,职业健康,.pdf,法律标准\标准\职业卫生\GBT 18664-2002 呼吸防护用品的选择、使用与维护.PDF
GBT193,GBT 193-2007 石棉作业职业卫生管理规范,职业健康,.pdf,法律标准\标准\职业卫生\GBT 193-2007 石棉作业职业卫生管理规范.pdf
GBT20097,GBT 20097-2006 防护服 一般要求,职业健康,.pdf,法律标准\标准\职业卫生\GBT 20097-2006 防护服 一般要求.pdf
GBT21070,GBT 21070-2007 仓储从业人员职业资质,职业健康,.rar,新标准\物流标准\GBT 21070-2007 仓储从业人员职业资质.rar
GBT23466,GBT 23466-2009 护听器的选择指南,职业健康,.pdf,法律标准\标准\职业卫生\GBT 23466-2009 护听器的选择指南.pdf
GBT28001,GBT 28001-2011 职业健康安全管理体系 要求,职业健康,.pdf,法律标准\标准\职业卫生\GBT 28001-2011 职业健康安全管理体系 要求.pdf
GBT28002,GBT 28002-2011 职业健康安全管理体系 实施指南,职业健康,.pdf,法律标准\标准\体系标准\GBT 28002-2011 职业健康安全管理体系 实施指南.pdf
GBT29510,GBT 29510-2013 个体防护装备配备基本要求,职业健康,.pdf,法律标准\标准\职业卫生\GBT 29510-2013 个体防护装备配备基本要求.pdf
GBT30041,GBT 30041-2013 头部防护 安全帽选用规范,职业健康,.pdf,法律标准\标准\职业卫生\GBT 30041-2013 头部防护 安全帽选用规范.pdf
GBT32610,GBT 32610-2016 日常防护型口罩技术规范,职业健康,.pdf,法律标准\标准\职业卫生\GBT 32610-2016 日常防护型口罩技术规范.PDF
GBT3609.1,GBT 3609.1-2008 职业眼面部防护焊接防护第1部分：焊接防护具,职业健康,.pdf,法律标准\标准\职业卫生\GBT 3609.1-2008 职业眼面部防护焊接防护第1部分：焊接防护具.pdf
GBT4200,GBT 4200-2008 高温作业分级,职业健康,.pdf,法律标准\标准\职业卫生\GBT 4200-2008 高温作业分级.pdf
GBT50087,GBT 50087-2013 噪声控制设计规范,职业健康,.pdf,法律标准\标准\职业卫生\GBT 50087-2013 噪声控制设计规范.pdf
GBT5700,GBT 5700-2008 照明测量方法,职业健康,.pdf,法律标准\标准\职业卫生\GBT 5700-2008 照明测量方法.pdf
GBZ1,GBZ 1-2010 工业企业设计卫生标准,职业健康,.pdf,法律标准\标准\职业卫生\GBZ 1-2010 工业企业设计卫生标准.pdf
GBZ132,GBZ 132-2008 工业γ射线探伤放射防护标准,职业健康,.pdf,法律标准\标准\职业卫生\GBZ 132-2008 工业γ射线探伤放射防护标准.pdf
GBZ158,GBZ 158-2003 工作场所职业病危害警示标识,职业健康,.pdf,法律标准\标准\职业卫生\GBZ 158-2003 工作场所职业病危害警示标识.pdf
GBZ159,GBZ 159-2004 工作场所空气中有害物质监测的采样规范,职业健康,.pdf,法律标准\标准\职业卫生\GBZ 159-2004 工作场所空气中有害物质监测的采样规范.pdf
GBZ188,GBZ 188-2014 职业健康监护技术规范,职业健康,.pdf,法律标准\标准\职业卫生\GBZ 188-2014 职业健康监护技术规范.pdf
GBZ188,GBZ188职业健康监护技术规范2014word版,职业健康,.doc,法律标准\标准\职业卫生\GBZ188职业健康监护技术规范2014word版.doc
GBZ188,GBZ188职业健康监护技术规范2014word版,职业健康,.docx,法律标准\标准\职业卫生\GBZ188职业健康监护技术规范2014word版.docx
GBZ2.1,GBZ 2.1-2007 工作场所有害因素职业接触限值 第1部分 化学有害因素,职业健康,.pdf,法律标准\标准\职业卫生\GBZ 2.1-2007 工作场所有害因素职业接触限值 第1部分 化学有害因素.pdf
GBZ2.1,GBZ2.1-2019GBZ 2.1-2019 工作场所有害因素职业接触限值 第1部分：化学有害因素,职业健康,.pdf,法律标准\标准\职业卫生\有害因素限值\GBZ2.1-2019GBZ 2.1-2019 工作场所有害因素职业接触限值 第1部分：化学有害因素.pdf
GBZ2.2,GBZ 2.2-2007 工作场所有害因素职业接触限值 第2部分 物理因素,职业健康,.pdf,法律标准\标准\职业卫生\GBZ 2.2-2007 工作场所有害因素职业接触限值 第2部分 物理因素.pdf
GBZ230,GBZ 230-2010 职业性接触毒物危害程度分级,职业健康,.pdf,法律标准\标准\职业卫生\GBZ 230-2010 职业性接触毒物危害程度分级.pdf
GBZ235,GBZ 235-2011 放射工作人员职业健康监护技术规范,职业健康,.pdf,法律标准\标准\参考资料\GBZ 235-2011 放射工作人员职业健康监护技术规范.pdf
GBZ331,《职业卫生技术服务工作规范》(GBZ331-2024,职业健康,.pdf,安全标准\《职业卫生技术服务工作规范》(GBZ331-2024.pdf
GBZ98,GBZ 98-2002 放射工作人员健康标准,职业健康,.pdf,法律标准\标准\参考资料\GBZ 98-2002 放射工作人员健康标准.pdf
GBZT157,GBZT 157-2009 职业病诊断名词术语,职业健康,.pdf,法律标准\标准\职业卫生\GBZT 157-2009 职业病诊断名词术语.pdf
GBZT160,GBZT 160-2004 工作场所空气有毒物质测定方法汇总,职业健康,.pdf,法律标准\标准\职业卫生\GBZT 160-2004 工作场所空气有毒物质测定方法汇总.pdf
GBZT160.13,GBZT 160.13-2004 工作场所空气有毒物质测定-锰及其化合物,职业健康,.pdf,法律标准\标准\职业卫生\GBZT 160.13-2004 工作场所空气有毒物质测定-锰及其化合物.pdf
GBZT160.28,GBZT 160.28-2004 工作场所空气有毒物质测定-无机含碳化合物,职业健康,.doc,法律标准\标准\职业卫生\GBZT 160.28-2004 工作场所空气有毒物质测定-无机含碳化合物.doc
GBZT160.28,GBZT 160.28-2004 工作场所空气有毒物质测定-无机含碳化合物,职业健康,.docx,法律标准\标准\职业卫生\GBZT 160.28-2004 工作场所空气有毒物质测定-无机含碳化合物.docx
GBZT160.29,GBZT 160.29-2004 工作场所空气有毒物质测定无机含氮化合物,职业健康,.pdf,法律标准\标准\职业卫生\GBZT 160.29-2004 工作场所空气有毒物质测定无机含氮化合物.pdf
GBZT160.42,GBZT 160.42-2007 工作场所空气有毒物质测定 芳香烃类化合物,职业健康,.pdf,法律标准\标准\职业卫生\GBZT 160.42-2007 工作场所空气有毒物质测定 芳香烃类化合物.pdf
GBZT189.1,GBZT 189.1-2007 工作场所物理因素测量 第1部分：超高频辐射,职业健康,.pdf,法律标准\标准\职业卫生\GBZT 189.1-2007 工作场所物理因素测量 第1部分：超高频辐射.pdf
GBZT189.10,GBZT 189.10-2007 工作场所物理因素测量 第10部分：体力劳动强度分级,职业健康,.pdf,法律标准\标准\职业卫生\GBZT 189.10-2007 工作场所物理因素测量 第10部分：体力劳动强度分级.pdf
GBZT189.11,GBZT 189.11-2007 工作场所物理因素测量 第11部分：体力劳动时的心率,职业健康,.pdf,法律标准\标准\职业卫生\GBZT 189.11-2007 工作场所物理因素测量 第11部分：体力劳动时的心率.pdf
GBZT189.2,GBZT 189.2-2007 工作场所物理因素测量 第2部分：高频电磁场,职业健康,.pdf,法律标准\标准\职业卫生\GBZT 189.2-2007 工作场所物理因素测量 第2部分：高频电磁场.pdf
GBZT189.3,GBZT 189.3-2007 工作场所物理因素测量 第3部分：工频电场,职业健康,.pdf,法律标准\标准\职业卫生\GBZT 189.3-2007 工作场所物理因素测量 第3部分：工频电场.pdf
GBZT189.4,GBZT 189.4-2007 工作场所物理因素测量 第4部分：激光辐射,职业健康,.pdf,法律标准\标准\职业卫生\GBZT 189.4-2007 工作场所物理因素测量 第4部分：激光辐射.pdf
GBZT189.5,GBZT 189.5-2007 工作场所物理因素测量 第5部分：微波辐射,职业健康,.pdf,法律标准\标准\职业卫生\GBZT 189.5-2007 工作场所物理因素测量 第5部分：微波辐射.pdf
GBZT189.6,GBZT 189.6-2007 工作场所物理因素测量 第6部分：紫外辐射,职业健康,.pdf,法律标准\标准\职业卫生\GBZT 189.6-2007 工作场所物理因素测量 第6部分：紫外辐射.pdf
GBZT189.7,GBZT 189.7-2007 工作场所物理因素测量 第7部分：高温,职业健康,.pdf,法律标准\标准\职业卫生\GBZT 189.7-2007 工作场所物理因素测量 第7部分：高温.pdf
GBZT189.8,GBZT 189.8-2007 工作场所物理因素测量 第8部分：噪声,职业健康,.pdf,法律标准\标准\职业卫生\GBZT 189.8-2007 工作场所物理因素测量 第8部分：噪声.pdf
GBZT189.9,GBZT 189.9-2007 工作场所物理因素测量 第9部分：手传振动,职业健康,.pdf,法律标准\标准\职业卫生\GBZT 189.9-2007 工作场所物理因素测量 第9部分：手传振动.pdf
GBZT194,GBZT 194-2007 工作场所防止职业中毒卫生工程防护措施规范,职业健康,.pdf,法律标准\标准\职业卫生\GBZT 194-2007 工作场所防止职业中毒卫生工程防护措施规范.pdf
GBZT195,GBZT 195-2007 有机溶剂作业场所个人职业病防护用品使用规范,职业健康,.pdf,法律标准\标准\职业卫生\GBZT 195-2007 有机溶剂作业场所个人职业病防护用品使用规范.pdf
GBZT196,GBZT 196-2007 建设项目职业病危害预评价技术导则,职业健康,.pdf,法律标准\标准\职业卫生\GBZT 196-2007 建设项目职业病危害预评价技术导则.pdf
GBZT197,GBZT 197-2007 建设项目职业病危害控制效果评价技术导则,职业健康,.pdf,法律标准\标准\职业卫生\GBZT 197-2007 建设项目职业病危害控制效果评价技术导则.pdf
GBZT198,GBZT 198-2007 使用人造矿物纤维绝热棉职业病危害防护规程,职业健康,.pdf,法律标准\标准\职业卫生\GBZT 198-2007 使用人造矿物纤维绝热棉职业病危害防护规程.pdf
GBZT203,GBZT 203-2007 高毒物品作业岗位职业病　危害告知规范,职业健康,.pdf,法律标准\标准\职业卫生\GBZT 203-2007 高毒物品作业岗位职业病　危害告知规范.pdf
GBZT204,GBZT 204-2007 高毒物品作业岗位职业病危害信息指南,职业健康,.pdf,法律标准\标准\职业卫生\GBZT 204-2007 高毒物品作业岗位职业病危害信息指南.pdf
GBZT210.1,GBZT 210.1-2008 职业卫生标准制定指南 第1部分：工作场所化学物质职业接触限值,职业健康,.pdf,法律标准\标准\职业卫生\GBZT 210.1-2008 职业卫生标准制定指南 第1部分：工作场所化学物质职业接触限值.pdf
GBZT210.3,GBZT 210.3-2008 职业卫生标准制定指南 第3部分：工作场所物理因素职业接触限值,职业健康,.pdf,法律标准\标准\职业卫生\GBZT 210.3-2008 职业卫生标准制定指南 第3部分：工作场所物理因素职业接触限值.pdf
GBZT210.4,GBZT 210.4-2008 职业卫生标准制定指南 第4部分：工作场所空气中化学物质的测定方法,职业健康,.pdf,法律标准\标准\职业卫生\GBZT 210.4-2008 职业卫生标准制定指南 第4部分：工作场所空气中化学物质的测定方法.pdf
GBZT220.3,GBZT 220.3-2015 建设项目职业病危害放射防护评价规范+第3部分：γ辐照加工装置、中高能加速器,职业健康,.pdf,法律标准\标准\职业卫生\GBZT 220.3-2015 建设项目职业病危害放射防护评价规范+第3部分：γ辐照加工装置、中高能加速器.pdf
GBZT224,GBZT 224-2010 职业卫生名词术语,职业健康,.pdf,法律标准\标准\职业卫生\GBZT 224-2010 职业卫生名词术语.pdf
GBZT225,GBZT 225-2010 用人单位职业病防治指南,职业健康,.pdf,法律标准\标准\职业卫生\GBZT 225-2010 用人单位职业病防治指南.pdf
GBZT229.2,GBZT 229.2-2010 工作场所职业病危害作业分级 第2部分：化学物,职业健康,.pdf,法律标准\标准\职业卫生\GBZT 229.2-2010 工作场所职业病危害作业分级 第2部分：化学物.pdf
GBZT229.3,GBZT 229.3-2010 工作场所职业病危害作业分级 第3部分：高温,职业健康,.pdf,法律标准\标准\职业卫生\GBZT 229.3-2010 工作场所职业病危害作业分级 第3部分：高温.pdf
GBZT229.4,GBZT 229.4-2012 工作场所职业病危害作业分级 第4部分：噪声,职业健康,.pdf,法律标准\标准\职业卫生\GBZT 229.4-2012 工作场所职业病危害作业分级 第4部分：噪声.pdf
GBZT231,GBZT 231-2010 黑色金属冶炼及压延加工业职业卫生防护技术规范,职业健康,.pdf,法律标准\标准\职业卫生\GBZT 231-2010 黑色金属冶炼及压延加工业职业卫生防护技术规范.pdf
GBZT251,GBZT 251-2014 汽车铸造作业职业危害预防控制指南,职业健康,.pdf,法律标准\标准\职业卫生\GBZT 251-2014 汽车铸造作业职业危害预防控制指南.pdf
GBZT253,GBZT 253-2014 造纸业职业病危害预防控制指南,职业健康,.pdf,法律标准\标准\职业卫生\GBZT 253-2014 造纸业职业病危害预防控制指南.pdf
GBZT259,GBZT 259-2014 硫化氢职业危害防护导则,职业健康,.pdf,法律标准\标准\职业卫生\GBZT 259-2014 硫化氢职业危害防护导则.pdf
GBZT260,GBZT 260-2014 职业禁忌证界定导则,职业健康,.pdf,法律标准\标准\职业卫生\GBZT 260-2014 职业禁忌证界定导则.pdf
GBZT265,GBZT 265-2014 职业病诊断通则,职业健康,.pdf,法律标准\标准\职业卫生\GBZT 265-2014 职业病诊断通则.pdf
GBZT300.1,GBZT 300.1-2017 工作场所空气有毒气物质测定,职业健康,.pdf,法律标准\标准\职业卫生\GBZT 300.1-2017 工作场所空气有毒气物质测定.pdf
GBZT_197,GBZT_197-2007 建设项目职业病危害控制效果评价导则,职业健康,.pdf,法律标准\标准\职业卫生\GBZT_197-2007 建设项目职业病危害控制效果评价导则.pdf
JB-2013,用人单位职业卫生基础建设主要内容及检查方法-ZW-JB-2013-002,职业健康,.doc,法律标准\标准\职业卫生\用人单位职业卫生基础建设主要内容及检查方法-ZW-JB-2013-002.doc
JB-2013,用人单位职业卫生基础建设主要内容及检查方法-ZW-JB-2013-002,职业健康,.docx,法律标准\标准\职业卫生\用人单位职业卫生基础建设主要内容及检查方法-ZW-JB-2013-002.docx
JB-2014,ZW-JB-2014-002 建设项目职业病防护设施设计专篇编制要求,职业健康,.doc,法律标准\标准\职业卫生\ZW-JB-2014-002 建设项目职业病防护设施设计专篇编制要求.doc
JB-2014,ZW-JB-2014-002 建设项目职业病防护设施设计专篇编制要求,职业健康,.docx,法律标准\标准\职业卫生\ZW-JB-2014-002 建设项目职业病防护设施设计专篇编制要求.docx
JB-2014,ZW-JB-2014-003 建设项目职业病危害控制效果评价报告编制要求,职业健康,.doc,法律标准\标准\职业卫生\ZW-JB-2014-003 建设项目职业病危害控制效果评价报告编制要求.doc
JB-2014,ZW-JB-2014-003 建设项目职业病危害控制效果评价报告编制要求,职业健康,.docx,法律标准\标准\职业卫生\ZW-JB-2014-003 建设项目职业病危害控制效果评价报告编制要求.docx
JB-2014,ZW-JB-2014-004 建设项目职业病危害预评价报告编制要求,职业健康,.doc,法律标准\标准\职业卫生\ZW-JB-2014-004 建设项目职业病危害预评价报告编制要求.doc
JB-2014,ZW-JB-2014-004 建设项目职业病危害预评价报告编制要求,职业健康,.docx,法律标准\标准\职业卫生\ZW-JB-2014-004 建设项目职业病危害预评价报告编制要求.docx
JB9974,JB 9974-1999 闭式压力机噪声限值,职业健康,.pdf,法律标准\标准\职业卫生\JB 9974-1999 闭式压力机噪声限值.pdf
LD80,LD 80-1995 噪声作业分级,职业健康,.pdf,法律标准\标准\职业卫生\LD 80-1995 噪声作业分级.pdf
LDT75,LD T75-1995 劳动防护用品分类与代码,职业健康,.pdf,法律标准\标准\职业卫生\LD T75-1995 劳动防护用品分类与代码.pdf
SYT6276,SYT6276-2014  石油天然气工业健康、安全与环境管理体系,职业健康,.pdf,法律标准\标准\中油标准\SYT6276-2014  石油天然气工业健康、安全与环境管理体系.pdf
WS375.13,WS 375.13-2017 疾病控制基本数据集 第13部分：职业病危害因素监测,职业健康,.pdf,法律标准\标准\新建文件夹\WS 375.13-2017 疾病控制基本数据集 第13部分：职业病危害因素监测.pdf
,1.劳动防护用品选择程序,职业健康,.doc,法律标准\法律法规\职业健康法律法规\国家安全监管总局办公厅关于修改用人单位劳动防护用品管理规范的通知2018年3号\1.劳动防护用品选择程序.doc
,1.劳动防护用品选择程序,职业健康,.docx,法律标准\法律法规\职业健康法律法规\国家安全监管总局办公厅关于修改用人单位劳动防护用品管理规范的通知2018年3号\1.劳动防护用品选择程序.docx
,2001关于加强职业安全健康管理体系管理工作的通知,职业健康,.doc,法律标准\法律法规\职业健康法律法规\2001关于加强职业安全健康管理体系管理工作的通知.doc
,2001关于加强职业安全健康管理体系管理工作的通知,职业健康,.docx,法律标准\法律法规\职业健康法律法规\2001关于加强职业安全健康管理体系管理工作的通知.docx
,2003卫生部关于进一步加强职业病诊断鉴定管理工作的通知,职业健康,.doc,法律标准\法律法规\职业健康法律法规\2003卫生部关于进一步加强职业病诊断鉴定管理工作的通知.doc
,2003卫生部关于进一步加强职业病诊断鉴定管理工作的通知,职业健康,.docx,法律标准\法律法规\职业健康法律法规\2003卫生部关于进一步加强职业病诊断鉴定管理工作的通知.docx
,2009卫生部关于进一步落实责任切实做好职业病防治工作的通知,职业健康,.doc,法律标准\法律法规\2009卫生部关于进一步落实责任切实做好职业病防治工作的通知.doc
,2009卫生部关于进一步落实责任切实做好职业病防治工作的通知,职业健康,.docx,法律标准\法律法规\2009卫生部关于进一步落实责任切实做好职业病防治工作的通知.docx
,2016检测规范,职业健康,.doc,法律标准\法律法规\职业健康法律法规\2016检测规范.doc
,2016检测规范,职业健康,.docx,法律标准\法律法规\职业健康法律法规\2016检测规范.docx
,2017年全省职业健康工作要点》的通知,职业健康,.doc,法律标准\法律法规\职业健康法律法规\2017年全省职业健康工作要点》的通知.doc
,2017年全省职业健康工作要点》的通知,职业健康,.docx,法律标准\法律法规\职业健康法律法规\2017年全省职业健康工作要点》的通知.docx
,2021-01-20工作场所职业卫生管理规定,职业健康,.docx,新文件包\2021-01-20工作场所职业卫生管理规定.docx
,2021-01-20工作场所职业卫生管理规定,职业健康,.docx,法律标准\标准\安全、职业卫生新规范\2021-01-20工作场所职业卫生管理规定.docx
,3.用人单位劳动防护用品配备标准,职业健康,.docx,法律标准\法律法规\职业健康法律法规\国家安全监管总局办公厅关于修改用人单位劳动防护用品管理规范的通知2018年3号\3.用人单位劳动防护用品配备标准.docx
,4.劳动防护用品发放登记表,职业健康,.docx,法律标准\法律法规\职业健康法律法规\国家安全监管总局办公厅关于修改用人单位劳动防护用品管理规范的通知2018年3号\4.劳动防护用品发放登记表.docx
,6职业资格或技术职称的证书复印件,职业健康,.docx,新文件包\一人一档模板\1主要负责人安全教育培训档案\6职业资格或技术职称的证书复印件.docx
,6职业资格或技术职称的证书复印件,职业健康,.docx,新文件包\一人一档模板\2安全管理人员安全教育培训档案\6职业资格或技术职称的证书复印件.docx
,6职业资格或技术职称的证书复印件,职业健康,.docx,新文件包\一人一档模板\3特种作业人员\6职业资格或技术职称的证书复印件.docx
,8身体健康体检证明（特种作业设备人员）,职业健康,.docx,新文件包\一人一档模板\3特种作业人员\8身体健康体检证明（特种作业设备人员）.docx
,9-1,职业健康,.doc,法律标准\法律法规\职业健康法律法规\建设项目职业病防护设施三同时管理办法\9-1.doc
,9-1,职业健康,.docx,法律标准\法律法规\职业健康法律法规\建设项目职业病防护设施三同时管理办法\9-1.docx
,9-1,职业健康,.doc,法律标准\法律法规\职业健康法律法规\建设项目职业病防护设施三同时管理办法\37\9-1.doc
,9-1,职业健康,.docx,法律标准\法律法规\职业健康法律法规\建设项目职业病防护设施三同时管理办法\37\9-1.docx
,9-2,职业健康,.doc,法律标准\法律法规\职业健康法律法规\建设项目职业病防护设施三同时管理办法\9-2.doc
,9-2,职业健康,.docx,法律标准\法律法规\职业健康法律法规\建设项目职业病防护设施三同时管理办法\9-2.docx
,9-2,职业健康,.doc,法律标准\法律法规\职业健康法律法规\建设项目职业病防护设施三同时管理办法\37\9-2.doc
,9-2,职业健康,.docx,法律标准\法律法规\职业健康法律法规\建设项目职业病防护设施三同时管理办法\37\9-2.docx
,9-3,职业健康,.doc,法律标准\法律法规\职业健康法律法规\建设项目职业病防护设施三同时管理办法\37\9-3.doc
,9-3,职业健康,.docx,法律标准\法律法规\职业健康法律法规\建设项目职业病防护设施三同时管理办法\37\9-3.docx
,9-4,职业健康,.doc,法律标准\法律法规\职业健康法律法规\建设项目职业病防护设施三同时管理办法\37\9-4.doc
,9-4,职业健康,.docx,法律标准\法律法规\职业健康法律法规\建设项目职业病防护设施三同时管理办法\37\9-4.docx
,9-5,职业健康,.doc,法律标准\法律法规\职业健康法律法规\建设项目职业病防护设施三同时管理办法\37\9-5.doc
,9-5,职业健康,.docx,法律标准\法律法规\职业健康法律法规\建设项目职业病防护设施三同时管理办法\37\9-5.docx
,9-6,职业健康,.doc,法律标准\法律法规\职业健康法律法规\建设项目职业病防护设施三同时管理办法\37\9-6.doc
,9-6,职业健康,.docx,法律标准\法律法规\职业健康法律法规\建设项目职业病防护设施三同时管理办法\37\9-6.docx
,9-7,职业健康,.doc,法律标准\法律法规\职业健康法律法规\建设项目职业病防护设施三同时管理办法\37\9-7.doc
,9-7,职业健康,.docx,法律标准\法律法规\职业健康法律法规\建设项目职业病防护设施三同时管理办法\37\9-7.docx
,9-8,职业健康,.doc,法律标准\法律法规\职业健康法律法规\建设项目职业病防护设施三同时管理办法\37\9-8.doc
,9-8,职业健康,.docx,法律标准\法律法规\职业健康法律法规\建设项目职业病防护设施三同时管理办法\37\9-8.docx
,9-9,职业健康,.doc,法律标准\法律法规\职业健康法律法规\建设项目职业病防护设施三同时管理办法\37\9-9.doc
,9-9,职业健康,.docx,法律标准\法律法规\职业健康法律法规\建设项目职业病防护设施三同时管理办法\37\9-9.docx
,ACGIH-2016职业病危害因素接触限值(化学类)excel版,职业健康,.xlsx,法律标准\标准\职业卫生\有害因素限值\ACGIH-2016职业病危害因素接触限值(化学类)excel版.xlsx
,BZ 2.1-2019 工作场所有害因素职业接触限值 第1部分：化学有害因素 含2022年第1号修改单,职业健康,.pdf,111111\BZ 2.1-2019 工作场所有害因素职业接触限值 第1部分：化学有害因素 含2022年第1号修改单.pdf
,GBZ T 259-2014 硫化氢职业危害防护导则,职业健康,.xdf,法律标准\标准\安全、职业卫生新规范\GBZ T 259-2014 硫化氢职业危害防护导则.xdf
,HG 20571-2014 化工企业安全卫生设计规范,职业健康,.pdf,法律标准\标准\职业卫生\HG 20571-2014 化工企业安全卫生设计规范.pdf
,HGT 20570.10-1995 工艺系统专业噪声控制设计,职业健康,.pdf,法律标准\标准\爆破片\HGT 20570\HGT 20570.10-1995 工艺系统专业噪声控制设计.pdf
,NBT 32040-2017 光伏发电工程劳动安全与职业卫生设计规范,职业健康,.pdf,光伏\NBT 32040-2017 光伏发电工程劳动安全与职业卫生设计规范.pdf
,NB∕T 10219-2019 风电场工程劳动安全与职业卫生设计规范,职业健康,.pdf,111111\NB∕T 10219-2019 风电场工程劳动安全与职业卫生设计规范.pdf
,QSY 169-2006  劳动防护服装+基本规定,职业健康,.pdf,法律标准\标准\职业卫生\QSY 169-2006  劳动防护服装+基本规定.pdf
,QSY 178-2009  员工个人劳动防护用品管理及配备规定,职业健康,.pdf,法律标准\标准\职业卫生\QSY 178-2009  员工个人劳动防护用品管理及配备规定.pdf
,QSY 178-2009 员工个人劳动防护用品管理及配备规定,职业健康,.pdf,法律标准\标准\职业卫生\QSY 178-2009 员工个人劳动防护用品管理及配备规定.pdf
,QSY1002.1-2013  健康、安全与环境管理体系第1部分：规范,职业健康,.pdf,法律标准\标准\中油标准\QSY1002.1-2013  健康、安全与环境管理体系第1部分：规范.pdf
,QSY1002.2-2014  健康、安全与环境管理体系 第2部分：实施指南-报批稿,职业健康,.doc,法律标准\标准\中油标准\QSY1002.2-2014  健康、安全与环境管理体系 第2部分：实施指南-报批稿.doc
,QSY1002.2-2014  健康、安全与环境管理体系 第2部分：实施指南-报批稿,职业健康,.docx,法律标准\标准\中油标准\QSY1002.2-2014  健康、安全与环境管理体系 第2部分：实施指南-报批稿.docx
,QSY1002.3-2014  健康、安全与环境管理体系 第3部分：审核指南-报批稿,职业健康,.doc,法律标准\标准\中油标准\QSY1002.3-2014  健康、安全与环境管理体系 第3部分：审核指南-报批稿.doc
,QSY1002.3-2014  健康、安全与环境管理体系 第3部分：审核指南-报批稿,职业健康,.docx,法律标准\标准\中油标准\QSY1002.3-2014  健康、安全与环境管理体系 第3部分：审核指南-报批稿.docx
,QSY175.1-2006 阻燃防护服,职业健康,.pdf,法律标准\标准\职业卫生\QSY175.1-2006 阻燃防护服.pdf
,QSYT6524-2002  石油工业作业场所劳动防护用具配备要求,职业健康,.pdf,法律标准\标准\中油标准\QSYT6524-2002  石油工业作业场所劳动防护用具配备要求.pdf
,SH 3047-93 石油化工企业职业安全卫生设计规范,职业健康,.doc,法律标准\标准\职业卫生\SH 3047-93 石油化工企业职业安全卫生设计规范.doc
,SH 3047-93 石油化工企业职业安全卫生设计规范,职业健康,.docx,法律标准\标准\职业卫生\SH 3047-93 石油化工企业职业安全卫生设计规范.docx
,《国家卫生健康委办公厅关于进一步加强用人单位职业健康培训工作的通知》（国卫办职健函〔2022〕441号）,职业健康,.pdf,新法规\《国家卫生健康委办公厅关于进一步加强用人单位职业健康培训工作的通知》（国卫办职健函〔2022〕441号）.pdf
,一般有毒物品目录（2002年206种）,职业健康,.doc,法律标准\法律法规\职业健康法律法规\一般有毒物品目录（2002年206种）.doc
,一般有毒物品目录（2002年206种）,职业健康,.docx,法律标准\法律法规\职业健康法律法规\一般有毒物品目录（2002年206种）.docx
,中华人民共和国劳动合同法(2012年修正本）-主席令第73号,职业健康,.doc,法律标准\法律法规\职业健康法律法规\中华人民共和国劳动合同法(2012年修正本）-主席令第73号.doc
,中华人民共和国劳动合同法(2012年修正本）-主席令第73号,职业健康,.docx,法律标准\法律法规\职业健康法律法规\中华人民共和国劳动合同法(2012年修正本）-主席令第73号.docx
,中华人民共和国劳动法-主席令第28,职业健康,.doc,法律标准\法律法规\职业健康法律法规\中华人民共和国劳动法-主席令第28.doc
,中华人民共和国劳动法-主席令第28,职业健康,.docx,法律标准\法律法规\职业健康法律法规\中华人民共和国劳动法-主席令第28.docx
,中华人民共和国尘肺病防治条例-1987.12.3国务院发布,职业健康,.doc,法律标准\法律法规\职业健康法律法规\中华人民共和国尘肺病防治条例-1987.12.3国务院发布.doc
,中华人民共和国尘肺病防治条例-1987.12.3国务院发布,职业健康,.docx,法律标准\法律法规\职业健康法律法规\中华人民共和国尘肺病防治条例-1987.12.3国务院发布.docx
,中华人民共和国尘肺病防治条例1987,职业健康,.doc,法律标准\法律法规\职业健康法律法规\中华人民共和国尘肺病防治条例1987.doc
,中华人民共和国尘肺病防治条例1987,职业健康,.docx,法律标准\法律法规\职业健康法律法规\中华人民共和国尘肺病防治条例1987.docx
,中华人民共和国工会法（2001年修正本）-主席令第62号,职业健康,.doc,法律标准\法律法规\职业健康法律法规\中华人民共和国工会法（2001年修正本）-主席令第62号.doc
,中华人民共和国工会法（2001年修正本）-主席令第62号,职业健康,.docx,法律标准\法律法规\职业健康法律法规\中华人民共和国工会法（2001年修正本）-主席令第62号.docx
,中华人民共和国放射性污染防治法-主席令[2003]6号,职业健康,.doc,法律标准\法律法规\职业健康法律法规\中华人民共和国放射性污染防治法-主席令[2003]6号.doc
,中华人民共和国放射性污染防治法-主席令[2003]6号,职业健康,.docx,法律标准\法律法规\职业健康法律法规\中华人民共和国放射性污染防治法-主席令[2003]6号.docx
,中华人民共和国环境噪声污染防治法主席令[1997]77号,职业健康,.doc,法律标准\法律法规\环境保护法律法规\中华人民共和国环境噪声污染防治法主席令[1997]77号.doc
,中华人民共和国环境噪声污染防治法主席令[1997]77号,职业健康,.docx,法律标准\法律法规\环境保护法律法规\中华人民共和国环境噪声污染防治法主席令[1997]77号.docx
,中华人民共和国职业病防治法(2016年修正本）主席令第48号,职业健康,.doc,法律标准\法律法规\职业健康法律法规\中华人民共和国职业病防治法(2016年修正本）主席令第48号.doc
,中华人民共和国职业病防治法(2016年修正本）主席令第48号,职业健康,.docx,法律标准\法律法规\职业健康法律法规\中华人民共和国职业病防治法(2016年修正本）主席令第48号.docx
,中华人民共和国职业病防治法-主席令[2012]52号,职业健康,.doc,法律标准\法律法规\职业健康法律法规\中华人民共和国职业病防治法-主席令[2012]52号.doc
,中华人民共和国职业病防治法-主席令[2012]52号,职业健康,.docx,法律标准\法律法规\职业健康法律法规\中华人民共和国职业病防治法-主席令[2012]52号.docx
,中华人民共和国职业病防治法2016,职业健康,.doc,法律标准\法律法规\职业健康法律法规\中华人民共和国职业病防治法2016.doc
,中华人民共和国职业病防治法2016,职业健康,.docx,法律标准\法律法规\职业健康法律法规\中华人民共和国职业病防治法2016.docx
,中华人民共和国职业病防治法2017.11.4,职业健康,.doc,法律标准\法律法规\职业健康法律法规\中华人民共和国职业病防治法2017.11.4.doc
,中华人民共和国职业病防治法2017.11.4,职业健康,.docx,法律标准\法律法规\职业健康法律法规\中华人民共和国职业病防治法2017.11.4.docx
,中华人民共和国职业病防治法2017年11月修正版,职业健康,.docx,法律标准\法律法规\环境保护法律法规\中华人民共和国职业病防治法2017年11月修正版.docx
,中国石油天然气集团公司作业场所职业病危害因素检测规范,职业健康,.doc,法律标准\法律法规\集团规章\中国石油天然气集团公司作业场所职业病危害因素检测规范.doc
,中国石油天然气集团公司作业场所职业病危害因素检测规范,职业健康,.docx,法律标准\法律法规\集团规章\中国石油天然气集团公司作业场所职业病危害因素检测规范.docx
,中国石油天然气集团公司健康安全环保信息系统管理办法-安字【2007】36号,职业健康,.doc,法律标准\法律法规\集团规章\中国石油天然气集团公司健康安全环保信息系统管理办法-安字【2007】36号.doc
,中国石油天然气集团公司健康安全环保信息系统管理办法-安字【2007】36号,职业健康,.docx,法律标准\法律法规\集团规章\中国石油天然气集团公司健康安全环保信息系统管理办法-安字【2007】36号.docx
,中国石油天然气集团公司健康安全环境(HSE)管理原则-中油[2009] 5号,职业健康,.doc,法律标准\法律法规\集团规章\中国石油天然气集团公司健康安全环境(HSE)管理原则-中油[2009] 5号.doc
,中国石油天然气集团公司健康安全环境(HSE)管理原则-中油[2009] 5号,职业健康,.docx,法律标准\法律法规\集团规章\中国石油天然气集团公司健康安全环境(HSE)管理原则-中油[2009] 5号.docx
,中国石油天然气集团公司建设项目职业卫生“三同时”管理规定-安全〔2014〕297号,职业健康,.doc,法律标准\法律法规\集团规章\中国石油天然气集团公司建设项目职业卫生“三同时”管理规定-安全〔2014〕297号.doc
,中国石油天然气集团公司建设项目职业卫生“三同时”管理规定-安全〔2014〕297号,职业健康,.docx,法律标准\法律法规\集团规章\中国石油天然气集团公司建设项目职业卫生“三同时”管理规定-安全〔2014〕297号.docx
,中国石油天然气集团公司职业健康监护管理规范,职业健康,.doc,法律标准\法律法规\集团规章\中国石油天然气集团公司职业健康监护管理规范.doc
,中国石油天然气集团公司职业健康监护管理规范,职业健康,.docx,法律标准\法律法规\集团规章\中国石油天然气集团公司职业健康监护管理规范.docx
,中国石油天然气集团公司职业卫生档案管理规定-安全〔2014〕297号,职业健康,.doc,法律标准\法律法规\集团规章\中国石油天然气集团公司职业卫生档案管理规定-安全〔2014〕297号.doc
,中国石油天然气集团公司职业卫生档案管理规定-安全〔2014〕297号,职业健康,.docx,法律标准\法律法规\集团规章\中国石油天然气集团公司职业卫生档案管理规定-安全〔2014〕297号.docx
,中国石油天然气集团公司职业卫生管理办法-中油安[2016]192号,职业健康,.doc,法律标准\法律法规\集团规章\中国石油天然气集团公司职业卫生管理办法-中油安[2016]192号.doc
,中国石油天然气集团公司职业卫生管理办法-中油安[2016]192号,职业健康,.docx,法律标准\法律法规\集团规章\中国石油天然气集团公司职业卫生管理办法-中油安[2016]192号.docx
,中国石油天然气集团公司职业病危害告知与警示管理规定-2015,职业健康,.doc,法律标准\法律法规\集团规章\中国石油天然气集团公司职业病危害告知与警示管理规定-2015.doc
,中国石油天然气集团公司职业病危害告知与警示管理规定-2015,职业健康,.docx,法律标准\法律法规\集团规章\中国石油天然气集团公司职业病危害告知与警示管理规定-2015.docx
,中国石油天然气集团公司赴外工程技术服务队伍安全环境健康管理规定-中油质安字[2003]105号,职业健康,.doc,法律标准\法律法规\集团规章\中国石油天然气集团公司赴外工程技术服务队伍安全环境健康管理规定-中油质安字[2003]105号.doc
,中国石油天然气集团公司赴外工程技术服务队伍安全环境健康管理规定-中油质安字[2003]105号,职业健康,.docx,法律标准\法律法规\集团规章\中国石油天然气集团公司赴外工程技术服务队伍安全环境健康管理规定-中油质安字[2003]105号.docx
,中油安【2015】121中国石油天然气集团公司职业病危害告知与警示管理规定,职业健康,.pdf,法律标准\法律法规\职业健康法律法规\中油安【2015】121中国石油天然气集团公司职业病危害告知与警示管理规定.pdf
,中油安【2015】192 中国石油天然气集团公司职业卫生管理办法,职业健康,.pdf,法律标准\法律法规\职业健康法律法规\中油安【2015】192 中国石油天然气集团公司职业卫生管理办法.pdf
,作业场所职业危害申报表,职业健康,.xls,法律标准\法律法规\职业健康法律法规\作业场所职业危害申报表.xls
,使用有毒物品作业场所劳动保护条例,职业健康,.pdf,法律标准\法律法规\职业健康法律法规\使用有毒物品作业场所劳动保护条例.pdf
,使用有毒物品作业场所劳动保护条例-主席令[2002]352号,职业健康,.doc,法律标准\法律法规\职业健康法律法规\使用有毒物品作业场所劳动保护条例-主席令[2002]352号.doc
,使用有毒物品作业场所劳动保护条例-主席令[2002]352号,职业健康,.docx,法律标准\法律法规\职业健康法律法规\使用有毒物品作业场所劳动保护条例-主席令[2002]352号.docx
,关于下放调整建设项目职业卫生三同时许可事项的通知,职业健康,.doc,法律标准\法律法规\职业健康法律法规\关于下放调整建设项目职业卫生三同时许可事项的通知.doc
,关于下放调整建设项目职业卫生三同时许可事项的通知,职业健康,.docx,法律标准\法律法规\职业健康法律法规\关于下放调整建设项目职业卫生三同时许可事项的通知.docx
,关于下放调整建设项目职业卫生三同时许可事项的通知-冀安监管职健【2016】26号】,职业健康,.doc,法律标准\法律法规\职业健康法律法规\关于下放调整建设项目职业卫生三同时许可事项的通知-冀安监管职健【2016】26号】.doc
,关于下放调整建设项目职业卫生三同时许可事项的通知-冀安监管职健【2016】26号】,职业健康,.docx,法律标准\法律法规\职业健康法律法规\关于下放调整建设项目职业卫生三同时许可事项的通知-冀安监管职健【2016】26号】.docx
,关于下放调整建设项目职业卫生三同时许可事项的通知-冀安监管职健〔2016〕26号,职业健康,.doc,法律标准\法律法规\职业健康法律法规\关于下放调整建设项目职业卫生三同时许可事项的通知-冀安监管职健〔2016〕26号.doc
,关于下放调整建设项目职业卫生三同时许可事项的通知-冀安监管职健〔2016〕26号,职业健康,.docx,法律标准\法律法规\职业健康法律法规\关于下放调整建设项目职业卫生三同时许可事项的通知-冀安监管职健〔2016〕26号.docx
,关于做好建设项目职业卫生三同时监管的通知-冀安监管职健〔2011〕98号,职业健康,.doc,法律标准\法律法规\职业健康法律法规\关于做好建设项目职业卫生三同时监管的通知-冀安监管职健〔2011〕98号.doc
,关于做好建设项目职业卫生三同时监管的通知-冀安监管职健〔2011〕98号,职业健康,.docx,法律标准\法律法规\职业健康法律法规\关于做好建设项目职业卫生三同时监管的通知-冀安监管职健〔2011〕98号.docx
,关于做好建设项目职业病防护设施设计审查相关工作的通知-冀安监管职健函〔2015〕90号,职业健康,.doc,法律标准\法律法规\职业健康法律法规\关于做好建设项目职业病防护设施设计审查相关工作的通知-冀安监管职健函〔2015〕90号.doc
,关于做好建设项目职业病防护设施设计审查相关工作的通知-冀安监管职健函〔2015〕90号,职业健康,.docx,法律标准\法律法规\职业健康法律法规\关于做好建设项目职业病防护设施设计审查相关工作的通知-冀安监管职健函〔2015〕90号.docx
,关于加强职业病危害现状评价和检测工作的通知-冀安监管职健〔2012〕142号,职业健康,.doc,法律标准\法律法规\职业健康法律法规\关于加强职业病危害现状评价和检测工作的通知-冀安监管职健〔2012〕142号.doc
,关于加强职业病危害现状评价和检测工作的通知-冀安监管职健〔2012〕142号,职业健康,.docx,法律标准\法律法规\职业健康法律法规\关于加强职业病危害现状评价和检测工作的通知-冀安监管职健〔2012〕142号.docx
,关于印发《职业卫生档案》和《职业健康监护档案》管理要求的通知-冀安监管职健[2013]52号,职业健康,.pdf,法律标准\法律法规\职业健康法律法规\关于印发《职业卫生档案》和《职业健康监护档案》管理要求的通知-冀安监管职健[2013]52号.pdf
,关于废止和修改劳动防护用品和安全培训等领域十部规章的决定国家安全生产监督管理总局第80号令,职业健康,.docx,法律标准\法律法规\职业健康法律法规\关于废止和修改劳动防护用品和安全培训等领域十部规章的决定国家安全生产监督管理总局第80号令.docx
,关于征求建设项目职业卫生三同时监督管理暂行办法意见的通知-修改草案送审稿,职业健康,.doc,法律标准\法律法规\职业健康法律法规\关于征求建设项目职业卫生三同时监督管理暂行办法意见的通知-修改草案送审稿.doc
,关于征求建设项目职业卫生三同时监督管理暂行办法意见的通知-修改草案送审稿,职业健康,.docx,法律标准\法律法规\职业健康法律法规\关于征求建设项目职业卫生三同时监督管理暂行办法意见的通知-修改草案送审稿.docx
,关于贯彻落实《建设项目职业病防护设施“三同时”监督管理办法》的通知 安监总厅安健〔2017〕37号,职业健康,.docx,法律标准\法律法规\职业健康法律法规\关于贯彻落实《建设项目职业病防护设施“三同时”监督管理办法》的通知 安监总厅安健〔2017〕37号.docx
,关于进一步加强建设项目职业卫生“三同时”工作的通知-安监总安健〔2011〕192号,职业健康,.doc,法律标准\法律法规\职业健康法律法规\关于进一步加强建设项目职业卫生“三同时”工作的通知-安监总安健〔2011〕192号.doc
,关于进一步加强建设项目职业卫生“三同时”工作的通知-安监总安健〔2011〕192号,职业健康,.docx,法律标准\法律法规\职业健康法律法规\关于进一步加强建设项目职业卫生“三同时”工作的通知-安监总安健〔2011〕192号.docx
,关于进一步加强建设项目职业卫生“三同时”监管工作的通知-安健函【2016】30号,职业健康,.doc,法律标准\法律法规\职业健康法律法规\关于进一步加强建设项目职业卫生“三同时”监管工作的通知-安健函【2016】30号.doc
,关于进一步加强建设项目职业卫生“三同时”监管工作的通知-安健函【2016】30号,职业健康,.docx,法律标准\法律法规\职业健康法律法规\关于进一步加强建设项目职业卫生“三同时”监管工作的通知-安健函【2016】30号.docx
,劳动防护用品选用规则,职业健康,.xls,法律标准\标准\参考资料\劳动防护用品选用规则.xls
,劳动防护用品配备标准（试行）-国经贸安全[2000]189号,职业健康,.doc,法律标准\法律法规\职业健康法律法规\劳动防护用品配备标准（试行）-国经贸安全[2000]189号.doc
,劳动防护用品配备标准（试行）-国经贸安全[2000]189号,职业健康,.docx,法律标准\法律法规\职业健康法律法规\劳动防护用品配备标准（试行）-国经贸安全[2000]189号.docx
,国务院关于职工工作时间的规定1995,职业健康,.doc,法律标准\法律法规\职业健康法律法规\国务院关于职工工作时间的规定1995.doc
,国务院关于职工工作时间的规定1995,职业健康,.docx,法律标准\法律法规\职业健康法律法规\国务院关于职工工作时间的规定1995.docx
,国务院安全生产委员会关于印发2017年安全生产工作要点的通知安委[2017]1号,职业健康,.doc,法律标准\法律法规\职业健康法律法规\国务院安全生产委员会关于印发2017年安全生产工作要点的通知安委[2017]1号.doc
,国务院安全生产委员会关于印发2017年安全生产工作要点的通知安委[2017]1号,职业健康,.docx,法律标准\法律法规\职业健康法律法规\国务院安全生产委员会关于印发2017年安全生产工作要点的通知安委[2017]1号.docx
,国家卫生健康委办公厅关于贯彻落实职业卫生技术服务机构管理办法的通知-20210121(1),职业健康,.docx,法律标准\标准\安全、职业卫生新规范\国家卫生健康委办公厅关于贯彻落实职业卫生技术服务机构管理办法的通知-20210121(1).docx
,国家安全生产监督管理总局令90,职业健康,.doc,法律标准\法律法规\职业健康法律法规\国家安全生产监督管理总局令90.doc
,国家安全生产监督管理总局令90,职业健康,.docx,法律标准\法律法规\职业健康法律法规\国家安全生产监督管理总局令90.docx
,国家安全生产监督管理总局令第90号,职业健康,.docx,法律标准\法律法规\职业健康法律法规\国家安全生产监督管理总局令第90号.docx
,国家安全监管总局令第51号施行说明,职业健康,.doc,法律标准\法律法规\职业健康法律法规\国家安全监管总局令第51号施行说明.doc
,国家安全监管总局令第51号施行说明,职业健康,.docx,法律标准\法律法规\职业健康法律法规\国家安全监管总局令第51号施行说明.docx
,国家安全监管总局关于废止和修改劳动防护用品和安全培训等领域十部规章的决定 安监总局80号令,职业健康,.docx,法律标准\法律法规\国家安全监管总局关于废止和修改劳动防护用品和安全培训等领域十部规章的决定 安监总局80号令.docx
,国家安全监管总局办公厅关于修改用人单位劳动防护用品管理规范的通知2018年3号,职业健康,.docx,111111\隐患排查依据文本（一）\隐患排查依据文本（一）\法规\国家安全监管总局办公厅关于修改用人单位劳动防护用品管理规范的通知2018年3号.docx
,国家安全监管总局办公厅关于修改用人单位劳动防护用品管理规范的通知2018年3号,职业健康,.docx,法律标准\法律法规\职业健康法律法规\国家安全监管总局办公厅关于修改用人单位劳动防护用品管理规范的通知2018年3号\国家安全监管总局办公厅关于修改用人单位劳动防护用品管理规范的通知2018年3号.docx
,国家安全监管总局办公厅关于推动水泥行业淘汰落后产能开展安全生产和职业健康执法专项行动的通知安监总厅安健〔2017〕34号,职业健康,.docx,法律标准\法律法规\职业健康法律法规\国家安全监管总局办公厅关于推动水泥行业淘汰落后产能开展安全生产和职业健康执法专项行动的通知安监总厅安健〔2017〕34号.docx
,国家安全监管总局办公厅关于贯彻落实建设项目职业病防护设施三同时监督管理办法的通安监总厅安健,职业健康,.doc,法律标准\法律法规\职业健康法律法规\建设项目职业病防护设施三同时管理办法\37\国家安全监管总局办公厅关于贯彻落实建设项目职业病防护设施三同时监督管理办法的通安监总厅安健.doc
,国家安全监管总局办公厅关于贯彻落实建设项目职业病防护设施三同时监督管理办法的通安监总厅安健,职业健康,.docx,法律标准\法律法规\职业健康法律法规\建设项目职业病防护设施三同时管理办法\37\国家安全监管总局办公厅关于贯彻落实建设项目职业病防护设施三同时监督管理办法的通安监总厅安健.docx
,国家职业卫生标准管理办法-卫生部令第20号,职业健康,.doc,法律标准\法律法规\职业健康法律法规\国家职业卫生标准管理办法-卫生部令第20号.doc
,国家职业卫生标准管理办法-卫生部令第20号,职业健康,.docx,法律标准\法律法规\职业健康法律法规\国家职业卫生标准管理办法-卫生部令第20号.docx
,女职工劳动保护特别规定-国务院令[2012]619号,职业健康,.docx,法律标准\法律法规\职业健康法律法规\女职工劳动保护特别规定-国务院令[2012]619号.docx
,安全【2014】297中国石油天然气集团公司建设项目职业卫生“三同时”管理规定,职业健康,.pdf,法律标准\法律法规\职业健康法律法规\安全【2014】297中国石油天然气集团公司建设项目职业卫生“三同时”管理规定.pdf
,安全标准,职业健康,.doc,法律标准\法律法规\职业健康法律法规\安全标准.doc
,安全标准,职业健康,.docx,法律标准\法律法规\职业健康法律法规\安全标准.docx
,实施职业卫生安全许可证制度的通知-冀安监管职健〔2010〕117号,职业健康,.doc,法律标准\法律法规\职业健康法律法规\实施职业卫生安全许可证制度的通知-冀安监管职健〔2010〕117号.doc
,实施职业卫生安全许可证制度的通知-冀安监管职健〔2010〕117号,职业健康,.docx,法律标准\法律法规\职业健康法律法规\实施职业卫生安全许可证制度的通知-冀安监管职健〔2010〕117号.docx
,小微型用人单位（20人以下）职业卫生基础建设主要内容及检查方法,职业健康,.doc,法律标准\标准\职业卫生\小微型用人单位（20人以下）职业卫生基础建设主要内容及检查方法.doc
,小微型用人单位（20人以下）职业卫生基础建设主要内容及检查方法,职业健康,.docx,法律标准\标准\职业卫生\小微型用人单位（20人以下）职业卫生基础建设主要内容及检查方法.docx
,川庆质安发(2008)33号+关于印发《川庆钻探工程有限公司劳动防护用品管理规定》的通知,职业健康,.doc,法律标准\标准\参考资料\川庆质安发(2008)33号+关于印发《川庆钻探工程有限公司劳动防护用品管理规定》的通知.DOC
,川庆质安发(2008)33号+关于印发《川庆钻探工程有限公司劳动防护用品管理规定》的通知,职业健康,.docx,法律标准\标准\参考资料\川庆质安发(2008)33号+关于印发《川庆钻探工程有限公司劳动防护用品管理规定》的通知.docx
,工业企业职工听力保护规范-卫生部卫法监发[1999]620号,职业健康,.doc,法律标准\法律法规\职业健康法律法规\工业企业职工听力保护规范-卫生部卫法监发[1999]620号.doc
,工业企业职工听力保护规范-卫生部卫法监发[1999]620号,职业健康,.docx,法律标准\法律法规\职业健康法律法规\工业企业职工听力保护规范-卫生部卫法监发[1999]620号.docx
,工伤保险条例（2010修订本）-国务院令586号,职业健康,.doc,法律标准\法律法规\职业健康法律法规\工伤保险条例（2010修订本）-国务院令586号.doc
,工伤保险条例（2010修订本）-国务院令586号,职业健康,.docx,法律标准\法律法规\职业健康法律法规\工伤保险条例（2010修订本）-国务院令586号.docx
,工作场所空气有毒物质：二硫化碳,职业健康,.pdf,法律标准\标准\职业卫生\工作场所空气有毒物质：二硫化碳.pdf
,工作场所职业卫生监督管理规定-安监总局令[2012]47号令,职业健康,.pdf,法律标准\法律法规\职业健康法律法规\工作场所职业卫生监督管理规定-安监总局令[2012]47号令.PDF
,市安监局职业卫生科执法检查重点及处罚内容(1),职业健康,.docx,法律标准\法律法规\职业健康法律法规\市安监局职业卫生科执法检查重点及处罚内容(1).docx
,建设项目三同时管理规定-安监总局90号令,职业健康,.doc,法律标准\法律法规\职业健康法律法规\建设项目三同时管理规定-安监总局90号令.doc
,建设项目三同时管理规定-安监总局90号令,职业健康,.docx,法律标准\法律法规\职业健康法律法规\建设项目三同时管理规定-安监总局90号令.docx
,建设项目职业卫生“三同时”监督管理暂行办法-安监总局令[2012]51号令,职业健康,.pdf,法律标准\法律法规\职业健康法律法规\建设项目职业卫生“三同时”监督管理暂行办法-安监总局令[2012]51号令.pdf
,建设项目职业卫生三同时监督管理暂行办法（修订草案送审稿）,职业健康,.doc,法律标准\法律法规\职业健康法律法规\建设项目职业卫生三同时监督管理暂行办法（修订草案送审稿）.doc
,建设项目职业卫生三同时监督管理暂行办法（修订草案送审稿）,职业健康,.docx,法律标准\法律法规\职业健康法律法规\建设项目职业卫生三同时监督管理暂行办法（修订草案送审稿）.docx
,建设项目职业病危害控制效果报告指导意见,职业健康,.docx,法律标准\法律法规\职业健康法律法规\建设项目职业病危害控制效果报告指导意见.docx
,建设项目职业病危害控制效果评价报告指导意见(试行),职业健康,.docx,法律标准\法律法规\职业健康法律法规\建设项目职业病危害控制效果评价报告指导意见(试行).docx
,建设项目职业病危害预评价报告审核（备案）申请书,职业健康,.doc,法律标准\法律法规\职业健康法律法规\建设项目职业病危害预评价报告审核（备案）申请书.doc
,建设项目职业病危害预评价报告审核（备案）申请书,职业健康,.docx,法律标准\法律法规\职业健康法律法规\建设项目职业病危害预评价报告审核（备案）申请书.docx
,建设项目职业病危害预评价报告指导意见,职业健康,.docx,法律标准\法律法规\职业健康法律法规\建设项目职业病危害预评价报告指导意见.docx
,建设项目职业病危害预评价报告指导意见(试行),职业健康,.doc,法律标准\法律法规\职业健康法律法规\建设项目职业病危害预评价报告指导意见(试行).doc
,建设项目职业病危害预评价报告指导意见(试行),职业健康,.docx,法律标准\法律法规\职业健康法律法规\建设项目职业病危害预评价报告指导意见(试行).docx
,建设项目职业病危害风险分类管理目录-安监总安健〔2012〕73号,职业健康,.doc,法律标准\法律法规\职业健康法律法规\建设项目职业病危害风险分类管理目录-安监总安健〔2012〕73号.doc
,建设项目职业病危害风险分类管理目录-安监总安健〔2012〕73号,职业健康,.docx,法律标准\法律法规\职业健康法律法规\建设项目职业病危害风险分类管理目录-安监总安健〔2012〕73号.docx
,建设项目职业病危害风险分类管理目录2021,职业健康,.doc,法律标准\标准\新建文件夹\建设项目职业病危害风险分类管理目录2021.doc
,建设项目职业病危害风险分类管理目录2021,职业健康,.docx,法律标准\标准\新建文件夹\建设项目职业病危害风险分类管理目录2021.docx
,建设项目职业病防护设施三同时监督管理办法 安监总厅安健【2017】37号,职业健康,.docx,法律标准\法律法规\职业健康法律法规\建设项目职业病防护设施三同时管理办法\建设项目职业病防护设施三同时监督管理办法 安监总厅安健【2017】37号.docx
,建设项目职业病防护设施三同时监督管理办法-安监总局令,职业健康,.doc,法律标准\法律法规\职业健康法律法规\建设项目职业病防护设施三同时监督管理办法-安监总局令.doc
,建设项目职业病防护设施三同时监督管理办法-安监总局令,职业健康,.docx,法律标准\法律法规\职业健康法律法规\建设项目职业病防护设施三同时监督管理办法-安监总局令.docx
,建设项目职业病防护设施审查申请书,职业健康,.doc,法律标准\法律法规\职业健康法律法规\建设项目职业病防护设施审查申请书.doc
,建设项目职业病防护设施审查申请书,职业健康,.docx,法律标准\法律法规\职业健康法律法规\建设项目职业病防护设施审查申请书.docx
,建设项目职业病防护设施竣工验收（备案）申请书,职业健康,.doc,法律标准\法律法规\职业健康法律法规\建设项目职业病防护设施竣工验收（备案）申请书.doc
,建设项目职业病防护设施竣工验收（备案）申请书,职业健康,.docx,法律标准\法律法规\职业健康法律法规\建设项目职业病防护设施竣工验收（备案）申请书.docx
,建设项目职业病防护设施设计审查申请书,职业健康,.doc,法律标准\法律法规\职业健康法律法规\建设项目职业病防护设施设计审查申请书.doc
,建设项目职业病防护设施设计审查申请书,职业健康,.docx,法律标准\法律法规\职业健康法律法规\建设项目职业病防护设施设计审查申请书.docx
,放射工作人员职业健康管理办法-卫生部[2007]55号令,职业健康,.doc,法律标准\法律法规\职业健康法律法规\放射工作人员职业健康管理办法-卫生部[2007]55号令.doc
,放射工作人员职业健康管理办法-卫生部[2007]55号令,职业健康,.docx,法律标准\法律法规\职业健康法律法规\放射工作人员职业健康管理办法-卫生部[2007]55号令.docx
,放射性同位素与射线装置安全和防护条例-国务院令[2005]449号,职业健康,.doc,法律标准\法律法规\职业健康法律法规\放射性同位素与射线装置安全和防护条例-国务院令[2005]449号.doc
,放射性同位素与射线装置安全和防护条例-国务院令[2005]449号,职业健康,.docx,法律标准\法律法规\职业健康法律法规\放射性同位素与射线装置安全和防护条例-国务院令[2005]449号.docx
,最新整理安全警示标志、职业危害警示标识大全及设置方法,职业健康,.doc,法律标准\标准\最新整理安全警示标志、职业危害警示标识大全及设置方法.doc
,最新整理安全警示标志、职业危害警示标识大全及设置方法,职业健康,.docx,法律标准\标准\最新整理安全警示标志、职业危害警示标识大全及设置方法.docx
,正文-国家卫生健康委办公厅关于贯彻落实职业卫生技术服务机构管理办法的通知（国卫办职健发[2021]2号）(1),职业健康,.pdf,法律标准\标准\安全、职业卫生新规范\正文-国家卫生健康委办公厅关于贯彻落实职业卫生技术服务机构管理办法的通知（国卫办职健发[2021]2号）(1).pdf
,河北省《职业卫生档案》《职业健康监护档案》建立要求及格式-冀安监管职健〔2013〕52号,职业健康,.doc,法律标准\法律法规\职业健康法律法规\河北省《职业卫生档案》《职业健康监护档案》建立要求及格式-冀安监管职健〔2013〕52号.doc
,河北省《职业卫生档案》《职业健康监护档案》建立要求及格式-冀安监管职健〔2013〕52号,职业健康,.docx,法律标准\法律法规\职业健康法律法规\河北省《职业卫生档案》《职业健康监护档案》建立要求及格式-冀安监管职健〔2013〕52号.docx
,河北省作业场所职业卫生监督管理办法-河北省人民政府令第12号,职业健康,.doc,法律标准\法律法规\职业健康法律法规\河北省作业场所职业卫生监督管理办法-河北省人民政府令第12号.doc
,河北省作业场所职业卫生监督管理办法-河北省人民政府令第12号,职业健康,.docx,法律标准\法律法规\职业健康法律法规\河北省作业场所职业卫生监督管理办法-河北省人民政府令第12号.docx
,河北省使用有毒物品作业场所职业卫生安全许可证实施办法-冀安监管职健〔2010〕120号,职业健康,.doc,法律标准\法律法规\职业健康法律法规\河北省使用有毒物品作业场所职业卫生安全许可证实施办法-冀安监管职健〔2010〕120号.doc
,河北省使用有毒物品作业场所职业卫生安全许可证实施办法-冀安监管职健〔2010〕120号,职业健康,.docx,法律标准\法律法规\职业健康法律法规\河北省使用有毒物品作业场所职业卫生安全许可证实施办法-冀安监管职健〔2010〕120号.docx
,河北省劳动防护用品监督管理办法,职业健康,.doc,法律标准\法律法规\河北省\河北省劳动防护用品监督管理办法.doc
,河北省劳动防护用品监督管理办法,职业健康,.docx,法律标准\法律法规\河北省\河北省劳动防护用品监督管理办法.docx
,河北省女职工劳动保护特别规定,职业健康,.doc,法律标准\法律法规\职业健康法律法规\河北省女职工劳动保护特别规定.doc
,河北省女职工劳动保护特别规定,职业健康,.docx,法律标准\法律法规\职业健康法律法规\河北省女职工劳动保护特别规定.docx
,河北省安全生产监督管理局关于印发2017年全省职业健康工作要点的通知 冀安监管职健[2017]13号,职业健康,.doc,法律标准\法律法规\职业健康法律法规\河北省安全生产监督管理局关于印发2017年全省职业健康工作要点的通知 冀安监管职健[2017]13号.doc
,河北省安全生产监督管理局关于印发2017年全省职业健康工作要点的通知 冀安监管职健[2017]13号,职业健康,.docx,法律标准\法律法规\职业健康法律法规\河北省安全生产监督管理局关于印发2017年全省职业健康工作要点的通知 冀安监管职健[2017]13号.docx
,河北省安全生产监督管理局冀安监管职健康[2012]90号文,职业健康,.doc,法律标准\法律法规\职业健康法律法规\河北省安全生产监督管理局冀安监管职健康[2012]90号文.doc
,河北省安全生产监督管理局冀安监管职健康[2012]90号文,职业健康,.docx,法律标准\法律法规\职业健康法律法规\河北省安全生产监督管理局冀安监管职健康[2012]90号文.docx
,河北省建设项目职业卫生三同时监管实施细则-冀安监管[2012]4号,职业健康,.doc,法律标准\法律法规\职业健康法律法规\河北省建设项目职业卫生三同时监管实施细则-冀安监管[2012]4号.doc
,河北省建设项目职业卫生三同时监管实施细则-冀安监管[2012]4号,职业健康,.docx,法律标准\法律法规\职业健康法律法规\河北省建设项目职业卫生三同时监管实施细则-冀安监管[2012]4号.docx
,河北省建设项目职业病防护设施设计专篇编制规范试行-冀安监管职健〔2012〕22号,职业健康,.doc,法律标准\法律法规\职业健康法律法规\河北省建设项目职业病防护设施设计专篇编制规范试行-冀安监管职健〔2012〕22号.doc
,河北省建设项目职业病防护设施设计专篇编制规范试行-冀安监管职健〔2012〕22号,职业健康,.docx,法律标准\法律法规\职业健康法律法规\河北省建设项目职业病防护设施设计专篇编制规范试行-冀安监管职健〔2012〕22号.docx
,河北省用人单位职业病危害现状评价导则（暂行）-冀安监管职健〔2012〕143号,职业健康,.doc,法律标准\法律法规\职业健康法律法规\河北省用人单位职业病危害现状评价导则（暂行）-冀安监管职健〔2012〕143号.doc
,河北省用人单位职业病危害现状评价导则（暂行）-冀安监管职健〔2012〕143号,职业健康,.docx,法律标准\法律法规\职业健康法律法规\河北省用人单位职业病危害现状评价导则（暂行）-冀安监管职健〔2012〕143号.docx
,河北省职业病危害因素检测规范（试行）-冀安监管职健2012.148号,职业健康,.doc,法律标准\法律法规\职业健康法律法规\河北省职业病危害因素检测规范（试行）-冀安监管职健2012.148号.doc
,河北省职业病危害因素检测规范（试行）-冀安监管职健2012.148号,职业健康,.docx,法律标准\法律法规\职业健康法律法规\河北省职业病危害因素检测规范（试行）-冀安监管职健2012.148号.docx
,河北省重点行业挥发性有机物达标治理工作方案,职业健康,.doc,法律标准\法律法规\职业健康法律法规\河北省重点行业挥发性有机物达标治理工作方案.doc
,河北省重点行业挥发性有机物达标治理工作方案,职业健康,.docx,法律标准\法律法规\职业健康法律法规\河北省重点行业挥发性有机物达标治理工作方案.docx
,特种劳动防护产品执行标准,职业健康,.doc,法律标准\标准\参考资料\特种劳动防护产品执行标准.doc
,特种劳动防护产品执行标准,职业健康,.docx,法律标准\标准\参考资料\特种劳动防护产品执行标准.docx
,特种劳动防护用品安全标志实施细则（安监总局文件2005）,职业健康,.doc,法律标准\法律法规\职业健康法律法规\特种劳动防护用品安全标志实施细则（安监总局文件2005）.doc
,特种劳动防护用品安全标志实施细则（安监总局文件2005）,职业健康,.docx,法律标准\法律法规\职业健康法律法规\特种劳动防护用品安全标志实施细则（安监总局文件2005）.docx
,用人单位劳动防护用品管理规范-安监总厅安健〔2015〕124号,职业健康,.doc,法律标准\法律法规\职业健康法律法规\用人单位劳动防护用品管理规范-安监总厅安健〔2015〕124号.doc
,用人单位劳动防护用品管理规范-安监总厅安健〔2015〕124号,职业健康,.docx,法律标准\法律法规\职业健康法律法规\用人单位劳动防护用品管理规范-安监总厅安健〔2015〕124号.docx
,用人单位职业健康监护监督管理办法-安监总局令[2012]49号令,职业健康,.pdf,法律标准\法律法规\职业健康法律法规\用人单位职业健康监护监督管理办法-安监总局令[2012]49号令.PDF
,用人单位职业病危害告知与警示标识管理规范-安监总厅安健〔2014〕111号,职业健康,.doc,法律标准\法律法规\职业健康法律法规\用人单位职业病危害告知与警示标识管理规范-安监总厅安健〔2014〕111号.doc
,用人单位职业病危害告知与警示标识管理规范-安监总厅安健〔2014〕111号,职业健康,.docx,法律标准\法律法规\职业健康法律法规\用人单位职业病危害告知与警示标识管理规范-安监总厅安健〔2014〕111号.docx
,用人单位职业病危害因素定期检测管理规范-安监总厅安健〔2015〕16号,职业健康,.doc,法律标准\法律法规\职业健康法律法规\用人单位职业病危害因素定期检测管理规范-安监总厅安健〔2015〕16号.doc
,用人单位职业病危害因素定期检测管理规范-安监总厅安健〔2015〕16号,职业健康,.docx,法律标准\法律法规\职业健康法律法规\用人单位职业病危害因素定期检测管理规范-安监总厅安健〔2015〕16号.docx
,用人单位职业病危害现状评价导则,职业健康,.docx,法律标准\法律法规\职业健康法律法规\用人单位职业病危害现状评价导则.docx
,用人单位职业病危害防治八条规定-安监总局[2015]76号令,职业健康,.doc,法律标准\法律法规\职业健康法律法规\用人单位职业病危害防治八条规定-安监总局[2015]76号令.doc
,用人单位职业病危害防治八条规定-安监总局[2015]76号令,职业健康,.docx,法律标准\法律法规\职业健康法律法规\用人单位职业病危害防治八条规定-安监总局[2015]76号令.docx
,职业健康检查管理办法(2019年修正),职业健康,.docx,新文件包\职业健康检查管理办法(2019年修正).docx
,职业健康检查管理办法-卫计委令[2015]5号,职业健康,.doc,法律标准\法律法规\职业健康法律法规\职业健康检查管理办法-卫计委令[2015]5号.doc
,职业健康检查管理办法-卫计委令[2015]5号,职业健康,.docx,法律标准\法律法规\职业健康法律法规\职业健康检查管理办法-卫计委令[2015]5号.docx
,职业健康管理制度1,职业健康,.doc,法律标准\标准\职业卫生\职业健康管理制度1.doc
,职业健康管理制度1,职业健康,.docx,法律标准\标准\职业卫生\职业健康管理制度1.docx
,职业健康管理制度2,职业健康,.doc,法律标准\标准\职业卫生\职业健康管理制度2.doc
,职业健康管理制度2,职业健康,.docx,法律标准\标准\职业卫生\职业健康管理制度2.docx
,职业健康管理制度3,职业健康,.doc,法律标准\标准\职业卫生\职业健康管理制度3.doc
,职业健康管理制度3,职业健康,.docx,法律标准\标准\职业卫生\职业健康管理制度3.docx
,职业健康管理相关名词解释,职业健康,.doc,法律标准\标准\新建文件夹\职业健康管理相关名词解释.doc
,职业健康管理相关名词解释,职业健康,.docx,法律标准\标准\新建文件夹\职业健康管理相关名词解释.docx
,职业卫生安全许可证实施办法（暂行）-冀安监管职健〔2010〕120号,职业健康,.doc,法律标准\法律法规\职业健康法律法规\职业卫生安全许可证实施办法（暂行）-冀安监管职健〔2010〕120号.doc
,职业卫生安全许可证实施办法（暂行）-冀安监管职健〔2010〕120号,职业健康,.docx,法律标准\法律法规\职业健康法律法规\职业卫生安全许可证实施办法（暂行）-冀安监管职健〔2010〕120号.docx
,职业卫生技术服务机构工作规范-安监总厅安健〔2014〕39号,职业健康,.doc,法律标准\法律法规\职业健康法律法规\职业卫生技术服务机构工作规范-安监总厅安健〔2014〕39号.doc
,职业卫生技术服务机构工作规范-安监总厅安健〔2014〕39号,职业健康,.docx,法律标准\法律法规\职业健康法律法规\职业卫生技术服务机构工作规范-安监总厅安健〔2014〕39号.docx
,职业卫生技术服务机构检测工作规范-安监总厅安健〔2016〕9号,职业健康,.doc,法律标准\法律法规\职业健康法律法规\职业卫生技术服务机构检测工作规范-安监总厅安健〔2016〕9号.doc
,职业卫生技术服务机构检测工作规范-安监总厅安健〔2016〕9号,职业健康,.docx,法律标准\法律法规\职业健康法律法规\职业卫生技术服务机构检测工作规范-安监总厅安健〔2016〕9号.docx
,职业卫生技术服务机构检测工作规范安监总厅安健（2016）9号,职业健康,.doc,法律标准\法律法规\职业健康法律法规\职业卫生技术服务机构检测工作规范安监总厅安健（2016）9号.doc
,职业卫生技术服务机构检测工作规范安监总厅安健（2016）9号,职业健康,.docx,法律标准\法律法规\职业健康法律法规\职业卫生技术服务机构检测工作规范安监总厅安健（2016）9号.docx
,职业卫生技术服务机构监督管理暂行办法-安监总局令[2012]50号令,职业健康,.pdf,法律标准\法律法规\职业健康法律法规\职业卫生技术服务机构监督管理暂行办法-安监总局令[2012]50号令.PDF
,职业卫生档案管理规范-安监总厅安健〔2013〕171号,职业健康,.doc,法律标准\法律法规\职业健康法律法规\职业卫生档案管理规范-安监总厅安健〔2013〕171号.doc
,职业卫生档案管理规范-安监总厅安健〔2013〕171号,职业健康,.docx,法律标准\法律法规\职业健康法律法规\职业卫生档案管理规范-安监总厅安健〔2013〕171号.docx
,职业卫生相关行业文件,职业健康,.doc,法律标准\法律法规\职业健康法律法规\职业卫生相关行业文件.doc
,职业卫生相关行业文件,职业健康,.docx,法律标准\法律法规\职业健康法律法规\职业卫生相关行业文件.docx
,职业危害告知牌,职业健康,.doc,法律标准\标准\职业卫生\职业危害告知牌.doc
,职业危害告知牌,职业健康,.docx,法律标准\标准\职业卫生\职业危害告知牌.docx
,职业危害告知牌2013新版样本,职业健康,.doc,法律标准\标准\职业卫生\职业危害告知牌2013新版样本.doc
,职业危害告知牌2013新版样本,职业健康,.docx,法律标准\标准\职业卫生\职业危害告知牌2013新版样本.docx
,职业危害因素接触限值,职业健康,.doc,法律标准\标准\职业卫生\有害因素限值\职业危害因素接触限值.doc
,职业危害因素接触限值,职业健康,.docx,法律标准\标准\职业卫生\有害因素限值\职业危害因素接触限值.docx
,职业接触限值及其应用-陈为红 (1),职业健康,.ppt,法律标准\法律法规\其他参考\职业接触限值及其应用-陈为红 (1).ppt
,职业病分类和目录(2013版)-国卫疾控发〔2013〕48号,职业健康,.doc,法律标准\法律法规\职业健康法律法规\职业病分类和目录(2013版)-国卫疾控发〔2013〕48号.doc
,职业病分类和目录(2013版)-国卫疾控发〔2013〕48号,职业健康,.docx,法律标准\法律法规\职业健康法律法规\职业病分类和目录(2013版)-国卫疾控发〔2013〕48号.docx
,职业病危害事故调查处理办法-卫生部[2002]25号令,职业健康,.doc,法律标准\法律法规\职业健康法律法规\职业病危害事故调查处理办法-卫生部[2002]25号令.doc
,职业病危害事故调查处理办法-卫生部[2002]25号令,职业健康,.docx,法律标准\法律法规\职业健康法律法规\职业病危害事故调查处理办法-卫生部[2002]25号令.docx
,职业病危害分类目录,职业健康,.doc,法律标准\标准\新建文件夹\职业病危害分类目录.doc
,职业病危害分类目录,职业健康,.docx,法律标准\标准\新建文件夹\职业病危害分类目录.docx
,职业病危害因素分类目录-国卫疾控发〔2015〕92号,职业健康,.doc,法律标准\法律法规\职业健康法律法规\职业病危害因素分类目录-国卫疾控发〔2015〕92号.doc
,职业病危害因素分类目录-国卫疾控发〔2015〕92号,职业健康,.docx,法律标准\法律法规\职业健康法律法规\职业病危害因素分类目录-国卫疾控发〔2015〕92号.docx
,职业病危害因素分类目录2015.11.17,职业健康,.docx,法律标准\标准\新建文件夹\职业病危害因素分类目录2015.11.17.docx
,职业病危害因素检测报告指导意见,职业健康,.docx,法律标准\法律法规\职业健康法律法规\职业病危害因素检测报告指导意见.docx
,职业病危害因素检测收费指导意见(试行)-中职技分〔2015〕4号,职业健康,.doc,法律标准\法律法规\职业健康法律法规\职业病危害因素检测收费指导意见(试行)-中职技分〔2015〕4号.doc
,职业病危害因素检测收费指导意见(试行)-中职技分〔2015〕4号,职业健康,.docx,法律标准\法律法规\职业健康法律法规\职业病危害因素检测收费指导意见(试行)-中职技分〔2015〕4号.docx
,职业病危害项目申报办法-安监总局令[2012]48号令,职业健康,.pdf,法律标准\法律法规\职业健康法律法规\职业病危害项目申报办法-安监总局令[2012]48号令.PDF
,职业病诊断与鉴定管理办法-卫生部令[2013]91号,职业健康,.doc,法律标准\法律法规\职业健康法律法规\职业病诊断与鉴定管理办法-卫生部令[2013]91号.doc
,职业病诊断与鉴定管理办法-卫生部令[2013]91号,职业健康,.docx,法律标准\法律法规\职业健康法律法规\职业病诊断与鉴定管理办法-卫生部令[2013]91号.docx
,防暑降温措施管理办法-安监总安健〔2012〕89号,职业健康,.doc,法律标准\法律法规\职业健康法律法规\防暑降温措施管理办法-安监总安健〔2012〕89号.doc
,防暑降温措施管理办法-安监总安健〔2012〕89号,职业健康,.docx,法律标准\法律法规\职业健康法律法规\防暑降温措施管理办法-安监总安健〔2012〕89号.docx
,阻燃防护服的技术知识,职业健康,.doc,法律标准\标准\参考资料\阻燃防护服的技术知识.doc
,阻燃防护服的技术知识,职业健康,.docx,法律标准\标准\参考资料\阻燃防护服的技术知识.docx
,高毒物品目录-2003,职业健康,.doc,法律标准\法律法规\职业健康法律法规\高毒物品目录-2003.doc
,高毒物品目录-2003,职业健康,.docx,法律标准\法律法规\职业健康法律法规\高毒物品目录-2003.docx
GB10827,GB 10827-1989 机动工业车辆 安全规范,道路交通,.pdf,法律标准\标准\道路交通\GB 10827-1989 机动工业车辆 安全规范.pdf
GB10827.1,GB 10827.1-2014 工业车辆 安全要求和验证 第1部分 自行式工业车辆（除无人驾驶车辆伸缩臂式叉车和载运车）,道路交通,.rar,法律标准\标准\设备设施\其他\GB 10827.1-2014 工业车辆 安全要求和验证 第1部分 自行式工业车辆（除无人驾驶车辆伸缩臂式叉车和载运车）.rar
GB10827.1,GB 10827.1-2014 工业车辆 安全要求和验证 第1部分 自行式工业车辆（除无人驾驶车辆伸缩臂式叉车和载运车）,道路交通,.pdf,法律标准\标准\道路交通\GB 10827.1-2014 工业车辆 安全要求和验证 第1部分 自行式工业车辆（除无人驾驶车辆伸缩臂式叉车和载运车）.pdf
GB13392,GB13392-2023 道路运输危险货物车辆标志 2025.4.1,道路交通,.pdf,标准（2024.3.3下载）\GB13392-2023 道路运输危险货物车辆标志 2025.4.1.pdf
GB21861,GB 21861-2008 机动车安全技术检验项目和方法,道路交通,.pdf,法律标准\标准\道路交通\GB 21861-2008 机动车安全技术检验项目和方法.pdf
GB29753,GB29753-2023 道路运输易腐食品与生物制品冷藏车安全要求及试验方法 2024.1.1实施,道路交通,.pdf,标准（2024.3.3下载）\GB29753-2023 道路运输易腐食品与生物制品冷藏车安全要求及试验方法 2024.1.1实施.pdf
GB4387,GB 4387-2008 工业企业厂内铁路、道路运输安全规程,道路交通,.rar,新标准\标准\GB 4387-2008 工业企业厂内铁路、道路运输安全规程.rar
GB4387,GB 4387-2008 工业企业厂内铁路、道路运输安全规程,道路交通,.pdf,法律标准\标准\道路交通\GB 4387-2008 工业企业厂内铁路、道路运输安全规程.pdf
GB4387,GB 4387-2008 工业企业厂内铁路、道路运输安全规程,道路交通,.xdf,法律标准\标准\道路交通\GB 4387-2008 工业企业厂内铁路、道路运输安全规程.xdf
GB4387,GB 4387-2008工业企业厂内铁路、道路运输安全规程,道路交通,.xdf,法律标准\标准\污水\GB 4387-2008工业企业厂内铁路、道路运输安全规程.xdf
GB4387,工业企业厂内铁路、道路运输安全（GB4387-2008）,道路交通,.xdf,法律标准\标准\道路交通\工业企业厂内铁路、道路运输安全（GB4387-2008）.xdf
GB5768,GB 5768-1999 道路交通标志和标线,道路交通,.doc,法律标准\标准\道路交通\GB 5768-1999 道路交通标志和标线.doc
GB5768,GB 5768-1999 道路交通标志和标线,道路交通,.docx,法律标准\标准\道路交通\GB 5768-1999 道路交通标志和标线.docx
GB5768.1,GB 5768.1-2009 道路交通标志和标线 第1部分：总则,道路交通,.pdf,法律标准\标准\道路交通\GB 5768.1-2009 道路交通标志和标线 第1部分：总则.pdf
GB5768.2,GB 5768.2-2009 道路交通标志和标线 第2部分：道路交通标志,道路交通,.pdf,法律标准\标准\道路交通\GB 5768.2-2009 道路交通标志和标线 第2部分：道路交通标志.pdf
GB5768.3,GB 5768.3-2009 道路交通标志和标线 第3部分：道路交通标线,道路交通,.pdf,法律标准\标准\道路交通\GB 5768.3-2009 道路交通标志和标线 第3部分：道路交通标线.pdf
GB7258,GB 7258-2012 机动车运行安全技术条件,道路交通,.pdf,法律标准\标准\道路交通\GB 7258-2012 机动车运行安全技术条件.pdf
GBJ22,厂矿道路设计规范(GBJ22-87),道路交通,.pdf,法律标准\标准\道路交通\厂矿道路设计规范(GBJ22-87).pdf
GBT16178,GBT 16178-2011 场（厂）内机动车辆安全检验技术要求,道路交通,.rar,新标准\标准\GBT 16178-2011 场（厂）内机动车辆安全检验技术要求.rar
GBT6104,GBT 6104 机动工业车辆术语,道路交通,.rar,法律标准\标准\设备设施\其他\GBT 6104 机动工业车辆术语.rar
GBZ18333.1,GBZ 18333.1-2001 电动道路车辆用锂离子蓄电池,道路交通,.pdf,电池\GBZ 18333.1-2001 电动道路车辆用锂离子蓄电池.pdf
GB_T10827.6,GB_T 10827.6-2023 工业车辆 安全要求和验证 第6部分：货物及人员载运车,道路交通,.pdf,补充标准\GB_T 10827.6-2023 工业车辆 安全要求和验证 第6部分：货物及人员载运车.pdf
GB_T36507,GB_T 36507-2023 工业车辆 使用、操作与维护安全规范,道路交通,.pdf,补充标准\GB_T 36507-2023 工业车辆 使用、操作与维护安全规范.pdf
TSG81,TSG 81-2022 场(厂)内专用机动车辆安全技术规程,道路交通,.pdf,安全标准\TSG 81-2022 场(厂)内专用机动车辆安全技术规程.pdf
,1工业和信息化部 科技部 环境保护部 交通运输部 商务部 质检总局 能源局关于印发,道路交通,.docx,锂电池资料\电池\1工业和信息化部 科技部 环境保护部 交通运输部 商务部 质检总局 能源局关于印发.docx
,2015中华人民共和国道路交通安全法,道路交通,.doc,法律标准\法律法规\交通\2015中华人民共和国道路交通安全法.doc
,2015中华人民共和国道路交通安全法,道路交通,.docx,法律标准\法律法规\交通\2015中华人民共和国道路交通安全法.docx
,GBJ 22-1987 厂矿道路设计规范,道路交通,.xdf,法律标准\标准\道路交通\GBJ 22-1987 厂矿道路设计规范.xdf
,GBJ 22-1987 厂矿道路设计规范(附条文说明),道路交通,.rar,新标准\标准\GBJ 22-1987 厂矿道路设计规范(附条文说明).rar
,GBJ 22-1987 厂矿道路设计规范(附条文说明),道路交通,.pdf,法律标准\标准\安全管理\设计\GBJ 22-1987 厂矿道路设计规范(附条文说明).pdf
,GBJ 22-87 厂矿道路设计规范,道路交通,.xdf,法律标准\标准\污水\GBJ 22-87 厂矿道路设计规范.xdf
,T_CCMA 0110-2020 工业车辆 非车载传导式充电机,道路交通,.pdf,111111\T_CCMA 0110-2020 工业车辆 非车载传导式充电机.pdf
,中华人民共和国公路管理条例2009,道路交通,.doc,法律标准\法律法规\交通\中华人民共和国公路管理条例2009.doc
,中华人民共和国公路管理条例2009,道路交通,.docx,法律标准\法律法规\交通\中华人民共和国公路管理条例2009.docx
,中华人民共和国道路交通安全法实施条例2004,道路交通,.doc,法律标准\法律法规\交通\中华人民共和国道路交通安全法实施条例2004.doc
,中华人民共和国道路交通安全法实施条例2004,道路交通,.docx,法律标准\法律法规\交通\中华人民共和国道路交通安全法实施条例2004.docx
,中华人民共和国道路运输条例2004,道路交通,.doc,法律标准\法律法规\交通\中华人民共和国道路运输条例2004.doc
,中华人民共和国道路运输条例2004,道路交通,.docx,法律标准\法律法规\交通\中华人民共和国道路运输条例2004.docx
,中国石油天然气集团公司公司交通安全管理办法,道路交通,.doc,法律标准\法律法规\集团规章\中国石油天然气集团公司公司交通安全管理办法.doc
,中国石油天然气集团公司公司交通安全管理办法,道路交通,.docx,法律标准\法律法规\集团规章\中国石油天然气集团公司公司交通安全管理办法.docx
,中国石油天然气集团公司道路交通安全管理办法-中油安[2015]367号,道路交通,.doc,法律标准\法律法规\集团规章\中国石油天然气集团公司道路交通安全管理办法-中油安[2015]367号.doc
,中国石油天然气集团公司道路交通安全管理办法-中油安[2015]367号,道路交通,.docx,法律标准\法律法规\集团规章\中国石油天然气集团公司道路交通安全管理办法-中油安[2015]367号.docx
,公路安全保护条例2011,道路交通,.docx,法律标准\法律法规\交通\公路安全保护条例2011.docx
,公路安全保护条例国务院593号令,道路交通,.xdf,法律标准\标准\道路交通\公路安全保护条例国务院593号令.xdf
,工业和信息化部 科技部 环境保护部 交通运输部 商务部 质检总局 能源局关于印发,道路交通,.docx,锂电池资料\电池\工业和信息化部 科技部 环境保护部 交通运输部 商务部 质检总局 能源局关于印发.docx
,工业车辆安全要求,道路交通,.pdf,新标准\工业车辆安全要求.pdf
,电力设施保护条例,道路交通,.docx,法律标准\标准\道路交通\电力设施保护条例.docx
,通运输部关于修改《道路危险货物运输管理规定》的决定,道路交通,.docx,111111\通运输部关于修改《道路危险货物运输管理规定》的决定.docx
,道路修建路径及塔基,道路交通,.zip,新标准\电力线路\工程设计\道路修建路径及塔基.zip
,铁路安全管理条例,道路交通,.doc,法律标准\标准\道路交通\铁路安全管理条例.doc
,铁路安全管理条例,道路交通,.docx,法律标准\标准\道路交通\铁路安全管理条例.docx
AQ3025,AQ 3025-2008 化学品生产单位高处作业安全规范,高处作业,.pdf,法律标准\标准\化学品\AQ 3025-2008 化学品生产单位高处作业安全规范.pdf
AQ3025,AQ3025—2008__化学品生产单位高处作业安全规范（48）,高处作业,.xdf,法律标准\标准\安全管理\AQ3025—2008__化学品生产单位高处作业安全规范（48）.xdf
GB19155,GB 19155-2003 高处作业吊兰,高处作业,.pdf,法律标准\标准\设备设施\其他\GB 19155-2003 高处作业吊兰.pdf
GB23468,GB 23468-2009 坠落防护装备安全使用规范,高处作业,.pdf,法律标准\标准\职业卫生\GB 23468-2009 坠落防护装备安全使用规范.pdf
GB24542,GB24542-2023 坠落防护 带刚性导轨的自锁器 2025.1.1实施,高处作业,.pdf,标准（2024.3.3下载）\GB24542-2023 坠落防护 带刚性导轨的自锁器 2025.1.1实施.pdf
GB3608,《高处作业分级》（GB3608-2025）,高处作业,.pdf,安全标准\《高处作业分级》（GB3608-2025）.pdf
GB42297,GB42297-2022坠落防护装备通用技术规范2024.1.1实施,高处作业,.pdf,标准（2024.3.3下载）\GB42297-2022坠落防护装备通用技术规范2024.1.1实施.pdf
GB5725,《GB 5725-2025坠落防护 安全网》（GB5725-2025）,高处作业,.pdf,安全标准\《GB 5725-2025坠落防护 安全网》（GB5725-2025）.pdf
GBT3608,GBT 3608-2008 高处作业分级,高处作业,.pdf,法律标准\标准\安全管理\GBT 3608-2008 高处作业分级.pdf
,HG 23014-1999 厂区高处作业安全规程,高处作业,.pdf,法律标准\标准\安全管理\HG 23014-1999 厂区高处作业安全规程.pdf
,JGJ 166-2008 建筑施工碗扣式脚手架安全技术规范,高处作业,.pdf,法律标准\标准\建筑施工\JGJ 166-2008 建筑施工碗扣式脚手架安全技术规范.pdf
,JGJ 80-91 建筑施工高处作业安全技术规范,高处作业,.doc,法律标准\标准\建筑施工\JGJ 80-91 建筑施工高处作业安全技术规范.doc
,JGJ 80-91 建筑施工高处作业安全技术规范,高处作业,.docx,法律标准\标准\建筑施工\JGJ 80-91 建筑施工高处作业安全技术规范.docx
,QSY1236-2009  高处作业安全管理规范,高处作业,.pdf,法律标准\标准\中油标准\QSY1236-2009  高处作业安全管理规范.pdf
,QSY1246-2009  脚手架作业安全管理规范,高处作业,.pdf,法律标准\标准\中油标准\QSY1246-2009  脚手架作业安全管理规范.pdf
,中国石油天然气集团公司高处作业安全管理办法-安全〔2015〕37号,高处作业,.doc,法律标准\法律法规\集团规章\中国石油天然气集团公司高处作业安全管理办法-安全〔2015〕37号.doc
,中国石油天然气集团公司高处作业安全管理办法-安全〔2015〕37号,高处作业,.docx,法律标准\法律法规\集团规章\中国石油天然气集团公司高处作业安全管理办法-安全〔2015〕37号.docx
,市安全监管局关于进一步加强高处作业安全管理的通知,高处作业,.docx,法律标准\法律法规\培训\天津所用法规\天津政策\市安全监管局关于进一步加强高处作业安全管理的通知.docx
,施工现场高处坠落应急预案桌面演练方案（6页）,高处作业,.doc,应急\2021.3.4应急演练、桌面演练、脚本、记录大全（500项）\2021.3.4应急演练、桌面演练、脚本、记录大全（500项）\应急演练方案、脚本、计划、总结大全\施工现场高处坠落应急预案桌面演练方案（6页）.doc
,施工现场高处坠落应急预案桌面演练方案（6页）,高处作业,.docx,应急\2021.3.4应急演练、桌面演练、脚本、记录大全（500项）\2021.3.4应急演练、桌面演练、脚本、记录大全（500项）\应急演练方案、脚本、计划、总结大全\施工现场高处坠落应急预案桌面演练方案（6页）.docx
,脚手架坍塌应急救援演练方案,高处作业,.docx,应急\2021.3.4应急演练、桌面演练、脚本、记录大全（500项）\2021.3.4应急演练、桌面演练、脚本、记录大全（500项）\应急演练方案、脚本、计划、总结大全\脚手架坍塌应急救援演练方案.docx
,高处作业四级,高处作业,.png,安全标准\高处作业四级.png
,高处作业安全管理技术导则,高处作业,.docx,补充标准\高处作业安全管理技术导则.docx
,高处坠落专项应急演练方案(10页）,高处作业,.doc,应急\2021.3.4应急演练、桌面演练、脚本、记录大全（500项）\2021.3.4应急演练、桌面演练、脚本、记录大全（500项）\应急演练方案、脚本、计划、总结大全\高处坠落专项应急演练方案(10页）.doc
,高处坠落专项应急演练方案(10页）,高处作业,.docx,应急\2021.3.4应急演练、桌面演练、脚本、记录大全（500项）\2021.3.4应急演练、桌面演练、脚本、记录大全（500项）\应急演练方案、脚本、计划、总结大全\高处坠落专项应急演练方案(10页）.docx
,高空坠落事故应急演练实施方案,高处作业,.doc,应急\2021.3.4应急演练、桌面演练、脚本、记录大全（500项）\2021.3.4应急演练、桌面演练、脚本、记录大全（500项）\应急演练方案、脚本、计划、总结大全\高空坠落事故应急演练实施方案.doc
,高空坠落事故应急演练实施方案,高处作业,.docx,应急\2021.3.4应急演练、桌面演练、脚本、记录大全（500项）\2021.3.4应急演练、桌面演练、脚本、记录大全（500项）\应急演练方案、脚本、计划、总结大全\高空坠落事故应急演练实施方案.docx
,高空坠落事故应急演练实施方案,高处作业,.doc,应急\2021.3.4应急演练、桌面演练、脚本、记录大全（500项）\2021.3.4应急演练、桌面演练、脚本、记录大全（500项）\应急演练方案、脚本、计划、总结大全\应急演练方案、脚本大全\高空坠落事故应急演练实施方案.doc
,高空坠落事故应急演练实施方案,高处作业,.docx,应急\2021.3.4应急演练、桌面演练、脚本、记录大全（500项）\2021.3.4应急演练、桌面演练、脚本、记录大全（500项）\应急演练方案、脚本、计划、总结大全\应急演练方案、脚本大全\高空坠落事故应急演练实施方案.docx
